date,dow,daily_rank,daily_gross,%±_yd,%±_lw,theaters,avg_per_theater,cumulative_gross,day_of_run,estimated,title
Apr 9,Monday,17,86019.0,-,-,123,699.0,2607577.0,25,False,Memento
Apr 10,Tuesday,17,97784.0,+13.7%,-,123,794.0,2705361.0,26,False,Memento
Apr 11,Wednesday,19,104051.0,+6.4%,-,123,845.0,2809412.0,27,False,Memento
Apr 12,Thursday,19,107921.0,+3.7%,-,123,877.0,2917333.0,28,False,Memento
Apr 16,Monday,16,99468.0,-,+15.6%,175,568.0,3948975.0,32,False,Memento
Apr 17,Tuesday,16,107830.0,+8.4%,+10.3%,175,616.0,4056805.0,33,False,Memento
Apr 18,Wednesday,16,105038.0,-2.6%,+0.9%,175,600.0,4161843.0,34,False,Memento
Apr 19,Thursday,16,99323.0,-5.4%,-8%,175,567.0,4199605.0,35,False,Memento
Apr 23,Monday,11,103753.0,-,+4.3%,272,381.0,5512228.0,39,False,Memento
Apr 24,Tuesday,14,114414.0,+10.3%,+6.1%,272,420.0,5626642.0,40,False,Memento
Apr 25,Wednesday,12,110552.0,-3.4%,+5.2%,272,406.0,5737194.0,41,False,Memento
Apr 26,Thursday,13,97014.0,-12.2%,-2.3%,272,356.0,5791761.0,42,False,Memento
Apr 30,Monday,13,111076.0,-,+7.1%,326,340.0,7175318.0,46,False,Memento
May 1,Tuesday,12,121640.0,+9.5%,+6.3%,326,373.0,7296958.0,47,False,Memento
May 2,Wednesday,12,112262.0,-7.7%,+1.5%,326,344.0,7409220.0,48,False,Memento
May 3,Thursday,12,104300.0,-7.1%,+7.5%,326,319.0,7475074.0,49,False,Memento
May 7,Monday,9,120041.0,-,+8.1%,411,292.0,8833710.0,53,False,Memento
May 8,Tuesday,10,136184.0,+13.4%,+12%,411,331.0,8969894.0,54,False,Memento
May 9,Wednesday,9,119802.0,-12%,+6.7%,411,291.0,9089696.0,55,False,Memento
May 10,Thursday,8,125073.0,+4.4%,+19.9%,411,304.0,9161381.0,56,False,Memento
May 14,Monday,7,142223.0,-,+18.5%,446,318.0,10524185.0,60,False,Memento
May 15,Tuesday,8,155139.0,+9.1%,+13.9%,446,347.0,10679324.0,61,False,Memento
May 16,Wednesday,8,137230.0,-11.5%,+14.5%,446,307.0,10816554.0,62,False,Memento
May 17,Thursday,8,145061.0,+5.7%,+16%,445,325.0,10907274.0,63,False,Memento
May 21,Monday,9,167294.0,-,+17.6%,484,345.0,12354859.0,67,False,Memento
May 22,Tuesday,9,160851.0,-3.9%,+3.7%,484,332.0,12515710.0,68,False,Memento
May 23,Wednesday,9,153879.0,-4.3%,+12.1%,484,317.0,12669589.0,69,False,Memento
May 24,Thursday,9,140793.0,-8.5%,-2.9%,484,290.0,12564650.0,70,False,Memento
May 28Memorial Day,Monday,8,407698.0,-,+143.7%,531,767.0,14540658.0,74,False,Memento
May 29,Tuesday,7,157436.0,-61.4%,-2.1%,531,296.0,14698094.0,75,False,Memento
May 30,Wednesday,7,140305.0,-10.9%,-8.8%,531,264.0,14838399.0,76,False,Memento
May 31,Thursday,8,138506.0,-1.3%,-1.6%,531,260.0,14960995.0,77,False,Memento
Jun 4,Monday,10,120531.0,-,-70.4%,479,251.0,16172088.0,81,False,Memento
Jun 5,Tuesday,10,132213.0,+9.7%,-16%,479,276.0,16304301.0,82,False,Memento
Jun 6,Wednesday,10,117273.0,-11.3%,-16.4%,479,244.0,16421574.0,83,False,Memento
Jun 7,Thursday,10,114029.0,-2.8%,-17.7%,479,238.0,16530723.0,84,False,Memento
Jun 11,Monday,11,102969.0,-,-14.6%,452,227.0,17374696.0,88,False,Memento
Jun 12,Tuesday,11,112470.0,+9.2%,-14.9%,452,248.0,17487166.0,89,False,Memento
Jun 13,Wednesday,11,92787.0,-17.5%,-20.9%,452,205.0,17579953.0,90,False,Memento
Jun 14,Thursday,11,113064.0,+21.9%,-0.8%,452,250.0,17691400.0,91,False,Memento
Jun 25,Monday,13,93457.0,-,-,326,286.0,19667579.0,102,False,Memento
Jun 26,Tuesday,13,35339.0,-62.2%,-,326,108.0,19702918.0,103,False,Memento
Jun 27,Wednesday,14,89969.0,+154.6%,-,326,275.0,19792887.0,104,False,Memento
Jun 28,Thursday,14,97939.0,+8.9%,-,326,300.0,19931081.0,105,False,Memento
May 24,Friday,3,6039423.0,-,-,2610,2313.0,6039423.0,1,False,Insomnia
May 25,Saturday,3,7792648.0,+29%,-,2610,2985.0,13832071.0,2,False,Insomnia
May 26,Sunday,3,7098098.0,-8.9%,-,2610,2719.0,20930169.0,3,False,Insomnia
May 27Memorial Day,Monday,4,5138250.0,-27.6%,-,2610,1968.0,26068419.0,4,False,Insomnia
May 28,Tuesday,3,1972261.0,-61.6%,-,2610,755.0,28040680.0,5,False,Insomnia
May 29,Wednesday,3,1804352.0,-8.5%,-,2610,691.0,29845032.0,6,False,Insomnia
May 30,Thursday,3,1822449.0,+1%,-,2610,698.0,31667481.0,7,False,Insomnia
May 31World Cup (Korea/Japan),Friday,6,2779479.0,+52.5%,-54%,2610,1064.0,34446960.0,8,False,Insomnia
Jun 1World Cup (Korea/Japan),Saturday,6,4517538.0,+62.5%,-42%,2610,1730.0,38964498.0,9,False,Insomnia
Jun 2World Cup (Korea/Japan),Sunday,6,2648304.0,-41.4%,-62.7%,2610,1014.0,41612802.0,10,False,Insomnia
Jun 3World Cup (Korea/Japan),Monday,6,1077457.0,-59.3%,-79%,2610,412.0,42690259.0,11,False,Insomnia
Jun 4World Cup (Korea/Japan),Tuesday,5,1142256.0,+6%,-42.1%,2610,437.0,43832515.0,12,False,Insomnia
Jun 5World Cup (Korea/Japan),Wednesday,5,1038355.0,-9.1%,-42.5%,2610,397.0,44870870.0,13,False,Insomnia
Jun 6World Cup (Korea/Japan),Thursday,6,1024160.0,-1.4%,-43.8%,2610,392.0,45895030.0,14,False,Insomnia
Jun 7World Cup (Korea/Japan),Friday,8,1913391.0,+86.8%,-31.2%,2458,778.0,47808421.0,15,False,Insomnia
Jun 8World Cup (Korea/Japan),Saturday,8,2421220.0,+26.5%,-46.4%,2458,985.0,50229641.0,16,False,Insomnia
Jun 9World Cup (Korea/Japan),Sunday,8,1787867.0,-26.2%,-32.5%,2458,727.0,52017508.0,17,False,Insomnia
Jun 10World Cup (Korea/Japan),Monday,8,673963.0,-62.3%,-37.4%,2458,274.0,52691471.0,18,False,Insomnia
Jun 11World Cup (Korea/Japan),Tuesday,8,789259.0,+17.1%,-30.9%,2458,321.0,53480730.0,19,False,Insomnia
Jun 12World Cup (Korea/Japan),Wednesday,8,702696.0,-11%,-32.3%,2458,285.0,54183426.0,20,False,Insomnia
Jun 13World Cup (Korea/Japan),Thursday,8,715235.0,+1.8%,-30.2%,2458,290.0,54898661.0,21,False,Insomnia
Jun 14World Cup (Korea/Japan),Friday,11,1036776.0,+45%,-45.8%,1929,537.0,55935437.0,22,False,Insomnia
Jun 15World Cup (Korea/Japan),Saturday,11,1541288.0,+48.7%,-36.3%,1929,799.0,57476725.0,23,False,Insomnia
Jun 16World Cup (Korea/Japan),Sunday,11,911357.0,-40.9%,-49%,1929,472.0,58388082.0,24,False,Insomnia
Jun 17World Cup (Korea/Japan),Monday,11,392489.0,-56.9%,-41.8%,1929,203.0,58780571.0,25,False,Insomnia
Jun 18World Cup (Korea/Japan),Tuesday,11,438396.0,+11.7%,-44.5%,1929,227.0,59218967.0,26,False,Insomnia
Jun 19World Cup (Korea/Japan),Wednesday,11,387389.0,-11.6%,-44.9%,1929,200.0,59606356.0,27,False,Insomnia
Jun 20World Cup (Korea/Japan),Thursday,11,377202.0,-2.6%,-47.3%,1929,195.0,59983558.0,28,False,Insomnia
Jun 21World Cup (Korea/Japan),Friday,14,513730.0,+36.2%,-50.4%,1343,382.0,60497288.0,29,False,Insomnia
Jun 22World Cup (Korea/Japan),Saturday,14,742906.0,+44.6%,-51.8%,1343,553.0,61240194.0,30,False,Insomnia
Jun 23World Cup (Korea/Japan),Sunday,14,511842.0,-31.1%,-43.8%,1343,381.0,61752036.0,31,False,Insomnia
Jun 24World Cup (Korea/Japan),Monday,14,202215.0,-60.5%,-48.5%,1343,150.0,61954251.0,32,False,Insomnia
Jun 25World Cup (Korea/Japan),Tuesday,14,213083.0,+5.4%,-51.4%,1343,158.0,62167334.0,33,False,Insomnia
Jun 26World Cup (Korea/Japan),Wednesday,14,218280.0,+2.4%,-43.7%,1343,162.0,62385614.0,34,False,Insomnia
Jun 27World Cup (Korea/Japan),Thursday,14,219498.0,+0.6%,-41.8%,1343,163.0,62605112.0,35,False,Insomnia
Jun 28World Cup (Korea/Japan),Friday,13,315598.0,+43.8%,-38.6%,866,364.0,62920710.0,36,False,Insomnia
Jun 29World Cup (Korea/Japan),Saturday,13,459698.0,+45.7%,-38.1%,866,530.0,63380408.0,37,False,Insomnia
Jun 30World Cup (Korea/Japan),Sunday,13,325949.0,-29.1%,-36.3%,866,376.0,63706357.0,38,False,Insomnia
Jul 1,Monday,12,158386.0,-51.4%,-21.7%,866,182.0,63864743.0,39,False,Insomnia
Jul 2,Tuesday,12,165444.0,+4.5%,-22.4%,866,191.0,64030187.0,40,False,Insomnia
Jul 3,Wednesday,15,124272.0,-24.9%,-43.1%,575,216.0,64154459.0,41,False,Insomnia
Jul 4Independence Day,Thursday,15,155323.0,+25%,-29.2%,575,270.0,64309782.0,42,False,Insomnia
Jul 5,Friday,14,239348.0,+54.1%,-24.2%,460,520.0,64549130.0,43,False,Insomnia
Jul 6,Saturday,14,304173.0,+27.1%,-33.8%,460,661.0,64853303.0,44,False,Insomnia
Jul 7,Sunday,14,188374.0,-38.1%,-42.2%,460,409.0,65041677.0,45,False,Insomnia
Jul 8,Monday,14,81495.0,-56.7%,-48.5%,460,177.0,65123172.0,46,False,Insomnia
Jul 9,Tuesday,14,99378.0,+21.9%,-39.9%,460,216.0,65222550.0,47,False,Insomnia
Jul 10,Wednesday,14,94101.0,-5.3%,-24.3%,460,204.0,65316651.0,48,False,Insomnia
Jul 11,Thursday,14,91562.0,-2.7%,-41.1%,460,199.0,65408213.0,49,False,Insomnia
Jul 12,Friday,17,97683.0,+6.7%,-59.2%,271,360.0,65505896.0,50,False,Insomnia
Jul 13,Saturday,17,141898.0,+45.3%,-53.3%,271,523.0,65647794.0,51,False,Insomnia
Jul 14,Sunday,17,94465.0,-33.4%,-49.9%,271,348.0,65742259.0,52,False,Insomnia
Jul 15,Monday,17,38369.0,-59.4%,-52.9%,271,141.0,65780628.0,53,False,Insomnia
Jul 16,Tuesday,17,46385.0,+20.9%,-53.3%,271,171.0,65827013.0,54,False,Insomnia
Jul 17,Wednesday,18,37730.0,-18.7%,-59.9%,271,139.0,65864743.0,55,False,Insomnia
Jul 18,Thursday,18,35938.0,-4.7%,-60.8%,271,132.0,65900681.0,56,False,Insomnia
Jul 19,Friday,17,46329.0,+28.9%,-52.6%,156,296.0,65947010.0,57,False,Insomnia
Jul 20,Saturday,17,65856.0,+42.1%,-53.6%,156,422.0,66012866.0,58,False,Insomnia
Jul 21,Sunday,17,45366.0,-31.1%,-52%,156,290.0,66058232.0,59,False,Insomnia
Jul 22,Monday,17,23238.0,-48.8%,-39.4%,156,148.0,66081470.0,60,False,Insomnia
Jul 23,Tuesday,17,28984.0,+24.7%,-37.5%,156,185.0,66110454.0,61,False,Insomnia
Jul 24,Wednesday,18,22881.0,-21.1%,-39.4%,156,146.0,66133335.0,62,False,Insomnia
Jul 25,Thursday,19,18303.0,-20%,-49.1%,156,117.0,66151638.0,63,False,Insomnia
Jul 26,Friday,17,26705.0,+45.9%,-42.4%,122,218.0,66178343.0,64,False,Insomnia
Jul 27,Saturday,18,39057.0,+46.3%,-40.7%,122,320.0,66217400.0,65,False,Insomnia
Jul 28,Sunday,19,26804.0,-31.4%,-40.9%,122,219.0,66244204.0,66,False,Insomnia
Jul 29,Monday,19,12209.0,-54.5%,-47.5%,122,100.0,66256413.0,67,False,Insomnia
Jul 30,Tuesday,19,14107.0,+15.5%,-51.3%,122,115.0,66270520.0,68,False,Insomnia
Jul 31,Wednesday,19,13780.0,-2.3%,-39.8%,122,112.0,66284300.0,69,False,Insomnia
Aug 1,Thursday,19,12660.0,-8.1%,-30.8%,122,103.0,66296960.0,70,False,Insomnia
Aug 2,Friday,22,41854.0,+230.6%,+56.7%,305,137.0,66338814.0,71,False,Insomnia
Aug 3,Saturday,22,55786.0,+33.3%,+42.8%,305,182.0,66394600.0,72,False,Insomnia
Aug 4,Sunday,22,44834.0,-19.6%,+67.3%,305,146.0,66439434.0,73,False,Insomnia
Aug 5,Monday,21,29049.0,-35.2%,+137.9%,305,95.0,66468483.0,74,False,Insomnia
Aug 6,Tuesday,21,31564.0,+8.7%,+123.7%,305,103.0,66500047.0,75,False,Insomnia
Aug 7,Wednesday,23,27385.0,-13.2%,+98.7%,305,89.0,66527432.0,76,False,Insomnia
Aug 8,Thursday,23,24462.0,-10.7%,+93.2%,305,80.0,66551894.0,77,False,Insomnia
Aug 9,Friday,25,34229.0,+39.9%,-18.2%,248,138.0,66586123.0,78,False,Insomnia
Aug 10,Saturday,25,43293.0,+26.5%,-22.4%,248,174.0,66629416.0,79,False,Insomnia
Aug 11,Sunday,25,33824.0,-21.9%,-24.6%,248,136.0,66663240.0,80,False,Insomnia
Aug 12,Monday,25,18723.0,-44.6%,-35.5%,248,75.0,66681963.0,81,False,Insomnia
Aug 13,Tuesday,25,22324.0,+19.2%,-29.3%,248,90.0,66704287.0,82,False,Insomnia
Aug 14,Wednesday,25,17900.0,-19.8%,-34.6%,248,72.0,66722187.0,83,False,Insomnia
Aug 15,Thursday,25,19028.0,+6.3%,-22.2%,248,76.0,66741215.0,84,False,Insomnia
Aug 16,Friday,23,32448.0,+70.5%,-5.2%,190,170.0,66773663.0,85,False,Insomnia
Aug 17,Saturday,23,43250.0,+33.3%,<0.1%,190,227.0,66816913.0,86,False,Insomnia
Aug 18,Sunday,23,28269.0,-34.6%,-16.4%,190,148.0,66845182.0,87,False,Insomnia
Aug 19,Monday,21,16815.0,-40.5%,-10.2%,190,88.0,66861997.0,88,False,Insomnia
Aug 20,Tuesday,21,15578.0,-7.4%,-30.2%,190,81.0,66877575.0,89,False,Insomnia
Aug 21,Wednesday,22,14818.0,-4.9%,-17.2%,190,77.0,66892393.0,90,False,Insomnia
Aug 22,Thursday,22,14687.0,-0.9%,-22.8%,190,77.0,66907080.0,91,False,Insomnia
Aug 23,Friday,28,29530.0,+101.1%,-9%,173,170.0,66936610.0,92,False,Insomnia
Aug 24,Saturday,28,38740.0,+31.2%,-10.4%,173,223.0,66975350.0,93,False,Insomnia
Aug 25,Sunday,28,25645.0,-33.8%,-9.3%,173,148.0,67000995.0,94,False,Insomnia
Aug 26,Monday,27,10089.0,-60.7%,-40%,173,58.0,67011084.0,95,False,Insomnia
Aug 27,Tuesday,27,13076.0,+29.6%,-16.1%,173,75.0,67024160.0,96,False,Insomnia
Aug 28,Wednesday,27,11943.0,-8.7%,-19.4%,173,69.0,67036103.0,97,False,Insomnia
Aug 29,Thursday,27,11396.0,-4.6%,-22.4%,173,65.0,67047499.0,98,False,Insomnia
Aug 30,Friday,29,15172.0,+33.1%,-48.6%,83,182.0,67062671.0,99,False,Insomnia
Aug 31,Saturday,29,19717.0,+30%,-49.1%,83,237.0,67082388.0,100,False,Insomnia
Sep 1,Sunday,29,19763.0,+0.2%,-22.9%,83,238.0,67102151.0,101,False,Insomnia
Sep 2Labor Day,Monday,29,12998.0,-34.2%,+28.8%,83,156.0,67115149.0,102,False,Insomnia
Sep 3,Tuesday,27,7523.0,-42.1%,-42.5%,83,90.0,67122672.0,103,False,Insomnia
Sep 4,Wednesday,22,6982.0,-7.2%,-41.5%,83,84.0,67129654.0,104,False,Insomnia
Sep 5,Thursday,21,6968.0,-0.2%,-38.9%,83,83.0,67136622.0,105,False,Insomnia
Sep 6,Friday,28,14075.0,+102%,-7.2%,72,195.0,67150697.0,106,False,Insomnia
Sep 7,Saturday,28,17667.0,+25.5%,-10.4%,72,245.0,67168364.0,107,False,Insomnia
Sep 8,Sunday,28,12741.0,-27.9%,-35.5%,72,176.0,67181105.0,108,False,Insomnia
Sep 9,Monday,27,3954.0,-69%,-69.6%,72,54.0,67185059.0,109,False,Insomnia
Sep 10,Tuesday,27,4108.0,+3.9%,-45.4%,72,57.0,67189167.0,110,False,Insomnia
Sep 11,Wednesday,27,3940.0,-4.1%,-43.6%,72,54.0,67193107.0,111,False,Insomnia
Sep 12,Thursday,27,4505.0,+14.3%,-35.3%,72,62.0,67197612.0,112,False,Insomnia
Sep 13,Friday,31,9060.0,+101.1%,-35.6%,50,181.0,67206672.0,113,False,Insomnia
Sep 14,Saturday,31,13329.0,+47.1%,-24.6%,50,266.0,67220001.0,114,False,Insomnia
Sep 15,Sunday,31,8568.0,-35.7%,-32.8%,50,171.0,67228569.0,115,False,Insomnia
Sep 16,Monday,27,3117.0,-63.6%,-21.2%,50,62.0,67231686.0,116,False,Insomnia
Sep 17,Tuesday,27,4020.0,+29%,-2.1%,50,80.0,67235706.0,117,False,Insomnia
Sep 18,Wednesday,27,3842.0,-4.4%,-2.5%,50,76.0,67239548.0,118,False,Insomnia
Sep 19,Thursday,26,4523.0,+17.7%,+0.4%,50,90.0,67244071.0,119,False,Insomnia
Sep 20,Friday,34,6403.0,+41.6%,-29.3%,33,194.0,67250474.0,120,False,Insomnia
Sep 21,Saturday,35,7648.0,+19.4%,-42.6%,33,231.0,67258122.0,121,False,Insomnia
Sep 22,Sunday,35,5060.0,-33.8%,-40.9%,33,153.0,67263182.0,122,False,Insomnia
Sep 23,Monday,31,1768.0,-65.1%,-43.3%,33,53.0,67264950.0,123,False,Insomnia
Sep 24,Tuesday,31,2121.0,+20%,-47.2%,33,64.0,67267071.0,124,False,Insomnia
Sep 25,Wednesday,31,3172.0,+49.6%,-17.4%,33,96.0,67270243.0,125,False,Insomnia
Sep 26,Thursday,31,3834.0,+20.9%,-15.2%,33,116.0,67274077.0,126,False,Insomnia
Jun 15,Wednesday,1,15068368.0,-,-,3718,4052.0,15068368.0,1,False,Batman Begins
Jun 16,Thursday,1,9083178.0,-39.7%,-,3718,2443.0,24151546.0,2,False,Batman Begins
Jun 17,Friday,1,15072242.0,+65.9%,-,3858,3906.0,39223788.0,3,False,Batman Begins
Jun 18,Saturday,1,18017047.0,+19.5%,-,3858,4670.0,57240835.0,4,False,Batman Begins
Jun 19,Sunday,1,15656151.0,-13.1%,-,3858,4058.0,72896986.0,5,False,Batman Begins
Jun 20,Monday,1,6627412.0,-57.7%,-,3858,1717.0,79524398.0,6,False,Batman Begins
Jun 21,Tuesday,1,5404419.0,-18.5%,-,3858,1400.0,84928817.0,7,False,Batman Begins
Jun 22,Wednesday,1,5518167.0,+2.1%,-63.4%,3858,1430.0,90446984.0,8,False,Batman Begins
Jun 23,Thursday,1,4475440.0,-18.9%,-50.7%,3858,1160.0,94922424.0,9,False,Batman Begins
Jun 24,Friday,1,8269743.0,+84.8%,-45.1%,3858,2143.0,103192167.0,10,False,Batman Begins
Jun 25,Saturday,1,10664330.0,+29%,-40.8%,3858,2764.0,113856497.0,11,False,Batman Begins
Jun 26,Sunday,1,8655316.0,-18.8%,-44.7%,3858,2243.0,122511813.0,12,False,Batman Begins
Jun 27,Monday,1,4010038.0,-53.7%,-39.5%,3858,1039.0,126521851.0,13,False,Batman Begins
Jun 28,Tuesday,1,3727338.0,-7%,-31%,3858,966.0,130249189.0,14,False,Batman Begins
Jun 29,Wednesday,2,2574479.0,-30.9%,-53.3%,3765,683.0,132823668.0,15,False,Batman Begins
Jun 30,Thursday,2,2637269.0,+2.4%,-41.1%,3765,700.0,135460937.0,16,False,Batman Begins
Jul 1,Friday,2,4574190.0,+73.4%,-44.7%,3765,1214.0,140035127.0,17,False,Batman Begins
Jul 2,Saturday,2,5675913.0,+24.1%,-46.8%,3765,1507.0,145711040.0,18,False,Batman Begins
Jul 3,Sunday,2,5359535.0,-5.6%,-38.1%,3765,1423.0,151070575.0,19,False,Batman Begins
Jul 4Independence Day,Monday,2,3729794.0,-30.4%,-7%,3765,990.0,154800369.0,20,False,Batman Begins
Jul 5,Tuesday,2,2535317.0,-32%,-32%,3765,673.0,157335686.0,21,False,Batman Begins
Jul 6,Wednesday,2,2345292.0,-7.5%,-8.9%,3765,622.0,159680978.0,22,False,Batman Begins
Jul 7,Thursday,2,2208355.0,-5.8%,-16.3%,3765,586.0,161889333.0,23,False,Batman Begins
Jul 8,Friday,4,3054836.0,+38.3%,-33.2%,3344,913.0,164944169.0,24,False,Batman Begins
Jul 9,Saturday,3,3971110.0,+30%,-30%,3344,1187.0,168915279.0,25,False,Batman Begins
Jul 10,Sunday,3,2986498.0,-24.8%,-44.3%,3344,893.0,171901777.0,26,False,Batman Begins
Jul 11,Monday,3,1315467.0,-56%,-64.7%,3344,393.0,173217244.0,27,False,Batman Begins
Jul 12,Tuesday,3,1308408.0,-0.5%,-48.4%,3344,391.0,174525652.0,28,False,Batman Begins
Jul 13,Wednesday,3,1313457.0,+0.4%,-44%,3344,392.0,175839109.0,29,False,Batman Begins
Jul 14,Thursday,3,1266441.0,-3.6%,-42.7%,3344,378.0,177105550.0,30,False,Batman Begins
Jul 15,Friday,5,1745343.0,+37.8%,-42.9%,2810,621.0,178850893.0,31,False,Batman Begins
Jul 16,Saturday,5,2449325.0,+40.3%,-38.3%,2810,871.0,181300218.0,32,False,Batman Begins
Jul 17,Sunday,5,1840632.0,-24.9%,-38.4%,2810,655.0,183140850.0,33,False,Batman Begins
Jul 18,Monday,5,828114.0,-55%,-37%,2810,294.0,183968964.0,34,False,Batman Begins
Jul 19,Tuesday,5,836358.0,+1%,-36.1%,2810,297.0,184805322.0,35,False,Batman Begins
Jul 20,Wednesday,5,778191.0,-7%,-40.8%,2810,276.0,185583513.0,36,False,Batman Begins
Jul 21,Thursday,5,794212.0,+2.1%,-37.3%,2810,282.0,186377725.0,37,False,Batman Begins
Jul 22,Friday,9,1224147.0,+54.1%,-29.9%,2275,538.0,187601872.0,38,False,Batman Begins
Jul 23,Saturday,9,2223929.0,+81.7%,-9.2%,2275,977.0,189825801.0,39,False,Batman Begins
Jul 24,Sunday,10,1279393.0,-42.5%,-30.5%,2275,562.0,191105194.0,40,False,Batman Begins
Jul 25,Monday,10,588427.0,-54%,-28.9%,2275,258.0,191693621.0,41,False,Batman Begins
Jul 26,Tuesday,10,611375.0,+3.9%,-26.9%,2275,268.0,192304996.0,42,False,Batman Begins
Jul 27,Wednesday,9,578038.0,-5.5%,-25.7%,2275,254.0,192883034.0,43,False,Batman Begins
Jul 28,Thursday,9,544273.0,-5.8%,-31.5%,2275,239.0,193427307.0,44,False,Batman Begins
Jul 29,Friday,13,675854.0,+24.2%,-44.8%,1601,422.0,194103161.0,45,False,Batman Begins
Jul 30,Saturday,13,1011745.0,+49.7%,-54.5%,1601,631.0,195114906.0,46,False,Batman Begins
Jul 31,Sunday,13,760626.0,-24.8%,-40.5%,1601,475.0,195875532.0,47,False,Batman Begins
Aug 1,Monday,13,377475.0,-50.4%,-35.9%,1601,235.0,196253007.0,48,False,Batman Begins
Aug 2,Tuesday,13,337188.0,-10.7%,-44.8%,1601,210.0,196590195.0,49,False,Batman Begins
Aug 3,Wednesday,13,331345.0,-1.7%,-42.7%,1601,206.0,196921540.0,50,False,Batman Begins
Aug 4,Thursday,13,344401.0,+3.9%,-36.7%,1601,215.0,197265941.0,51,False,Batman Begins
Aug 5,Friday,13,538290.0,+56.3%,-20.4%,1192,451.0,197804231.0,52,False,Batman Begins
Aug 6,Saturday,13,744411.0,+38.3%,-26.4%,1192,624.0,198548642.0,53,False,Batman Begins
Aug 7,Sunday,13,539744.0,-27.5%,-29%,1192,452.0,199088386.0,54,False,Batman Begins
Aug 8,Monday,13,244154.0,-54.8%,-35.3%,1192,204.0,199332540.0,55,False,Batman Begins
Aug 9,Tuesday,13,262202.0,+7.4%,-22.2%,1192,219.0,199594742.0,56,False,Batman Begins
Aug 10,Wednesday,12,258441.0,-1.4%,-22%,1192,216.0,199853183.0,57,False,Batman Begins
Aug 11,Thursday,12,246306.0,-4.7%,-28.5%,1192,206.0,200099489.0,58,False,Batman Begins
Aug 12,Friday,17,289499.0,+17.5%,-46.2%,710,407.0,200388988.0,59,False,Batman Begins
Aug 13,Saturday,16,461787.0,+59.5%,-38%,710,650.0,200850775.0,60,False,Batman Begins
Aug 14,Sunday,16,299211.0,-35.2%,-44.6%,710,421.0,201149986.0,61,False,Batman Begins
Aug 15,Monday,15,144254.0,-51.8%,-40.9%,710,203.0,201294240.0,62,False,Batman Begins
Aug 16,Tuesday,16,128162.0,-11.2%,-51.1%,710,180.0,201422402.0,63,False,Batman Begins
Aug 17,Wednesday,17,111494.0,-13%,-56.9%,710,157.0,201533896.0,64,False,Batman Begins
Aug 18,Thursday,16,119373.0,+7.1%,-51.5%,710,168.0,201653269.0,65,False,Batman Begins
Aug 19,Friday,19,183387.0,+53.6%,-36.7%,397,461.0,201836656.0,66,False,Batman Begins
Aug 20,Saturday,18,272236.0,+48.4%,-41%,397,685.0,202108892.0,67,False,Batman Begins
Aug 21,Sunday,19,176746.0,-35.1%,-40.9%,397,445.0,202285638.0,68,False,Batman Begins
Aug 22,Monday,16,72453.0,-59%,-49.8%,397,182.0,202358091.0,69,False,Batman Begins
Aug 23Hurricane Katrina,Tuesday,16,73828.0,+1.9%,-42.4%,397,185.0,202431919.0,70,False,Batman Begins
Aug 24Hurricane Katrina,Wednesday,16,70122.0,-5%,-37.1%,397,176.0,202502041.0,71,False,Batman Begins
Aug 25Hurricane Katrina,Thursday,16,71641.0,+2.2%,-40%,397,180.0,202573682.0,72,False,Batman Begins
Aug 26Hurricane Katrina,Friday,21,122519.0,+71%,-33.2%,296,413.0,202696201.0,73,False,Batman Begins
Aug 27Hurricane Katrina,Saturday,21,200246.0,+63.4%,-26.4%,296,676.0,202896447.0,74,False,Batman Begins
Aug 28Hurricane Katrina,Sunday,22,122608.0,-38.8%,-30.6%,296,414.0,203019055.0,75,False,Batman Begins
Aug 29Hurricane Katrina,Monday,18,46909.0,-61.7%,-35.3%,296,158.0,203065964.0,76,False,Batman Begins
Aug 30Hurricane Katrina,Tuesday,20,50189.0,+7%,-32%,296,169.0,203116153.0,77,False,Batman Begins
Aug 31Hurricane Katrina,Wednesday,20,46056.0,-8.2%,-34.3%,296,155.0,203162209.0,78,False,Batman Begins
Sep 1Hurricane Katrina,Thursday,19,40039.0,-13.1%,-44.1%,296,135.0,203202248.0,79,False,Batman Begins
Sep 2Hurricane Katrina,Friday,25,83750.0,+109.2%,-31.6%,237,353.0,203285998.0,80,False,Batman Begins
Sep 3Hurricane Katrina,Saturday,25,131196.0,+56.7%,-34.5%,237,553.0,203417194.0,81,False,Batman Begins
Sep 4Hurricane Katrina,Sunday,25,133266.0,+1.6%,+8.7%,237,562.0,203550460.0,82,False,Batman Begins
Sep 5Hurricane Katrina Labor Day,Monday,26,91355.0,-31.4%,+94.7%,237,385.0,203641815.0,83,False,Batman Begins
Sep 6Hurricane Katrina,Tuesday,23,22790.0,-75.1%,-54.6%,237,96.0,203664605.0,84,False,Batman Begins
Sep 7Hurricane Katrina,Wednesday,23,20143.0,-11.6%,-56.3%,237,84.0,203684748.0,85,False,Batman Begins
Sep 8Hurricane Katrina,Thursday,23,20662.0,+2.6%,-48.4%,237,87.0,203705410.0,86,False,Batman Begins
Sep 9Hurricane Katrina,Friday,21,116800.0,+465.3%,+39.5%,541,215.0,203822210.0,87,False,Batman Begins
Sep 10Hurricane Katrina,Saturday,20,191220.0,+63.7%,+45.8%,541,353.0,204013430.0,88,False,Batman Begins
Sep 11Hurricane Katrina,Sunday,20,132449.0,-30.7%,-0.6%,541,244.0,204145879.0,89,False,Batman Begins
Sep 12Hurricane Katrina,Monday,17,35690.0,-73.1%,-60.9%,541,65.0,204181569.0,90,False,Batman Begins
Sep 13Hurricane Katrina,Tuesday,17,40950.0,+14.7%,+79.7%,541,75.0,204222519.0,91,False,Batman Begins
Sep 14Hurricane Katrina,Wednesday,17,38320.0,-6.4%,+90.2%,541,70.0,204260839.0,92,False,Batman Begins
Sep 15Hurricane Katrina,Thursday,17,42254.0,+10.3%,+104.5%,541,78.0,204303093.0,93,False,Batman Begins
Sep 16Hurricane Katrina,Friday,21,96486.0,+128.3%,-17.4%,444,217.0,204399579.0,94,False,Batman Begins
Sep 17Hurricane Katrina,Saturday,21,160771.0,+66.6%,-15.9%,444,362.0,204560350.0,95,False,Batman Begins
Sep 18Hurricane Katrina,Sunday,21,86437.0,-46.2%,-34.7%,444,194.0,204646787.0,96,False,Batman Begins
Sep 19Hurricane Katrina,Monday,17,21836.0,-74.7%,-38.8%,444,49.0,204668623.0,97,False,Batman Begins
Sep 20Hurricane Katrina,Tuesday,17,25524.0,+16.9%,-37.7%,444,57.0,204694147.0,98,False,Batman Begins
Sep 21Hurricane Katrina,Wednesday,17,21494.0,-15.8%,-43.9%,444,48.0,204715641.0,99,False,Batman Begins
Sep 22Hurricane Katrina,Thursday,18,23018.0,+7.1%,-45.5%,444,51.0,204738659.0,100,False,Batman Begins
Sep 23Hurricane Katrina,Friday,24,50206.0,+118.1%,-48%,320,156.0,204788865.0,101,False,Batman Begins
Sep 24Hurricane Katrina,Saturday,24,78350.0,+56.1%,-51.3%,320,244.0,204867215.0,102,False,Batman Begins
Sep 25Hurricane Katrina,Sunday,24,42861.0,-45.3%,-50.4%,320,133.0,204910076.0,103,False,Batman Begins
Sep 26Hurricane Katrina,Monday,21,13827.0,-67.7%,-36.7%,320,43.0,204923903.0,104,False,Batman Begins
Sep 27Hurricane Katrina,Tuesday,20,15447.0,+11.7%,-39.5%,320,48.0,204939350.0,105,False,Batman Begins
Sep 28Hurricane Katrina,Wednesday,21,14743.0,-4.6%,-31.4%,320,46.0,204954093.0,106,False,Batman Begins
Sep 29Hurricane Katrina,Thursday,19,16081.0,+9.1%,-30.1%,320,50.0,204970174.0,107,False,Batman Begins
Sep 30Hurricane Katrina,Friday,29,35094.0,+118.2%,-30.1%,244,143.0,205005268.0,108,False,Batman Begins
Oct 1,Saturday,29,50749.0,+44.6%,-35.2%,244,207.0,205056017.0,109,False,Batman Begins
Oct 2,Sunday,31,29387.0,-42.1%,-31.4%,244,120.0,205085404.0,110,False,Batman Begins
Oct 3,Monday,26,10130.0,-65.5%,-26.7%,244,41.0,205095534.0,111,False,Batman Begins
Oct 4,Tuesday,27,10615.0,+4.8%,-31.3%,244,43.0,205106149.0,112,False,Batman Begins
Oct 5,Wednesday,28,9150.0,-13.8%,-37.9%,244,37.0,205115299.0,113,False,Batman Begins
Oct 6,Thursday,26,11507.0,+25.8%,-28.4%,244,47.0,205126806.0,114,False,Batman Begins
Oct 7,Friday,38,21235.0,+84.5%,-39.5%,161,131.0,205148041.0,115,False,Batman Begins
Oct 8,Saturday,38,30873.0,+45.4%,-39.2%,161,191.0,205178914.0,116,False,Batman Begins
Oct 9,Sunday,39,18371.0,-40.5%,-37.5%,161,114.0,205197285.0,117,False,Batman Begins
Oct 10Indig. Peoples' Day,Monday,36,8062.0,-56.1%,-20.4%,161,50.0,205205347.0,118,False,Batman Begins
Oct 11,Tuesday,34,6546.0,-18.8%,-38.3%,161,40.0,205211893.0,119,False,Batman Begins
Oct 12,Wednesday,34,5896.0,-9.9%,-35.6%,161,36.0,205217789.0,120,False,Batman Begins
Oct 13,Thursday,34,7746.0,+31.4%,-32.7%,161,48.0,205225535.0,121,False,Batman Begins
Oct 14,Friday,36,16997.0,+119.4%,-20%,85,199.0,205242532.0,122,False,Batman Begins
Oct 15,Saturday,38,23818.0,+40.1%,-22.9%,85,280.0,205266350.0,123,False,Batman Begins
Oct 16,Sunday,39,12818.0,-46.2%,-30.2%,85,150.0,205279168.0,124,False,Batman Begins
Oct 17,Monday,35,4292.0,-66.5%,-46.8%,85,50.0,205283460.0,125,False,Batman Begins
Oct 18,Tuesday,35,4108.0,-4.3%,-37.2%,85,48.0,205287568.0,126,False,Batman Begins
Oct 19,Wednesday,35,4008.0,-2.4%,-32%,85,47.0,205291576.0,127,False,Batman Begins
Oct 20,Thursday,34,6004.0,+49.8%,-22.5%,85,70.0,205297580.0,128,False,Batman Begins
Oct 21,Friday,45,9770.0,+62.7%,-42.5%,40,244.0,205307350.0,129,False,Batman Begins
Oct 22,Saturday,44,12189.0,+24.8%,-48.8%,40,304.0,205319539.0,130,False,Batman Begins
Oct 23,Sunday,46,5123.0,-58%,-60%,40,128.0,205324662.0,131,False,Batman Begins
Oct 24,Monday,43,2073.0,-59.5%,-51.7%,40,51.0,205326735.0,132,False,Batman Begins
Oct 25,Tuesday,43,1909.0,-7.9%,-53.5%,40,47.0,205328644.0,133,False,Batman Begins
Oct 26,Wednesday,44,1525.0,-20.1%,-62%,40,38.0,205330169.0,134,False,Batman Begins
Oct 27,Thursday,42,3077.0,+101.8%,-48.8%,40,76.0,205333246.0,135,False,Batman Begins
Oct 28,Friday,49,2985.0,-3%,-69.4%,18,165.0,205336231.0,136,False,Batman Begins
Oct 29,Saturday,49,5279.0,+76.9%,-56.7%,18,293.0,205341510.0,137,False,Batman Begins
Oct 30,Sunday,48,2264.0,-57.1%,-55.8%,18,125.0,205343774.0,138,False,Batman Begins
Oct 20,Friday,1,5142402.0,-,-,2281,2254.0,5142402.0,1,False,The Prestige
Oct 21,Saturday,1,5851002.0,+13.8%,-,2281,2565.0,10993404.0,2,False,The Prestige
Oct 22,Sunday,1,3808404.0,-34.9%,-,2281,1669.0,14801808.0,3,False,The Prestige
Oct 23,Monday,1,1195155.0,-68.6%,-,2281,523.0,15996963.0,4,False,The Prestige
Oct 24,Tuesday,1,1170095.0,-2.1%,-,2281,512.0,17167058.0,5,False,The Prestige
Oct 25,Wednesday,2,1017760.0,-13%,-,2281,446.0,18184818.0,6,False,The Prestige
Oct 26,Thursday,2,1022709.0,+0.5%,-,2281,448.0,19207527.0,7,False,The Prestige
Oct 27,Friday,2,2995154.0,+192.9%,-41.8%,2281,1313.0,22202681.0,8,False,The Prestige
Oct 28,Saturday,3,4095486.0,+36.7%,-30%,2281,1795.0,26298167.0,9,False,The Prestige
Oct 29,Sunday,3,2482575.0,-39.4%,-34.8%,2281,1088.0,28780742.0,10,False,The Prestige
Oct 30,Monday,3,658347.0,-73.5%,-44.9%,2281,288.0,29439089.0,11,False,The Prestige
Oct 31Halloween,Tuesday,3,776227.0,+17.9%,-33.7%,2281,340.0,30215316.0,12,False,The Prestige
Nov 1,Wednesday,3,696394.0,-10.3%,-31.6%,2281,305.0,30911710.0,13,False,The Prestige
Nov 2,Thursday,3,718563.0,+3.2%,-29.7%,2281,315.0,31630273.0,14,False,The Prestige
Nov 3,Friday,5,2416447.0,+236.3%,-19.3%,2305,1048.0,34046720.0,15,False,The Prestige
Nov 4,Saturday,6,3361513.0,+39.1%,-17.9%,2305,1458.0,37408233.0,16,False,The Prestige
Nov 5,Sunday,6,1727308.0,-48.6%,-30.4%,2305,749.0,39135541.0,17,False,The Prestige
Nov 6,Monday,6,549287.0,-68.2%,-16.6%,2305,238.0,39684828.0,18,False,The Prestige
Nov 7,Tuesday,6,593599.0,+8.1%,-23.5%,2305,257.0,40278427.0,19,False,The Prestige
Nov 8,Wednesday,6,484326.0,-18.4%,-30.5%,2305,210.0,40762753.0,20,False,The Prestige
Nov 9,Thursday,5,644277.0,+33%,-10.3%,2305,279.0,41407030.0,21,False,The Prestige
Nov 10,Friday,8,1615992.0,+150.8%,-33.1%,2236,722.0,43023022.0,22,False,The Prestige
Nov 11,Saturday,8,2067384.0,+27.9%,-38.5%,2236,924.0,45090406.0,23,False,The Prestige
Nov 12,Sunday,8,1094799.0,-47%,-36.6%,2236,489.0,46185205.0,24,False,The Prestige
Nov 13,Monday,8,332484.0,-69.6%,-39.5%,2236,148.0,46517689.0,25,False,The Prestige
Nov 14,Tuesday,8,309288.0,-7%,-47.9%,2236,138.0,46826977.0,26,False,The Prestige
Nov 15,Wednesday,8,289105.0,-6.5%,-40.3%,2236,129.0,47116082.0,27,False,The Prestige
Nov 16,Thursday,8,297606.0,+2.9%,-53.8%,2236,133.0,47413688.0,28,False,The Prestige
Nov 17,Friday,13,635223.0,+113.4%,-60.7%,1470,432.0,48048911.0,29,False,The Prestige
Nov 18,Saturday,13,839670.0,+32.2%,-59.4%,1470,571.0,48888581.0,30,False,The Prestige
Nov 19,Sunday,13,475076.0,-43.4%,-56.6%,1470,323.0,49363657.0,31,False,The Prestige
Nov 20,Monday,12,190484.0,-59.9%,-42.7%,1470,129.0,49554141.0,32,False,The Prestige
Nov 21,Tuesday,10,273368.0,+43.5%,-11.6%,1470,185.0,49827509.0,33,False,The Prestige
Nov 22,Wednesday,17,200209.0,-26.8%,-30.7%,565,354.0,50027718.0,34,False,The Prestige
Nov 23Thanksgiving,Thursday,19,211171.0,+5.5%,-29%,565,373.0,50238889.0,35,False,The Prestige
Nov 24,Friday,18,355049.0,+68.1%,-44.1%,565,628.0,50593938.0,36,False,The Prestige
Nov 25,Saturday,19,351695.0,-0.9%,-58.1%,565,622.0,50945633.0,37,False,The Prestige
Nov 26,Sunday,19,154280.0,-56.1%,-67.5%,565,273.0,51099913.0,38,False,The Prestige
Nov 27,Monday,18,51204.0,-66.8%,-73.1%,565,90.0,51151117.0,39,False,The Prestige
Nov 28,Tuesday,18,53110.0,+3.7%,-80.6%,565,94.0,51204227.0,40,False,The Prestige
Nov 29,Wednesday,18,47948.0,-9.7%,-76.1%,565,84.0,51252175.0,41,False,The Prestige
Nov 30,Thursday,18,50980.0,+6.3%,-75.9%,565,90.0,51303155.0,42,False,The Prestige
Jul 18,Friday,1,67165092.0,-,-,4366,15383.0,67165092.0,1,False,The Dark Knight
Jul 19,Saturday,1,47650240.0,-29.1%,-,4366,10913.0,114815332.0,2,False,The Dark Knight
Jul 20,Sunday,1,43596151.0,-8.5%,-,4366,9985.0,158411483.0,3,False,The Dark Knight
Jul 21,Monday,1,24493313.0,-43.8%,-,4366,5610.0,182904796.0,4,False,The Dark Knight
Jul 22,Tuesday,1,20868722.0,-14.8%,-,4366,4779.0,203773518.0,5,False,The Dark Knight
Jul 23,Wednesday,1,18377288.0,-11.9%,-,4366,4209.0,222150806.0,6,False,The Dark Knight
Jul 24,Thursday,1,16464405.0,-10.4%,-,4366,3771.0,238615211.0,7,False,The Dark Knight
Jul 25,Friday,1,23232292.0,+41.1%,-65.4%,4366,5321.0,261847503.0,8,False,The Dark Knight
Jul 26,Saturday,1,28272494.0,+21.7%,-40.7%,4366,6475.0,290119997.0,9,False,The Dark Knight
Jul 27,Sunday,1,23661680.0,-16.3%,-45.7%,4366,5419.0,313781677.0,10,False,The Dark Knight
Jul 28,Monday,1,10518116.0,-55.5%,-57.1%,4306,2442.0,324299793.0,11,False,The Dark Knight
Jul 29,Tuesday,1,9629366.0,-8.4%,-53.9%,4306,2236.0,333929159.0,12,False,The Dark Knight
Jul 30,Wednesday,1,8755141.0,-9.1%,-52.4%,4306,2033.0,342684300.0,13,False,The Dark Knight
Jul 31,Thursday,1,8402546.0,-4%,-49%,4306,1951.0,351086846.0,14,False,The Dark Knight
Aug 1,Friday,2,12709035.0,+51.3%,-45.3%,4266,2979.0,363795881.0,15,False,The Dark Knight
Aug 2,Saturday,1,17191150.0,+35.3%,-39.2%,4266,4029.0,380987031.0,16,False,The Dark Knight
Aug 3,Sunday,1,12764034.0,-25.8%,-46.1%,4266,2992.0,393751065.0,17,False,The Dark Knight
Aug 4,Monday,1,6287429.0,-50.7%,-40.2%,4266,1473.0,400038494.0,18,False,The Dark Knight
Aug 5,Tuesday,1,5661240.0,-10%,-41.2%,4266,1327.0,405699734.0,19,False,The Dark Knight
Aug 6,Wednesday,3,5077367.0,-10.3%,-42%,4128,1229.0,410777101.0,20,False,The Dark Knight
Aug 7,Thursday,2,4734366.0,-6.8%,-43.7%,4128,1146.0,415511467.0,21,False,The Dark Knight
Aug 8Beijing Olympics,Friday,2,7577362.0,+60.1%,-40.4%,4025,1882.0,423088829.0,22,False,The Dark Knight
Aug 9Beijing Olympics,Saturday,1,10502243.0,+38.6%,-38.9%,4025,2609.0,433591072.0,23,False,The Dark Knight
Aug 10Beijing Olympics,Sunday,1,8037425.0,-23.5%,-37%,4025,1996.0,441628497.0,24,False,The Dark Knight
Aug 11Beijing Olympics,Monday,2,3742198.0,-53.4%,-40.5%,4025,929.0,445370695.0,25,False,The Dark Knight
Aug 12Beijing Olympics,Tuesday,1,3515389.0,-6.1%,-37.9%,4025,873.0,448886084.0,26,False,The Dark Knight
Aug 13Beijing Olympics,Wednesday,2,3002302.0,-14.6%,-40.9%,3862,777.0,451888386.0,27,False,The Dark Knight
Aug 14Beijing Olympics,Thursday,2,2814471.0,-6.3%,-40.6%,3862,728.0,454702857.0,28,False,The Dark Knight
Aug 15Beijing Olympics,Friday,3,4937955.0,+75.4%,-34.8%,3590,1375.0,459640812.0,29,False,The Dark Knight
Aug 16Beijing Olympics,Saturday,2,6708833.0,+35.9%,-36.1%,3590,1868.0,466349645.0,30,False,The Dark Knight
Aug 17Beijing Olympics,Sunday,2,4732505.0,-29.5%,-41.1%,3590,1318.0,471082150.0,31,False,The Dark Knight
Aug 18Beijing Olympics,Monday,2,2112206.0,-55.4%,-43.6%,3590,588.0,473194356.0,32,False,The Dark Knight
Aug 19Beijing Olympics,Tuesday,2,2148332.0,+1.7%,-38.9%,3590,598.0,475342688.0,33,False,The Dark Knight
Aug 20Beijing Olympics,Wednesday,2,1805312.0,-16%,-39.9%,3508,514.0,477148000.0,34,False,The Dark Knight
Aug 21Beijing Olympics,Thursday,2,1726461.0,-4.4%,-38.7%,3508,492.0,478874461.0,35,False,The Dark Knight
Aug 22Beijing Olympics,Friday,4,2991066.0,+73.2%,-39.4%,3163,945.0,481865527.0,36,False,The Dark Knight
Aug 23Beijing Olympics,Saturday,3,4474170.0,+49.6%,-33.3%,3163,1414.0,486339697.0,37,False,The Dark Knight
Aug 24Beijing Olympics,Sunday,4,3077188.0,-31.2%,-35%,3163,972.0,489416885.0,38,False,The Dark Knight
Aug 25,Monday,4,1183256.0,-61.5%,-44%,3163,374.0,490600141.0,39,False,The Dark Knight
Aug 26,Tuesday,4,1102337.0,-6.8%,-48.7%,3163,348.0,491702478.0,40,False,The Dark Knight
Aug 27,Wednesday,3,986453.0,-10.5%,-45.4%,3063,322.0,492688931.0,41,False,The Dark Knight
Aug 28,Thursday,3,982116.0,-0.4%,-43.1%,3063,320.0,493671047.0,42,False,The Dark Knight
Aug 29,Friday,5,2141354.0,+118%,-28.4%,2750,778.0,495812401.0,43,False,The Dark Knight
Aug 30,Saturday,3,3246469.0,+51.6%,-27.4%,2750,1180.0,499058870.0,44,False,The Dark Knight
Aug 31,Sunday,2,3235056.0,-0.4%,+5.1%,2750,1176.0,502293926.0,45,False,The Dark Knight
Sep 1Labor Day,Monday,2,2504411.0,-22.6%,+111.7%,2750,910.0,504798337.0,46,False,The Dark Knight
Sep 2,Tuesday,3,619463.0,-75.3%,-43.8%,2750,225.0,505417800.0,47,False,The Dark Knight
Sep 3,Wednesday,2,536323.0,-13.4%,-45.6%,2750,195.0,505954123.0,48,False,The Dark Knight
Sep 4,Thursday,2,528416.0,-1.5%,-46.2%,2750,192.0,506482539.0,49,False,The Dark Knight
Sep 5,Friday,4,1464776.0,+177.2%,-31.6%,2575,568.0,507947315.0,50,False,The Dark Knight
Sep 6,Saturday,3,2736020.0,+86.8%,-15.7%,2575,1062.0,510683335.0,51,False,The Dark Knight
Sep 7,Sunday,3,1314323.0,-52%,-59.4%,2575,510.0,511997658.0,52,False,The Dark Knight
Sep 8,Monday,3,377264.0,-71.3%,-84.9%,2575,146.0,512374922.0,53,False,The Dark Knight
Sep 9,Tuesday,3,454109.0,+20.4%,-26.7%,2575,176.0,512829031.0,54,False,The Dark Knight
Sep 10,Wednesday,3,409422.0,-9.8%,-23.7%,2575,158.0,513238453.0,55,False,The Dark Knight
Sep 11,Thursday,3,426158.0,+4.1%,-19.4%,2575,165.0,513664611.0,56,False,The Dark Knight
Sep 12,Friday,7,1116108.0,+161.9%,-23.8%,2191,509.0,514780719.0,57,False,The Dark Knight
Sep 13,Saturday,5,1951731.0,+74.9%,-28.7%,2191,890.0,516732450.0,58,False,The Dark Knight
Sep 14,Sunday,6,1060314.0,-45.7%,-19.3%,2191,483.0,517792764.0,59,False,The Dark Knight
Sep 15,Monday,6,277347.0,-73.8%,-26.5%,2191,126.0,518070111.0,60,False,The Dark Knight
Sep 16,Tuesday,6,306209.0,+10.4%,-32.6%,2191,139.0,518376320.0,61,False,The Dark Knight
Sep 17,Wednesday,6,292421.0,-4.5%,-28.6%,2191,133.0,518668741.0,62,False,The Dark Knight
Sep 18,Thursday,6,306112.0,+4.7%,-28.2%,2191,139.0,518974853.0,63,False,The Dark Knight
Sep 19,Friday,10,803027.0,+162.3%,-28.1%,1905,421.0,519777880.0,64,False,The Dark Knight
Sep 20,Saturday,9,1391638.0,+73.3%,-28.7%,1905,730.0,521169518.0,65,False,The Dark Knight
Sep 21,Sunday,9,720509.0,-48.2%,-32%,1905,378.0,521890027.0,66,False,The Dark Knight
Sep 22,Monday,9,216153.0,-70%,-22.1%,1905,113.0,522106180.0,67,False,The Dark Knight
Sep 23,Tuesday,9,235606.0,+9%,-23.1%,1905,123.0,522341786.0,68,False,The Dark Knight
Sep 24,Wednesday,9,231250.0,-1.8%,-20.9%,1905,121.0,522573036.0,69,False,The Dark Knight
Sep 25,Thursday,9,237227.0,+2.6%,-22.5%,1905,124.0,522810263.0,70,False,The Dark Knight
Sep 26,Friday,14,426875.0,+79.9%,-46.8%,1406,303.0,523237138.0,71,False,The Dark Knight
Sep 27,Saturday,13,821336.0,+92.4%,-41%,1406,584.0,524058474.0,72,False,The Dark Knight
Sep 28,Sunday,13,416210.0,-49.3%,-42.2%,1406,296.0,524474684.0,73,False,The Dark Knight
Sep 29,Monday,14,124863.0,-70%,-42.2%,1406,88.0,524599547.0,74,False,The Dark Knight
Sep 30,Tuesday,14,141095.0,+13%,-40.1%,1406,100.0,524740642.0,75,False,The Dark Knight
Oct 1,Wednesday,13,133430.0,-5.4%,-42.3%,1406,94.0,524874072.0,76,False,The Dark Knight
Oct 2,Thursday,13,129102.0,-3.2%,-45.6%,1406,91.0,525003174.0,77,False,The Dark Knight
Oct 3,Friday,22,231094.0,+79%,-45.9%,663,348.0,525234268.0,78,False,The Dark Knight
Oct 4,Saturday,21,391297.0,+69.3%,-52.4%,663,590.0,525625565.0,79,False,The Dark Knight
Oct 5,Sunday,21,205822.0,-47.4%,-50.5%,663,310.0,525831387.0,80,False,The Dark Knight
Oct 6,Monday,21,73283.0,-64.4%,-41.3%,663,110.0,525904670.0,81,False,The Dark Knight
Oct 7,Tuesday,21,79145.0,+8%,-43.9%,663,119.0,525983815.0,82,False,The Dark Knight
Oct 8,Wednesday,22,84659.0,+7%,-36.6%,663,127.0,526068474.0,83,False,The Dark Knight
Oct 9,Thursday,21,94112.0,+11.2%,-27.1%,663,141.0,526162586.0,84,False,The Dark Knight
Oct 10,Friday,20,151495.0,+61%,-34.4%,375,403.0,526314081.0,85,False,The Dark Knight
Oct 11,Saturday,19,235381.0,+55.4%,-39.8%,375,627.0,526549462.0,86,False,The Dark Knight
Oct 12,Sunday,23,141452.0,-39.9%,-31.3%,375,377.0,526690914.0,87,False,The Dark Knight
Oct 13Indig. Peoples' Day,Monday,19,92199.0,-34.8%,+25.8%,375,245.0,526783113.0,88,False,The Dark Knight
Oct 14,Tuesday,22,48409.0,-47.5%,-38.8%,375,129.0,526831522.0,89,False,The Dark Knight
Oct 15,Wednesday,19,49425.0,+2.1%,-41.6%,375,131.0,526880947.0,90,False,The Dark Knight
Oct 16,Thursday,18,63257.0,+28%,-32.8%,375,168.0,526944204.0,91,False,The Dark Knight
Oct 17,Friday,19,130274.0,+105.9%,-14%,290,449.0,527074478.0,92,False,The Dark Knight
Oct 18,Saturday,19,185498.0,+42.4%,-21.2%,290,639.0,527259976.0,93,False,The Dark Knight
Oct 19,Sunday,19,96376.0,-48%,-31.9%,290,332.0,527356352.0,94,False,The Dark Knight
Oct 20,Monday,19,38195.0,-60.4%,-58.6%,290,131.0,527394547.0,95,False,The Dark Knight
Oct 21,Tuesday,19,47262.0,+23.7%,-2.4%,290,162.0,527441809.0,96,False,The Dark Knight
Oct 22,Wednesday,19,41096.0,-13%,-16.9%,290,141.0,527482905.0,97,False,The Dark Knight
Oct 23,Thursday,19,43381.0,+5.6%,-31.4%,290,149.0,527526286.0,98,False,The Dark Knight
Oct 24,Friday,24,89699.0,+106.8%,-31.1%,166,540.0,527615985.0,99,False,The Dark Knight
Oct 25,Saturday,24,134264.0,+49.7%,-27.6%,166,808.0,527750249.0,100,False,The Dark Knight
Oct 26,Sunday,24,71986.0,-46.4%,-25.3%,166,433.0,527822235.0,101,False,The Dark Knight
Oct 27,Monday,24,25198.0,-65%,-34%,166,151.0,527847433.0,102,False,The Dark Knight
Oct 28,Tuesday,21,30584.0,+21.4%,-35.3%,166,184.0,527878017.0,103,False,The Dark Knight
Oct 29,Wednesday,21,31607.0,+3.3%,-23.1%,166,190.0,527909624.0,104,False,The Dark Knight
Oct 30,Thursday,22,33187.0,+5%,-23.5%,166,199.0,527942811.0,105,False,The Dark Knight
Oct 31Halloween,Friday,25,49209.0,+48.3%,-45.1%,149,330.0,527992020.0,106,False,The Dark Knight
Nov 1,Saturday,24,141048.0,+186.6%,+5.1%,149,946.0,528133068.0,107,False,The Dark Knight
Nov 2,Sunday,25,80211.0,-43.1%,+11.4%,149,538.0,528213279.0,108,False,The Dark Knight
Nov 3,Monday,23,28074.0,-65%,+11.4%,149,188.0,528241353.0,109,False,The Dark Knight
Nov 4,Tuesday,24,27232.0,-3%,-11%,149,182.0,528268585.0,110,False,The Dark Knight
Nov 5,Wednesday,23,23017.0,-15.5%,-27.2%,149,154.0,528291602.0,111,False,The Dark Knight
Nov 6,Thursday,23,24290.0,+5.5%,-26.8%,149,163.0,528315892.0,112,False,The Dark Knight
Nov 7,Friday,29,60432.0,+148.8%,+22.8%,125,483.0,528376324.0,113,False,The Dark Knight
Nov 8,Saturday,29,99890.0,+65.3%,-29.2%,125,799.0,528476214.0,114,False,The Dark Knight
Nov 9,Sunday,28,59103.0,-40.8%,-26.3%,125,472.0,528535317.0,115,False,The Dark Knight
Nov 10,Monday,26,32507.0,-45%,+15.8%,125,260.0,528567824.0,116,False,The Dark Knight
Nov 11,Tuesday,24,39658.0,+22%,+45.6%,125,317.0,528607482.0,117,False,The Dark Knight
Nov 12,Wednesday,28,15467.0,-61%,-32.8%,125,123.0,528622949.0,118,False,The Dark Knight
Nov 13,Thursday,28,17787.0,+15%,-26.8%,125,142.0,528640736.0,119,False,The Dark Knight
Nov 14,Friday,18,140375.0,+689.2%,+132.3%,346,405.0,528781111.0,120,False,The Dark Knight
Nov 15,Saturday,18,229775.0,+63.7%,+130%,346,664.0,529010886.0,121,False,The Dark Knight
Nov 16,Sunday,19,132184.0,-42.5%,+123.7%,346,382.0,529143070.0,122,False,The Dark Knight
Nov 17,Monday,17,43621.0,-67%,+34.2%,346,126.0,529186691.0,123,False,The Dark Knight
Nov 18,Tuesday,18,49291.0,+13%,+24.3%,346,142.0,529235982.0,124,False,The Dark Knight
Nov 19,Wednesday,17,45846.0,-7%,+196.4%,346,132.0,529281828.0,125,False,The Dark Knight
Nov 20,Thursday,17,44013.0,-4%,+147.4%,346,127.0,529325841.0,126,False,The Dark Knight
Nov 21,Friday,17,110455.0,+151%,-21.3%,345,320.0,529436296.0,127,False,The Dark Knight
Nov 22,Saturday,16,164631.0,+49%,-28.4%,345,477.0,529600927.0,128,False,The Dark Knight
Nov 23,Sunday,16,95363.0,-42.1%,-27.9%,345,276.0,529696290.0,129,False,The Dark Knight
Nov 24,Monday,16,37592.0,-60.6%,-13.8%,345,108.0,529733882.0,130,False,The Dark Knight
Nov 25,Tuesday,16,49467.0,+31.6%,+0.4%,345,143.0,529783349.0,131,False,The Dark Knight
Nov 26,Wednesday,17,69253.0,+40%,+51.1%,322,215.0,529852602.0,132,False,The Dark Knight
Nov 27Thanksgiving,Thursday,18,63021.0,-9%,+43.2%,322,195.0,529915623.0,133,False,The Dark Knight
Nov 28,Friday,18,135567.0,+115.1%,+22.7%,305,444.0,530051190.0,134,False,The Dark Knight
Nov 29,Saturday,18,139084.0,+2.6%,-15.5%,305,456.0,530190274.0,135,False,The Dark Knight
Nov 30,Sunday,18,68715.0,-50.6%,-27.9%,305,225.0,530258989.0,136,False,The Dark Knight
Dec 1,Monday,18,21302.0,-69%,-43.3%,305,69.0,530280291.0,137,False,The Dark Knight
Dec 2,Tuesday,17,23106.0,+8.5%,-53.3%,305,75.0,530303397.0,138,False,The Dark Knight
Dec 3,Wednesday,17,24492.0,+6%,-64.6%,305,80.0,530327889.0,139,False,The Dark Knight
Dec 4,Thursday,17,25578.0,+4.4%,-59.4%,305,83.0,530353467.0,140,False,The Dark Knight
Dec 5,Friday,18,53245.0,+108.2%,-60.7%,269,197.0,530406712.0,141,False,The Dark Knight
Dec 6,Saturday,18,81269.0,+52.6%,-41.6%,269,302.0,530487981.0,142,False,The Dark Knight
Dec 7,Sunday,19,52904.0,-34.9%,-23%,269,196.0,530540885.0,143,False,The Dark Knight
Dec 8,Monday,18,18252.0,-65.5%,-14.3%,269,67.0,530559137.0,144,False,The Dark Knight
Dec 9,Tuesday,18,17705.0,-3%,-23.4%,269,65.0,530576842.0,145,False,The Dark Knight
Dec 10,Wednesday,20,17528.0,-1%,-28.4%,269,65.0,530594370.0,146,False,The Dark Knight
Dec 11,Thursday,20,17003.0,-3%,-33.5%,269,63.0,530611373.0,147,False,The Dark Knight
Dec 12,Friday,26,31498.0,+85.2%,-40.8%,205,153.0,530642871.0,148,False,The Dark Knight
Dec 13,Saturday,25,53745.0,+70.6%,-33.9%,205,262.0,530696616.0,149,False,The Dark Knight
Dec 14,Sunday,27,27010.0,-49.7%,-48.9%,205,131.0,530723626.0,150,False,The Dark Knight
Dec 15,Monday,28,8406.0,-68.9%,-53.9%,205,41.0,530732032.0,151,False,The Dark Knight
Dec 16,Tuesday,28,9331.0,+11%,-47.3%,205,45.0,530741363.0,152,False,The Dark Knight
Dec 17,Wednesday,29,8865.0,-5%,-49.4%,205,43.0,530750228.0,153,False,The Dark Knight
Dec 18,Thursday,29,9594.0,+8.2%,-43.6%,205,46.0,530759822.0,154,False,The Dark Knight
Dec 19,Friday,30,14969.0,+56%,-52.5%,157,95.0,530774791.0,155,False,The Dark Knight
Dec 20,Saturday,30,21785.0,+45.5%,-59.5%,157,138.0,530796576.0,156,False,The Dark Knight
Dec 21,Sunday,30,14989.0,-31.2%,-44.5%,157,95.0,530811565.0,157,False,The Dark Knight
Dec 22,Monday,28,11392.0,-24%,+35.5%,157,72.0,530822957.0,158,False,The Dark Knight
Dec 23,Tuesday,30,10823.0,-5%,+16%,157,68.0,530833780.0,159,False,The Dark Knight
Dec 24,Wednesday,34,5412.0,-50%,-39%,157,34.0,530839192.0,160,False,The Dark Knight
Dec 25Christmas Day,Thursday,39,6974.0,+28.9%,-27.3%,74,94.0,530846166.0,161,False,The Dark Knight
Dec 26,Friday,35,18265.0,+161.9%,+22%,74,246.0,530864431.0,162,False,The Dark Knight
Dec 27,Saturday,36,20932.0,+14.6%,-3.9%,74,282.0,530885363.0,163,False,The Dark Knight
Dec 28,Sunday,40,11489.0,-45.1%,-23.4%,74,155.0,530896852.0,164,False,The Dark Knight
Dec 29,Monday,38,10803.0,-6%,-5.2%,74,145.0,530907655.0,165,False,The Dark Knight
Dec 30,Tuesday,39,10159.0,-6%,-6.1%,74,137.0,530917814.0,166,False,The Dark Knight
Dec 31New Year's Eve,Wednesday,40,7112.0,-30%,+31.4%,74,96.0,530924926.0,167,False,The Dark Knight
Jan 1New Year's Day,Thursday,44,11512.0,+61.9%,+65.1%,74,155.0,530936438.0,168,False,The Dark Knight
Jan 2,Friday,34,24078.0,+109.2%,+31.8%,75,321.0,530960516.0,169,False,The Dark Knight
Jan 3,Saturday,37,26042.0,+8.2%,+24.4%,75,347.0,530986558.0,170,False,The Dark Knight
Jan 4,Sunday,36,15020.0,-42.3%,+30.7%,75,200.0,531001578.0,171,False,The Dark Knight
Jan 5,Monday,36,4506.0,-70%,-58.3%,75,60.0,531006084.0,172,False,The Dark Knight
Jan 6,Tuesday,38,4291.0,-4.8%,-57.8%,75,57.0,531010375.0,173,False,The Dark Knight
Jan 7,Wednesday,40,3905.0,-9%,-45.1%,75,52.0,531014280.0,174,False,The Dark Knight
Jan 8,Thursday,39,4334.0,+11%,-62.4%,75,57.0,531018614.0,175,False,The Dark Knight
Jan 9,Friday,44,2687.0,-38%,-88.8%,7,383.0,531021301.0,176,False,The Dark Knight
Jan 10,Saturday,42,4747.0,+76.7%,-81.8%,7,678.0,531026048.0,177,False,The Dark Knight
Jan 11,Sunday,46,578.0,-87.8%,-96.2%,7,82.0,531026626.0,178,False,The Dark Knight
Jan 12,Monday,43,404.0,-30.1%,-91%,7,57.0,531027030.0,179,False,The Dark Knight
Jan 13,Tuesday,43,327.0,-19.1%,-92.4%,7,46.0,531027357.0,180,False,The Dark Knight
Jan 14,Wednesday,43,269.0,-17.7%,-93.1%,7,38.0,531027626.0,181,False,The Dark Knight
Jan 15,Thursday,44,173.0,-35.7%,-96%,7,24.0,531027799.0,182,False,The Dark Knight
Jan 16,Friday,46,2015.0,"+1,064.7%",-25%,6,335.0,531029814.0,183,False,The Dark Knight
Jan 17,Saturday,40,6828.0,+238.9%,+43.8%,6,1138.0,531036642.0,184,False,The Dark Knight
Jan 18,Sunday,48,768.0,-88.8%,+32.9%,6,128.0,531037410.0,185,False,The Dark Knight
Jan 19MLK Day,Monday,53,245.0,-68.1%,-39.4%,6,40.0,531037655.0,186,False,The Dark Knight
Jan 20,Tuesday,45,469.0,+91.4%,+43.4%,6,78.0,531038124.0,187,False,The Dark Knight
Jan 21,Wednesday,45,345.0,-26.4%,+28.3%,6,57.0,531038469.0,188,False,The Dark Knight
Jan 22,Thursday,42,943.0,+173.3%,+445.1%,6,157.0,531039412.0,189,False,The Dark Knight
Jan 23,Friday,26,194343.0,"+20,509%","+9,544.8%",350,555.0,531233755.0,190,False,The Dark Knight
Jan 24,Saturday,26,297384.0,+53%,"+4,255.4%",350,849.0,531531139.0,191,False,The Dark Knight
Jan 25,Sunday,26,175670.0,-40.9%,"+22,773.7%",350,501.0,531706809.0,192,False,The Dark Knight
Jan 26,Monday,25,50945.0,-71%,"+20,693.9%",350,145.0,531757754.0,193,False,The Dark Knight
Jan 27,Tuesday,25,56039.0,+10%,"+11,848.6%",350,160.0,531813793.0,194,False,The Dark Knight
Jan 28,Wednesday,25,53238.0,-5%,"+15,331.3%",350,152.0,531867031.0,195,False,The Dark Knight
Jan 29,Thursday,25,52872.0,-0.7%,"+5,506.8%",350,151.0,531919903.0,196,False,The Dark Knight
Jan 30,Friday,27,122807.0,+132.3%,-36.8%,211,582.0,532042710.0,197,False,The Dark Knight
Jan 31,Saturday,26,243869.0,+98.6%,-18%,211,1155.0,532286579.0,198,False,The Dark Knight
Feb 1,Sunday,26,70167.0,-71.2%,-60.1%,211,332.0,532356746.0,199,False,The Dark Knight
Feb 2,Monday,26,32176.0,-54.1%,-36.8%,211,152.0,532388922.0,200,False,The Dark Knight
Feb 3,Tuesday,26,30186.0,-6.2%,-46.1%,211,143.0,532419108.0,201,False,The Dark Knight
Feb 4,Wednesday,26,29875.0,-1%,-43.9%,211,141.0,532448983.0,202,False,The Dark Knight
Feb 5,Thursday,27,29158.0,-2.4%,-44.9%,211,138.0,532478141.0,203,False,The Dark Knight
Feb 6,Friday,30,88467.0,+203.4%,-28%,188,470.0,532566608.0,204,False,The Dark Knight
Feb 7,Saturday,29,169219.0,+91.3%,-30.6%,188,900.0,532735827.0,205,False,The Dark Knight
Feb 8,Sunday,29,96140.0,-43.2%,+37%,188,511.0,532831967.0,206,False,The Dark Knight
Feb 9,Monday,30,20791.0,-78.4%,-35.4%,188,110.0,532852758.0,207,False,The Dark Knight
Feb 10,Tuesday,30,21974.0,+5.7%,-27.2%,188,116.0,532874732.0,208,False,The Dark Knight
Feb 11,Wednesday,29,20876.0,-5%,-30.1%,188,111.0,532895608.0,209,False,The Dark Knight
Feb 12,Thursday,31,20932.0,+0.3%,-28.2%,188,111.0,532916540.0,210,False,The Dark Knight
Feb 13,Friday,37,24738.0,+18.2%,-72%,152,162.0,532941278.0,211,False,The Dark Knight
Feb 14,Saturday,36,68354.0,+176.3%,-59.6%,152,449.0,533009632.0,212,False,The Dark Knight
Feb 15,Sunday,37,34553.0,-49.4%,-64.1%,152,227.0,533044185.0,213,False,The Dark Knight
Feb 16Presidents' Day,Monday,39,17865.0,-48.3%,-14.1%,152,117.0,533062050.0,214,False,The Dark Knight
Feb 17,Tuesday,38,8418.0,-52.9%,-61.7%,152,55.0,533070468.0,215,False,The Dark Knight
Feb 18,Wednesday,39,7803.0,-7.3%,-62.6%,152,51.0,533078271.0,216,False,The Dark Knight
Feb 19,Thursday,36,11991.0,+53.7%,-42.7%,152,78.0,533090262.0,217,False,The Dark Knight
Feb 20,Friday,37,25249.0,+110.6%,+2.1%,55,459.0,533115511.0,218,False,The Dark Knight
Feb 21,Saturday,37,49041.0,+94.2%,-28.3%,55,891.0,533164552.0,219,False,The Dark Knight
Feb 22,Sunday,38,19667.0,-59.9%,-43.1%,55,357.0,533184219.0,220,False,The Dark Knight
Feb 23,Monday,36,7867.0,-60%,-56%,55,143.0,533192086.0,221,False,The Dark Knight
Feb 24,Tuesday,42,5684.0,-27.7%,-32.5%,55,103.0,533197770.0,222,False,The Dark Knight
Feb 25,Wednesday,37,7105.0,+25%,-8.9%,55,129.0,533204875.0,223,False,The Dark Knight
Feb 26,Thursday,36,9119.0,+28.3%,-24%,55,165.0,533213994.0,224,False,The Dark Knight
Feb 27,Friday,40,23929.0,+162.4%,-5.2%,54,443.0,533237923.0,225,False,The Dark Knight
Feb 28,Saturday,39,54697.0,+128.6%,+11.5%,54,1012.0,533292620.0,226,False,The Dark Knight
Mar 1,Sunday,40,23441.0,-57.1%,+19.2%,54,434.0,533316061.0,227,False,The Dark Knight
Mar 2,Monday,39,7267.0,-69%,-7.6%,54,134.0,533323328.0,228,False,The Dark Knight
Mar 3,Tuesday,38,7314.0,+0.6%,+28.7%,54,135.0,533330642.0,229,False,The Dark Knight
Mar 4,Wednesday,39,6510.0,-11%,-8.4%,54,120.0,533337152.0,230,False,The Dark Knight
Mar 5,Thursday,38,8206.0,+26.1%,-10%,54,151.0,533345358.0,231,False,The Dark Knight
Jul 16,Friday,1,21782199.0,-,-,3792,5744.0,21782199.0,1,False,Inception
Jul 17,Saturday,1,21791608.0,<0.1%,-,3792,5746.0,43573807.0,2,False,Inception
Jul 18,Sunday,1,19211530.0,-11.8%,-,3792,5066.0,62785337.0,3,False,Inception
Jul 19,Monday,1,10185365.0,-47%,-,3792,2686.0,72970702.0,4,False,Inception
Jul 20,Tuesday,1,9765137.0,-4.1%,-,3792,2575.0,82735839.0,5,False,Inception
Jul 21,Wednesday,1,8859322.0,-9.3%,-,3792,2336.0,91595161.0,6,False,Inception
Jul 22,Thursday,1,8563251.0,-3.3%,-,3792,2258.0,100158412.0,7,False,Inception
Jul 23,Friday,1,13083719.0,+52.8%,-39.9%,3792,3450.0,113242131.0,8,False,Inception
Jul 24,Saturday,1,16512872.0,+26.2%,-24.2%,3792,4354.0,129755003.0,9,False,Inception
Jul 25,Sunday,1,13128421.0,-20.5%,-31.7%,3792,3462.0,142883424.0,10,False,Inception
Jul 26,Monday,1,6065477.0,-53.8%,-40.4%,3792,1599.0,148948901.0,11,False,Inception
Jul 27,Tuesday,1,6068219.0,<0.1%,-37.9%,3792,1600.0,155017120.0,12,False,Inception
Jul 28,Wednesday,1,5522151.0,-9%,-37.7%,3792,1456.0,160539271.0,13,False,Inception
Jul 29,Thursday,1,5289225.0,-4.2%,-38.2%,3792,1394.0,165828496.0,14,False,Inception
Jul 30,Friday,2,8194228.0,+54.9%,-37.4%,3545,2311.0,174022724.0,15,False,Inception
Jul 31,Saturday,1,10711709.0,+30.7%,-35.1%,3545,3021.0,184734433.0,16,False,Inception
Aug 1,Sunday,1,8579308.0,-19.9%,-34.7%,3545,2420.0,193313741.0,17,False,Inception
Aug 2,Monday,1,4289390.0,-50%,-29.3%,3545,1209.0,197603131.0,18,False,Inception
Aug 3,Tuesday,1,4122497.0,-3.9%,-32.1%,3545,1162.0,201725628.0,19,False,Inception
Aug 4,Wednesday,1,3788206.0,-8.1%,-31.4%,3545,1068.0,205513834.0,20,False,Inception
Aug 5,Thursday,1,3618265.0,-4.5%,-31.6%,3545,1020.0,209132099.0,21,False,Inception
Aug 6,Friday,3,5552036.0,+53.4%,-32.2%,3418,1624.0,214684135.0,22,False,Inception
Aug 7,Saturday,2,7382808.0,+33%,-31.1%,3418,2159.0,222066943.0,23,False,Inception
Aug 8,Sunday,2,5570626.0,-24.5%,-35.1%,3418,1629.0,227637569.0,24,False,Inception
Aug 9,Monday,2,2531134.0,-54.6%,-41%,3418,740.0,230168703.0,25,False,Inception
Aug 10,Tuesday,2,2622043.0,+3.6%,-36.4%,3418,767.0,232790746.0,26,False,Inception
Aug 11,Wednesday,2,2216375.0,-15.5%,-41.5%,3418,648.0,235007121.0,27,False,Inception
Aug 12,Thursday,2,2177310.0,-1.8%,-39.8%,3418,637.0,237184431.0,28,False,Inception
Aug 13,Friday,5,3350235.0,+53.9%,-39.7%,3120,1073.0,240534666.0,29,False,Inception
Aug 14,Saturday,4,4574681.0,+36.5%,-38%,3120,1466.0,245109347.0,30,False,Inception
Aug 15,Sunday,4,3360135.0,-26.5%,-39.7%,3120,1076.0,248469482.0,31,False,Inception
Aug 16,Monday,4,1532359.0,-54.4%,-39.5%,3120,491.0,250001841.0,32,False,Inception
Aug 17,Tuesday,4,1541416.0,+0.6%,-41.2%,3120,494.0,251543257.0,33,False,Inception
Aug 18,Wednesday,5,1371046.0,-11.1%,-38.1%,2976,460.0,252914303.0,34,False,Inception
Aug 19,Thursday,5,1279112.0,-6.7%,-41.3%,2976,429.0,254193415.0,35,False,Inception
Aug 20,Friday,9,2176574.0,+70.2%,-35%,2401,906.0,256369989.0,36,False,Inception
Aug 21,Saturday,9,3221943.0,+48%,-29.6%,2401,1341.0,259591932.0,37,False,Inception
Aug 22,Sunday,8,2439662.0,-24.3%,-27.4%,2401,1016.0,262031594.0,38,False,Inception
Aug 23,Monday,7,963445.0,-60.5%,-37.1%,2401,401.0,262995039.0,39,False,Inception
Aug 24,Tuesday,8,985302.0,+2.3%,-36.1%,2401,410.0,263980341.0,40,False,Inception
Aug 25,Wednesday,5,871199.0,-11.6%,-36.5%,2401,362.0,264851540.0,41,False,Inception
Aug 26,Thursday,4,792024.0,-9.1%,-38.1%,2401,329.0,265643564.0,42,False,Inception
Aug 27,Friday,8,1436848.0,+81.4%,-34%,2070,694.0,267080412.0,43,False,Inception
Aug 28,Saturday,7,2096903.0,+45.9%,-34.9%,2070,1012.0,269177315.0,44,False,Inception
Aug 29,Sunday,7,1342605.0,-36%,-45%,2070,648.0,270519920.0,45,False,Inception
Aug 30,Monday,6,514251.0,-61.7%,-46.6%,2070,248.0,271034171.0,46,False,Inception
Aug 31,Tuesday,8,584342.0,+13.6%,-40.7%,2070,282.0,271618513.0,47,False,Inception
Sep 1,Wednesday,7,473331.0,-19%,-45.7%,1923,246.0,272091844.0,48,False,Inception
Sep 2,Thursday,7,481410.0,+1.7%,-39.2%,1923,250.0,272573254.0,49,False,Inception
Sep 3,Friday,9,1157787.0,+140.5%,-19.4%,1704,679.0,273731041.0,50,False,Inception
Sep 4,Saturday,9,1697282.0,+46.6%,-19.1%,1704,996.0,275428323.0,51,False,Inception
Sep 5,Sunday,8,1717180.0,+1.2%,+27.9%,1704,1007.0,277145503.0,52,False,Inception
Sep 6Labor Day,Monday,9,1312106.0,-23.6%,+155.1%,1704,770.0,278457609.0,53,False,Inception
Sep 7,Tuesday,9,329334.0,-74.9%,-43.6%,1704,193.0,278786943.0,54,False,Inception
Sep 8,Wednesday,9,309408.0,-6.1%,-34.6%,1704,181.0,279096351.0,55,False,Inception
Sep 9,Thursday,8,313237.0,+1.2%,-34.9%,1704,183.0,279409588.0,56,False,Inception
Sep 10,Friday,10,831371.0,+165.4%,-28.2%,1583,525.0,280240959.0,57,False,Inception
Sep 11,Saturday,9,1304979.0,+57%,-23.1%,1583,824.0,281545938.0,58,False,Inception
Sep 12,Sunday,10,666040.0,-49%,-61.2%,1583,420.0,282211978.0,59,False,Inception
Sep 13,Monday,9,211198.0,-68.3%,-83.9%,1583,133.0,282423176.0,60,False,Inception
Sep 14,Tuesday,9,258052.0,+22.2%,-21.6%,1583,163.0,282681228.0,61,False,Inception
Sep 15,Wednesday,9,229416.0,-11.1%,-25.9%,1583,144.0,282910644.0,62,False,Inception
Sep 16,Thursday,9,252074.0,+9.9%,-19.5%,1583,159.0,283162718.0,63,False,Inception
Sep 17,Friday,8,593802.0,+135.6%,-28.6%,1305,455.0,283756520.0,64,False,Inception
Sep 18,Saturday,9,910679.0,+53.4%,-30.2%,1305,697.0,284667199.0,65,False,Inception
Sep 19,Sunday,9,462656.0,-49.2%,-30.5%,1305,354.0,285129855.0,66,False,Inception
Sep 20,Monday,10,156126.0,-66.3%,-26.1%,1305,119.0,285285981.0,67,False,Inception
Sep 21,Tuesday,10,178132.0,+14.1%,-31%,1305,136.0,285464113.0,68,False,Inception
Sep 22,Wednesday,10,166167.0,-6.7%,-27.6%,1305,127.0,285630280.0,69,False,Inception
Sep 23,Thursday,9,176006.0,+5.9%,-30.2%,1305,134.0,285806286.0,70,False,Inception
Sep 24,Friday,10,380168.0,+116%,-36%,907,419.0,286186454.0,71,False,Inception
Sep 25,Saturday,10,565769.0,+48.8%,-37.9%,907,623.0,286752223.0,72,False,Inception
Sep 26,Sunday,10,301069.0,-46.8%,-34.9%,907,331.0,287053292.0,73,False,Inception
Sep 27,Monday,10,109059.0,-63.8%,-30.1%,907,120.0,287162351.0,74,False,Inception
Sep 28,Tuesday,10,124011.0,+13.7%,-30.4%,907,136.0,287286362.0,75,False,Inception
Sep 29,Wednesday,10,104324.0,-15.9%,-37.2%,907,115.0,287390686.0,76,False,Inception
Sep 30,Thursday,10,110482.0,+5.9%,-37.2%,907,121.0,287501168.0,77,False,Inception
Oct 1,Friday,12,246509.0,+123.1%,-35.2%,625,394.0,287747677.0,78,False,Inception
Oct 2,Saturday,12,471124.0,+91.1%,-16.7%,625,753.0,288218801.0,79,False,Inception
Oct 3,Sunday,12,186575.0,-60.4%,-38%,625,298.0,288405376.0,80,False,Inception
Oct 4,Monday,12,68316.0,-63.4%,-37.4%,625,109.0,288473692.0,81,False,Inception
Oct 5,Tuesday,12,74009.0,+8.3%,-40.3%,625,118.0,288547701.0,82,False,Inception
Oct 6,Wednesday,12,70259.0,-5.1%,-32.7%,625,112.0,288617960.0,83,False,Inception
Oct 7,Thursday,12,73336.0,+4.4%,-33.6%,625,117.0,288691296.0,84,False,Inception
Oct 8,Friday,17,142914.0,+94.9%,-42%,403,354.0,288834210.0,85,False,Inception
Oct 9,Saturday,17,216675.0,+51.6%,-54%,403,537.0,289050885.0,86,False,Inception
Oct 10,Sunday,17,132722.0,-38.7%,-28.9%,403,329.0,289183607.0,87,False,Inception
Oct 11Indig. Peoples' Day,Monday,17,76479.0,-42.4%,+11.9%,403,189.0,289260086.0,88,False,Inception
Oct 12,Tuesday,17,45888.0,-40%,-38%,403,113.0,289305974.0,89,False,Inception
Oct 13,Wednesday,17,44102.0,-3.9%,-37.2%,403,109.0,289350076.0,90,False,Inception
Oct 14,Thursday,17,53545.0,+21.4%,-27%,403,132.0,289403621.0,91,False,Inception
Oct 15,Friday,19,110094.0,+105.6%,-23%,297,370.0,289513715.0,92,False,Inception
Oct 16,Saturday,19,161783.0,+46.9%,-25.3%,297,544.0,289675498.0,93,False,Inception
Oct 17,Sunday,23,76449.0,-52.7%,-42.4%,297,257.0,289751947.0,94,False,Inception
Oct 18,Monday,22,30580.0,-60%,-60%,297,102.0,289782527.0,95,False,Inception
Oct 19,Tuesday,23,32026.0,+4.7%,-30.2%,297,107.0,289814553.0,96,False,Inception
Oct 20,Wednesday,22,32246.0,+0.7%,-26.9%,297,108.0,289846799.0,97,False,Inception
Oct 21,Thursday,21,34325.0,+6.4%,-35.9%,297,115.0,289881124.0,98,False,Inception
Oct 22,Friday,18,151092.0,+340.2%,+37.2%,452,334.0,290032216.0,99,False,Inception
Oct 23,Saturday,18,217023.0,+43.6%,+34.1%,452,480.0,290249239.0,100,False,Inception
Oct 24,Sunday,16,132025.0,-39.2%,+72.7%,452,292.0,290381264.0,101,False,Inception
Oct 25,Monday,15,51509.0,-61%,+68.4%,452,113.0,290432773.0,102,False,Inception
Oct 26,Tuesday,15,53054.0,+3%,+65.7%,452,117.0,290485827.0,103,False,Inception
Oct 27,Wednesday,15,48471.0,-8.6%,+50.3%,452,107.0,290534298.0,104,False,Inception
Oct 28,Thursday,15,51379.0,+6%,+49.7%,452,113.0,290585677.0,105,False,Inception
Oct 29,Friday,17,121472.0,+136.4%,-19.6%,401,302.0,290707149.0,106,False,Inception
Oct 30,Saturday,18,153114.0,+26%,-29.4%,401,381.0,290860263.0,107,False,Inception
Oct 31Halloween,Sunday,18,87945.0,-42.6%,-33.4%,401,219.0,290948208.0,108,False,Inception
Nov 1,Monday,18,41455.0,-52.9%,-19.5%,401,103.0,290989663.0,109,False,Inception
Nov 2,Tuesday,17,47087.0,+13.6%,-11.2%,401,117.0,291036750.0,110,False,Inception
Nov 3,Wednesday,16,44733.0,-5%,-7.7%,401,111.0,291081483.0,111,False,Inception
Nov 4,Thursday,16,49431.0,+10.5%,-3.8%,401,123.0,291130914.0,112,False,Inception
Nov 5,Friday,18,98220.0,+98.7%,-19.1%,291,337.0,291229134.0,113,False,Inception
Nov 6,Saturday,20,143521.0,+46.1%,-6.3%,291,493.0,291372655.0,114,False,Inception
Nov 7,Sunday,20,75448.0,-47.4%,-14.2%,291,259.0,291448103.0,115,False,Inception
Nov 8,Monday,17,27326.0,-63.8%,-34.1%,291,93.0,291475429.0,116,False,Inception
Nov 9,Tuesday,17,31198.0,+14.2%,-33.7%,291,107.0,291506627.0,117,False,Inception
Nov 10,Wednesday,18,34641.0,+11%,-22.6%,291,119.0,291541268.0,118,False,Inception
Nov 11,Thursday,20,56811.0,+64%,+14.9%,291,195.0,291598079.0,119,False,Inception
Nov 12,Friday,20,75846.0,+33.5%,-22.8%,262,289.0,291673925.0,120,False,Inception
Nov 13,Saturday,20,102571.0,+35.2%,-28.5%,262,391.0,291776496.0,121,False,Inception
Nov 14,Sunday,21,56097.0,-45.3%,-25.6%,262,214.0,291832593.0,122,False,Inception
Nov 15,Monday,22,19073.0,-66%,-30.2%,262,72.0,291851666.0,123,False,Inception
Nov 16,Tuesday,22,21081.0,+10.5%,-32.4%,262,80.0,291872747.0,124,False,Inception
Nov 17,Wednesday,21,20908.0,-0.8%,-39.6%,262,79.0,291893655.0,125,False,Inception
Nov 18,Thursday,21,20790.0,-0.6%,-63.4%,262,79.0,291914445.0,126,False,Inception
Nov 19,Friday,23,46811.0,+125.2%,-38.3%,198,236.0,291961256.0,127,False,Inception
Nov 20,Saturday,24,68901.0,+47.2%,-32.8%,198,347.0,292030157.0,128,False,Inception
Nov 21,Sunday,25,37938.0,-44.9%,-32.4%,198,191.0,292068095.0,129,False,Inception
Nov 22,Monday,24,18590.0,-51%,-2.5%,198,93.0,292086685.0,130,False,Inception
Nov 23,Tuesday,26,23099.0,+24.3%,+9.6%,198,116.0,292109784.0,131,False,Inception
Nov 24,Wednesday,29,24670.0,+6.8%,+18%,164,150.0,292134454.0,132,False,Inception
Nov 25Thanksgiving,Thursday,27,23835.0,-3.4%,+14.6%,164,145.0,292158289.0,133,False,Inception
Nov 26,Friday,30,48057.0,+101.6%,+2.7%,144,333.0,292206346.0,134,False,Inception
Nov 27,Saturday,30,50124.0,+4.3%,-27.3%,144,348.0,292256470.0,135,False,Inception
Nov 28,Sunday,30,21285.0,-57.5%,-43.9%,144,147.0,292277755.0,136,False,Inception
Nov 29,Monday,29,8088.0,-62%,-56.5%,144,56.0,292285843.0,137,False,Inception
Nov 30,Tuesday,28,10029.0,+24%,-56.6%,144,69.0,292295872.0,138,False,Inception
Dec 1,Wednesday,25,10406.0,+3.8%,-57.8%,144,72.0,292306278.0,139,False,Inception
Dec 2,Thursday,26,10196.0,-2%,-57.2%,144,70.0,292316474.0,140,False,Inception
Dec 3,Friday,29,21154.0,+107.5%,-56%,117,180.0,292337628.0,141,False,Inception
Dec 4,Saturday,30,30901.0,+46.1%,-38.4%,117,264.0,292368529.0,142,False,Inception
Dec 5,Sunday,33,15371.0,-50.3%,-27.8%,117,131.0,292383900.0,143,False,Inception
Dec 6,Monday,29,6203.0,-59.6%,-23.3%,117,53.0,292390103.0,144,False,Inception
Dec 7,Tuesday,31,7424.0,+19.7%,-26%,117,63.0,292397527.0,145,False,Inception
Dec 8,Wednesday,31,7127.0,-4%,-31.5%,117,60.0,292404654.0,146,False,Inception
Dec 9,Thursday,29,7583.0,+6.4%,-25.6%,117,64.0,292412237.0,147,False,Inception
Dec 10,Friday,31,16754.0,+120.9%,-20.8%,108,155.0,292428991.0,148,False,Inception
Dec 11,Saturday,31,21679.0,+29.4%,-29.8%,108,200.0,292450670.0,149,False,Inception
Dec 12,Sunday,33,11563.0,-46.7%,-24.8%,108,107.0,292462233.0,150,False,Inception
Dec 13,Monday,33,5219.0,-54.9%,-15.9%,108,48.0,292467452.0,151,False,Inception
Dec 14,Tuesday,32,6006.0,+15.1%,-19.1%,108,55.0,292473458.0,152,False,Inception
Dec 15,Wednesday,32,5646.0,-6%,-20.8%,108,52.0,292479104.0,153,False,Inception
Dec 16,Thursday,31,6440.0,+14.1%,-15.1%,108,59.0,292485544.0,154,False,Inception
Dec 17,Friday,39,8564.0,+33%,-48.9%,62,138.0,292494108.0,155,False,Inception
Dec 18,Saturday,39,10296.0,+20.2%,-52.5%,62,166.0,292504404.0,156,False,Inception
Dec 19,Sunday,39,7069.0,-31.3%,-38.9%,62,114.0,292511473.0,157,False,Inception
Dec 20,Monday,37,5609.0,-20.7%,+7.5%,62,90.0,292517082.0,158,False,Inception
Dec 21,Tuesday,38,5419.0,-3.4%,-9.8%,62,87.0,292522501.0,159,False,Inception
Dec 22,Wednesday,43,2540.0,-53.1%,-55%,40,63.0,292525041.0,160,False,Inception
Dec 23,Thursday,41,3551.0,+39.8%,-44.9%,40,88.0,292528592.0,161,False,Inception
Dec 24,Friday,42,2520.0,-29%,-70.6%,28,90.0,292531112.0,162,False,Inception
Dec 25Christmas Day,Saturday,40,3018.0,+19.8%,-70.7%,28,107.0,292534130.0,163,False,Inception
Dec 26,Sunday,43,3519.0,+16.6%,-50.2%,28,125.0,292537649.0,164,False,Inception
Dec 27,Monday,43,3437.0,-2.3%,-38.7%,28,122.0,292541086.0,165,False,Inception
Dec 28,Tuesday,43,3648.0,+6.1%,-32.7%,28,130.0,292544734.0,166,False,Inception
Dec 29,Wednesday,44,3582.0,-1.8%,+41%,28,127.0,292548316.0,167,False,Inception
Dec 30,Thursday,43,5203.0,+45.3%,+46.5%,28,185.0,292553519.0,168,False,Inception
Dec 31New Year's Eve,Friday,42,4669.0,-10.3%,+85.3%,28,166.0,292558188.0,169,False,Inception
Jan 1New Year's Day,Saturday,41,7024.0,+50.4%,+132.7%,28,250.0,292565212.0,170,False,Inception
Jan 2,Sunday,42,3639.0,-48.2%,+3.4%,28,129.0,292568851.0,171,False,Inception
Jan 3,Monday,41,2541.0,-30.2%,-26.1%,28,90.0,292571392.0,172,False,Inception
Jan 4,Tuesday,44,1305.0,-48.6%,-64.2%,28,46.0,292572697.0,173,False,Inception
Jan 5,Wednesday,41,1804.0,+38.2%,-49.6%,28,64.0,292574501.0,174,False,Inception
Jan 6,Thursday,41,1694.0,-6.1%,-67.4%,28,60.0,292576195.0,175,False,Inception
Jul 20,Friday,1,75754897.0,-,-,4404,17201.0,75754897.0,1,False,The Dark Knight Rises
Jul 21,Saturday,1,44931966.0,-40.7%,-,4404,10202.0,120686863.0,2,False,The Dark Knight Rises
Jul 22,Sunday,1,40200432.0,-10.5%,-,4404,9128.0,160887295.0,3,False,The Dark Knight Rises
Jul 23,Monday,1,19389129.0,-51.8%,-,4404,4402.0,180276424.0,4,False,The Dark Knight Rises
Jul 24,Tuesday,1,17762472.0,-8.4%,-,4404,4033.0,198038896.0,5,False,The Dark Knight Rises
Jul 25,Wednesday,1,13770092.0,-22.5%,-,4404,3126.0,211808988.0,6,False,The Dark Knight Rises
Jul 26,Thursday,1,13202371.0,-4.1%,-,4404,2997.0,225011359.0,7,False,The Dark Knight Rises
Jul 27London Olympics,Friday,1,17734545.0,+34.3%,-76.6%,4404,4026.0,242745904.0,8,False,The Dark Knight Rises
Jul 28London Olympics,Saturday,1,24712417.0,+39.3%,-45%,4404,5611.0,267458321.0,9,False,The Dark Knight Rises
Jul 29London Olympics,Sunday,1,19654489.0,-20.5%,-51.1%,4404,4462.0,287112810.0,10,False,The Dark Knight Rises
Jul 30London Olympics,Monday,1,8160046.0,-58.5%,-57.9%,4404,1852.0,295272856.0,11,False,The Dark Knight Rises
Jul 31London Olympics,Tuesday,1,8773116.0,+7.5%,-50.6%,4404,1992.0,304045972.0,12,False,The Dark Knight Rises
Aug 1London Olympics,Wednesday,1,7333325.0,-16.4%,-46.7%,4404,1665.0,311379297.0,13,False,The Dark Knight Rises
Aug 2London Olympics,Thursday,1,6818467.0,-7%,-48.4%,4404,1548.0,318197764.0,14,False,The Dark Knight Rises
Aug 3London Olympics,Friday,1,10226050.0,+50%,-42.3%,4242,2410.0,328423814.0,15,False,The Dark Knight Rises
Aug 4London Olympics,Saturday,1,14273114.0,+39.6%,-42.2%,4242,3364.0,342696928.0,16,False,The Dark Knight Rises
Aug 5London Olympics,Sunday,1,11238166.0,-21.3%,-42.8%,4242,2649.0,353935094.0,17,False,The Dark Knight Rises
Aug 6London Olympics,Monday,1,4725498.0,-58%,-42.1%,4242,1113.0,358660592.0,18,False,The Dark Knight Rises
Aug 7London Olympics,Tuesday,1,4673412.0,-1.1%,-46.7%,4242,1101.0,363334004.0,19,False,The Dark Knight Rises
Aug 8London Olympics,Wednesday,1,3688489.0,-21.1%,-49.7%,4242,869.0,367022493.0,20,False,The Dark Knight Rises
Aug 9London Olympics,Thursday,1,3586326.0,-2.8%,-47.4%,4242,845.0,370608819.0,21,False,The Dark Knight Rises
Aug 10London Olympics,Friday,3,5600199.0,+56.2%,-45.2%,3690,1517.0,376209018.0,22,False,The Dark Knight Rises
Aug 11London Olympics,Saturday,3,7839992.0,+40%,-45.1%,3690,2124.0,384049010.0,23,False,The Dark Knight Rises
Aug 12London Olympics,Sunday,3,5539206.0,-29.3%,-50.7%,3690,1501.0,389588216.0,24,False,The Dark Knight Rises
Aug 13,Monday,3,2344003.0,-57.7%,-50.4%,3690,635.0,391932219.0,25,False,The Dark Knight Rises
Aug 14,Tuesday,3,2674360.0,+14.1%,-42.8%,3690,724.0,394606579.0,26,False,The Dark Knight Rises
Aug 15,Wednesday,4,2137123.0,-20.1%,-42.1%,3690,579.0,396743702.0,27,False,The Dark Knight Rises
Aug 16,Thursday,3,2032209.0,-4.9%,-43.3%,3690,550.0,398775911.0,28,False,The Dark Knight Rises
Aug 17,Friday,7,3122136.0,+53.6%,-44.2%,3157,988.0,401898047.0,29,False,The Dark Knight Rises
Aug 18,Saturday,5,4568006.0,+46.3%,-41.7%,3157,1446.0,406466053.0,30,False,The Dark Knight Rises
Aug 19,Sunday,5,3321207.0,-27.3%,-40%,3157,1052.0,409787260.0,31,False,The Dark Knight Rises
Aug 20,Monday,5,1374465.0,-58.6%,-41.4%,3157,435.0,411161725.0,32,False,The Dark Knight Rises
Aug 21,Tuesday,6,1503295.0,+9.4%,-43.8%,3157,476.0,412665020.0,33,False,The Dark Knight Rises
Aug 22,Wednesday,5,1196744.0,-20.4%,-44%,3157,379.0,413861764.0,34,False,The Dark Knight Rises
Aug 23,Thursday,3,1171137.0,-2.1%,-42.4%,3157,370.0,415032901.0,35,False,The Dark Knight Rises
Aug 24,Friday,7,1990234.0,+69.9%,-36.3%,2606,763.0,417023135.0,36,False,The Dark Knight Rises
Aug 25,Saturday,5,3144563.0,+58%,-31.2%,2606,1206.0,420167698.0,37,False,The Dark Knight Rises
Aug 26,Sunday,4,2087520.0,-33.6%,-37.1%,2606,801.0,422255218.0,38,False,The Dark Knight Rises
Aug 27,Monday,5,833162.0,-60.1%,-39.4%,2606,319.0,423088380.0,39,False,The Dark Knight Rises
Aug 28,Tuesday,7,888238.0,+6.6%,-40.9%,2606,340.0,423976618.0,40,False,The Dark Knight Rises
Aug 29,Wednesday,5,669125.0,-24.7%,-44.1%,2606,256.0,424645743.0,41,False,The Dark Knight Rises
Aug 30,Thursday,5,668207.0,-0.1%,-42.9%,2606,256.0,425313950.0,42,False,The Dark Knight Rises
Aug 31,Friday,7,1415492.0,+111.8%,-28.9%,2187,647.0,426729442.0,43,False,The Dark Knight Rises
Sep 1,Saturday,7,2247575.0,+58.8%,-28.5%,2187,1027.0,428977017.0,44,False,The Dark Knight Rises
Sep 2,Sunday,6,2453268.0,+9.2%,+17.5%,2187,1121.0,431430285.0,45,False,The Dark Knight Rises
Sep 3Labor Day,Monday,8,1880976.0,-23.3%,+125.8%,2187,860.0,433311261.0,46,False,The Dark Knight Rises
Sep 4,Tuesday,6,503493.0,-73.2%,-43.3%,2187,230.0,433814754.0,47,False,The Dark Knight Rises
Sep 5,Wednesday,7,362170.0,-28.1%,-45.9%,2187,165.0,434176924.0,48,False,The Dark Knight Rises
Sep 6,Thursday,6,387369.0,+7%,-42%,2187,177.0,434564293.0,49,False,The Dark Knight Rises
Sep 7,Friday,9,863319.0,+122.9%,-39%,1987,434.0,435427612.0,50,False,The Dark Knight Rises
Sep 8,Saturday,9,1571149.0,+82%,-30.1%,1987,790.0,436998761.0,51,False,The Dark Knight Rises
Sep 9,Sunday,9,783721.0,-50.1%,-68.1%,1987,394.0,437782482.0,52,False,The Dark Knight Rises
Sep 10,Monday,8,251430.0,-67.9%,-86.6%,1987,126.0,438033912.0,53,False,The Dark Knight Rises
Sep 11,Tuesday,9,317302.0,+26.2%,-37%,1987,159.0,438351214.0,54,False,The Dark Knight Rises
Sep 12,Wednesday,9,263330.0,-17%,-27.3%,1987,132.0,438614544.0,55,False,The Dark Knight Rises
Sep 13,Thursday,9,256085.0,-2.8%,-33.9%,1987,128.0,438870629.0,56,False,The Dark Knight Rises
Sep 14,Friday,13,609073.0,+137.8%,-29.4%,1581,385.0,439479702.0,57,False,The Dark Knight Rises
Sep 15,Saturday,11,1027547.0,+68.7%,-34.6%,1581,649.0,440507249.0,58,False,The Dark Knight Rises
Sep 16,Sunday,11,545829.0,-46.9%,-30.4%,1581,345.0,441053078.0,59,False,The Dark Knight Rises
Sep 17,Monday,12,206366.0,-62.2%,-17.9%,1581,130.0,441259444.0,60,False,The Dark Knight Rises
Sep 18,Tuesday,13,238137.0,+15.4%,-24.9%,1581,150.0,441497581.0,61,False,The Dark Knight Rises
Sep 19,Wednesday,11,179167.0,-24.8%,-32%,1581,113.0,441676748.0,62,False,The Dark Knight Rises
Sep 20,Thursday,11,181122.0,+1.1%,-29.3%,1581,114.0,441857870.0,63,False,The Dark Knight Rises
Sep 21,Friday,15,347832.0,+92%,-42.9%,948,366.0,442205702.0,64,False,The Dark Knight Rises
Sep 22,Saturday,14,608414.0,+74.9%,-40.8%,948,641.0,442814116.0,65,False,The Dark Knight Rises
Sep 23,Sunday,14,309898.0,-49.1%,-43.2%,948,326.0,443124014.0,66,False,The Dark Knight Rises
Sep 24,Monday,14,103442.0,-66.6%,-49.9%,948,109.0,443227456.0,67,False,The Dark Knight Rises
Sep 25,Tuesday,14,128360.0,+24.1%,-46.1%,948,135.0,443355816.0,68,False,The Dark Knight Rises
Sep 26,Wednesday,14,126126.0,-1.7%,-29.6%,948,133.0,443481942.0,69,False,The Dark Knight Rises
Sep 27,Thursday,13,106289.0,-15.7%,-41.3%,948,112.0,443588231.0,70,False,The Dark Knight Rises
Sep 28,Friday,17,218235.0,+105.3%,-37.3%,655,333.0,443806466.0,71,False,The Dark Knight Rises
Sep 29,Saturday,17,378654.0,+73.5%,-37.8%,655,578.0,444185120.0,72,False,The Dark Knight Rises
Sep 30,Sunday,17,192540.0,-49.2%,-37.9%,655,293.0,444377660.0,73,False,The Dark Knight Rises
Oct 1,Monday,15,73167.0,-62%,-29.3%,655,111.0,444450827.0,74,False,The Dark Knight Rises
Oct 2,Tuesday,16,89140.0,+21.8%,-30.6%,655,136.0,444539967.0,75,False,The Dark Knight Rises
Oct 3,Wednesday,15,73197.0,-17.9%,-42%,655,111.0,444613164.0,76,False,The Dark Knight Rises
Oct 4,Thursday,15,82041.0,+12.1%,-22.8%,655,125.0,444695205.0,77,False,The Dark Knight Rises
Oct 5,Friday,16,179194.0,+118.4%,-17.9%,575,311.0,444874399.0,78,False,The Dark Knight Rises
Oct 6,Saturday,15,295275.0,+64.8%,-22%,575,513.0,445169674.0,79,False,The Dark Knight Rises
Oct 7,Sunday,15,199967.0,-32.3%,+3.9%,575,347.0,445369641.0,80,False,The Dark Knight Rises
Oct 8Indig. Peoples' Day,Monday,15,103983.0,-48%,+42.1%,575,180.0,445473624.0,81,False,The Dark Knight Rises
Oct 9,Tuesday,15,74868.0,-28%,-16%,575,130.0,445548492.0,82,False,The Dark Knight Rises
Oct 10,Wednesday,15,71874.0,-4%,-1.8%,575,124.0,445620366.0,83,False,The Dark Knight Rises
Oct 11,Thursday,14,68231.0,-5.1%,-16.8%,575,118.0,445688597.0,84,False,The Dark Knight Rises
Oct 12,Friday,16,150026.0,+119.9%,-16.3%,465,322.0,445838623.0,85,False,The Dark Knight Rises
Oct 13,Saturday,16,230640.0,+53.7%,-21.9%,465,496.0,446069263.0,86,False,The Dark Knight Rises
Oct 14,Sunday,17,130733.0,-43.3%,-34.6%,465,281.0,446199996.0,87,False,The Dark Knight Rises
Oct 15,Monday,16,47064.0,-64%,-54.7%,465,101.0,446247060.0,88,False,The Dark Knight Rises
Oct 16,Tuesday,16,52712.0,+12%,-29.6%,465,113.0,446299772.0,89,False,The Dark Knight Rises
Oct 17,Wednesday,16,51131.0,-3%,-28.9%,465,109.0,446350903.0,90,False,The Dark Knight Rises
Oct 18,Thursday,16,53655.0,+4.9%,-21.4%,465,115.0,446404558.0,91,False,The Dark Knight Rises
Oct 19,Friday,18,105864.0,+97.3%,-29.4%,345,306.0,446510422.0,92,False,The Dark Knight Rises
Oct 20,Saturday,18,160362.0,+51.5%,-30.5%,345,464.0,446670784.0,93,False,The Dark Knight Rises
Oct 21,Sunday,17,93283.0,-41.8%,-28.6%,345,270.0,446764067.0,94,False,The Dark Knight Rises
Oct 22,Monday,17,28518.0,-69.4%,-39.4%,345,82.0,446792585.0,95,False,The Dark Knight Rises
Oct 23,Tuesday,18,36103.0,+26.6%,-31.5%,345,104.0,446828688.0,96,False,The Dark Knight Rises
Oct 24,Wednesday,17,32493.0,-10%,-36.5%,345,94.0,446861181.0,97,False,The Dark Knight Rises
Oct 25,Thursday,17,33317.0,+2.5%,-37.9%,345,96.0,446894498.0,98,False,The Dark Knight Rises
Oct 26,Friday,19,79005.0,+137.1%,-25.4%,291,271.0,446973503.0,99,False,The Dark Knight Rises
Oct 27,Saturday,20,117256.0,+48.4%,-26.9%,291,402.0,447090759.0,100,False,The Dark Knight Rises
Oct 28,Sunday,20,67595.0,-42.4%,-27.5%,291,232.0,447158354.0,101,False,The Dark Knight Rises
Oct 29Hurricane Sandy,Monday,18,24106.0,-64.3%,-15.5%,291,82.0,447182460.0,102,False,The Dark Knight Rises
Oct 30Hurricane Sandy,Tuesday,21,26488.0,+9.9%,-26.6%,291,91.0,447208948.0,103,False,The Dark Knight Rises
Oct 31Halloween Hurricane Sandy,Wednesday,22,24981.0,-5.7%,-23.1%,291,85.0,447233929.0,104,False,The Dark Knight Rises
Nov 1,Thursday,21,27478.0,+10%,-17.5%,291,94.0,447261407.0,105,False,The Dark Knight Rises
Nov 2,Friday,21,70909.0,+158.1%,-10.2%,291,243.0,447332316.0,106,False,The Dark Knight Rises
Nov 3,Saturday,21,120391.0,+69.8%,+2.7%,291,413.0,447452707.0,107,False,The Dark Knight Rises
Nov 4,Sunday,22,68440.0,-43.2%,+1.3%,291,235.0,447521147.0,108,False,The Dark Knight Rises
Nov 5,Monday,21,28060.0,-59%,+16.4%,291,96.0,447549207.0,109,False,The Dark Knight Rises
Nov 6,Tuesday,22,23009.0,-18%,-13.1%,291,79.0,447572216.0,110,False,The Dark Knight Rises
Nov 7,Wednesday,21,23239.0,+1%,-7%,291,79.0,447595455.0,111,False,The Dark Knight Rises
Nov 8,Thursday,24,19056.0,-18%,-30.6%,291,65.0,447614511.0,112,False,The Dark Knight Rises
Nov 9,Friday,24,42042.0,+120.6%,-40.7%,243,173.0,447656553.0,113,False,The Dark Knight Rises
Nov 10,Saturday,25,66297.0,+57.7%,-44.9%,243,272.0,447722850.0,114,False,The Dark Knight Rises
Nov 11,Sunday,25,41733.0,-37.1%,-39%,243,171.0,447764583.0,115,False,The Dark Knight Rises
Nov 12,Monday,26,21702.0,-48%,-22.7%,243,89.0,447786285.0,116,False,The Dark Knight Rises
Nov 13,Tuesday,28,10634.0,-51%,-53.8%,243,43.0,447796919.0,117,False,The Dark Knight Rises
Nov 14,Wednesday,27,10115.0,-4.9%,-56.5%,243,41.0,447807034.0,118,False,The Dark Knight Rises
Nov 15,Thursday,27,10823.0,+7%,-43.2%,243,44.0,447817857.0,119,False,The Dark Knight Rises
Nov 16,Friday,29,26207.0,+142.1%,-37.7%,160,163.0,447844064.0,120,False,The Dark Knight Rises
Nov 17,Saturday,30,41887.0,+59.8%,-36.8%,160,261.0,447885951.0,121,False,The Dark Knight Rises
Nov 18,Sunday,31,25197.0,-39.8%,-39.6%,160,157.0,447911148.0,122,False,The Dark Knight Rises
Nov 19,Monday,31,11347.0,-55%,-47.7%,160,70.0,447922495.0,123,False,The Dark Knight Rises
Nov 20,Tuesday,31,14125.0,+24.5%,+32.8%,160,88.0,447936620.0,124,False,The Dark Knight Rises
Nov 21,Wednesday,30,14780.0,+4.6%,+46.1%,108,136.0,447951400.0,125,False,The Dark Knight Rises
Nov 22Thanksgiving,Thursday,28,12499.0,-15.4%,+15.5%,108,115.0,447963899.0,126,False,The Dark Knight Rises
Nov 23,Friday,34,28180.0,+125.5%,+7.5%,108,260.0,447992079.0,127,False,The Dark Knight Rises
Nov 24,Saturday,35,29059.0,+3.1%,-30.6%,108,269.0,448021138.0,128,False,The Dark Knight Rises
Nov 25,Sunday,36,13224.0,-54.5%,-47.5%,108,122.0,448034362.0,129,False,The Dark Knight Rises
Nov 26,Monday,34,3668.0,-72.3%,-67.7%,108,33.0,448038030.0,130,False,The Dark Knight Rises
Nov 27,Tuesday,31,4328.0,+18%,-69.4%,108,40.0,448042358.0,131,False,The Dark Knight Rises
Nov 28,Wednesday,34,4055.0,-6.3%,-72.6%,108,37.0,448046413.0,132,False,The Dark Knight Rises
Nov 29,Thursday,27,6518.0,+60.7%,-47.9%,108,60.0,448052931.0,133,False,The Dark Knight Rises
Nov 30,Friday,34,12127.0,+86.1%,-57%,80,151.0,448065058.0,134,False,The Dark Knight Rises
Dec 1,Saturday,37,18771.0,+54.8%,-35.4%,80,234.0,448083829.0,135,False,The Dark Knight Rises
Dec 2,Sunday,37,9967.0,-46.9%,-24.6%,80,124.0,448093796.0,136,False,The Dark Knight Rises
Dec 3,Monday,32,3212.0,-67.8%,-12.4%,80,40.0,448097008.0,137,False,The Dark Knight Rises
Dec 4,Tuesday,36,3208.0,-0.1%,-25.9%,80,40.0,448100216.0,138,False,The Dark Knight Rises
Dec 5,Wednesday,34,3052.0,-4.9%,-24.7%,80,38.0,448103268.0,139,False,The Dark Knight Rises
Dec 6,Thursday,34,3043.0,-0.3%,-53.3%,80,38.0,448106311.0,140,False,The Dark Knight Rises
Dec 7,Friday,38,7109.0,+133.6%,-41.4%,62,114.0,448113420.0,141,False,The Dark Knight Rises
Dec 8,Saturday,38,11366.0,+59.9%,-39.4%,62,183.0,448124786.0,142,False,The Dark Knight Rises
Dec 9,Sunday,41,5856.0,-48.5%,-41.2%,62,94.0,448130642.0,143,False,The Dark Knight Rises
Dec 10,Monday,40,1904.0,-67.5%,-40.7%,62,30.0,448132546.0,144,False,The Dark Knight Rises
Dec 11,Tuesday,38,2094.0,+10%,-34.7%,62,33.0,448134640.0,145,False,The Dark Knight Rises
Dec 12,Wednesday,38,2052.0,-2%,-32.8%,62,33.0,448136692.0,146,False,The Dark Knight Rises
Dec 13,Thursday,35,2407.0,+17.3%,-20.9%,62,38.0,448139099.0,147,False,The Dark Knight Rises
Nov 5,Wednesday,1,1350209.0,-,-,249,5422.0,1350209.0,1,False,Interstellar
Nov 6,Thursday,2,801244.0,-40.7%,-,249,3217.0,2151453.0,2,False,Interstellar
Nov 7,Friday,1,16871009.0,"+2,005.6%",-,3561,4737.0,19022462.0,3,False,Interstellar
Nov 8,Saturday,2,18292991.0,+8.4%,-,3561,5137.0,37315453.0,4,False,Interstellar
Nov 9,Sunday,2,12346360.0,-32.5%,-,3561,3467.0,49661813.0,5,False,Interstellar
Nov 10,Monday,1,5274857.0,-57.3%,-,3561,1481.0,54936670.0,6,False,Interstellar
Nov 11,Tuesday,2,6900370.0,+30.8%,-,3561,1937.0,61837040.0,7,False,Interstellar
Nov 12,Wednesday,1,3416154.0,-50.5%,+153%,3561,959.0,65253194.0,8,False,Interstellar
Nov 13,Thursday,1,3366661.0,-1.4%,+320.2%,3561,945.0,68619855.0,9,False,Interstellar
Nov 14,Friday,2,8302649.0,+146.6%,-50.8%,3561,2331.0,76922504.0,10,False,Interstellar
Nov 15,Saturday,3,12510975.0,+50.7%,-31.6%,3561,3513.0,89433479.0,11,False,Interstellar
Nov 16,Sunday,3,7494002.0,-40.1%,-39.3%,3561,2104.0,96927481.0,12,False,Interstellar
Nov 17,Monday,1,2163528.0,-71.1%,-59%,3561,607.0,99091009.0,13,False,Interstellar
Nov 18,Tuesday,1,2666312.0,+23.2%,-61.4%,3561,748.0,101757321.0,14,False,Interstellar
Nov 19,Wednesday,1,2022943.0,-24.1%,-40.8%,3561,568.0,103780264.0,15,False,Interstellar
Nov 20,Thursday,1,1811803.0,-10.4%,-46.2%,3561,508.0,105592067.0,16,False,Interstellar
Nov 21,Friday,4,4220407.0,+132.9%,-49.2%,3415,1235.0,109812474.0,17,False,Interstellar
Nov 22,Saturday,3,6805320.0,+61.2%,-45.6%,3415,1992.0,116617794.0,18,False,Interstellar
Nov 23,Sunday,3,4315440.0,-36.6%,-42.4%,3415,1263.0,120933234.0,19,False,Interstellar
Nov 24,Monday,3,1726816.0,-60%,-20.2%,3415,505.0,122660050.0,20,False,Interstellar
Nov 25,Tuesday,3,2420222.0,+40.2%,-9.2%,3415,708.0,125080272.0,21,False,Interstellar
Nov 26,Wednesday,5,3172132.0,+31.1%,+56.8%,3066,1034.0,128252404.0,22,False,Interstellar
Nov 27Thanksgiving,Thursday,4,3040073.0,-4.2%,+67.8%,3066,991.0,131292477.0,23,False,Interstellar
Nov 28,Friday,4,6604574.0,+117.3%,+56.5%,3066,2154.0,137897051.0,24,False,Interstellar
Nov 29,Saturday,5,6111539.0,-7.5%,-10.2%,3066,1993.0,144008590.0,25,False,Interstellar
Nov 30,Sunday,5,3026892.0,-50.5%,-29.9%,3066,987.0,147035482.0,26,False,Interstellar
Dec 1,Monday,3,847665.0,-72%,-50.9%,3066,276.0,147883147.0,27,False,Interstellar
Dec 2,Tuesday,3,1046566.0,+23.5%,-56.8%,3066,341.0,148929713.0,28,False,Interstellar
Dec 3,Wednesday,3,850836.0,-18.7%,-73.2%,3066,277.0,149780549.0,29,False,Interstellar
Dec 4,Thursday,3,876413.0,+3%,-71.2%,3066,285.0,150656962.0,30,False,Interstellar
Dec 5,Friday,4,2135264.0,+143.6%,-67.7%,3028,705.0,152792226.0,31,False,Interstellar
Dec 6,Saturday,5,3581210.0,+67.7%,-41.4%,3028,1182.0,156373436.0,32,False,Interstellar
Dec 7,Sunday,4,2071883.0,-42.1%,-31.6%,3028,684.0,158445319.0,33,False,Interstellar
Dec 8,Monday,3,650235.0,-68.6%,-23.3%,3028,214.0,159095554.0,34,False,Interstellar
Dec 9,Tuesday,3,825347.0,+26.9%,-21.1%,3028,272.0,159920901.0,35,False,Interstellar
Dec 10,Wednesday,3,684260.0,-17.1%,-19.6%,3028,225.0,160605161.0,36,False,Interstellar
Dec 11,Thursday,2,694415.0,+1.5%,-20.8%,3028,229.0,161299576.0,37,False,Interstellar
Dec 12,Friday,5,1500039.0,+116%,-29.7%,2692,557.0,162799615.0,38,False,Interstellar
Dec 13,Saturday,6,2440434.0,+62.7%,-31.9%,2692,906.0,165240049.0,39,False,Interstellar
Dec 14,Sunday,5,1512431.0,-38%,-27%,2692,561.0,166752480.0,40,False,Interstellar
Dec 15,Monday,3,523144.0,-65.4%,-19.5%,2692,194.0,167275624.0,41,False,Interstellar
Dec 16,Tuesday,3,656788.0,+25.5%,-20.4%,2692,243.0,167932412.0,42,False,Interstellar
Dec 17,Wednesday,7,440755.0,-32.9%,-35.6%,2251,195.0,168373167.0,43,False,Interstellar
Dec 18,Thursday,5,460075.0,+4.4%,-33.7%,2251,204.0,168833242.0,44,False,Interstellar
Dec 19,Friday,11,720577.0,+56.6%,-52%,1550,464.0,169553819.0,45,False,Interstellar
Dec 20,Saturday,11,1070807.0,+48.6%,-56.1%,1550,690.0,170624626.0,46,False,Interstellar
Dec 21,Sunday,11,910905.0,-14.9%,-39.8%,1550,587.0,171535531.0,47,False,Interstellar
Dec 22,Monday,9,660732.0,-27.5%,+26.3%,1550,426.0,172196263.0,48,False,Interstellar
Dec 23,Tuesday,9,763250.0,+15.5%,+16.2%,1550,492.0,172959513.0,49,False,Interstellar
Dec 24,Wednesday,10,430944.0,-43.5%,-2.2%,1550,278.0,173390457.0,50,False,Interstellar
Dec 25Christmas Day,Thursday,16,994102.0,+130.7%,+116.1%,1253,793.0,174384559.0,51,False,Interstellar
Dec 26,Friday,13,1064026.0,+7%,+47.7%,1253,849.0,175448585.0,52,False,Interstellar
Dec 27,Saturday,15,1080242.0,+1.5%,+0.9%,1253,862.0,176528827.0,53,False,Interstellar
Dec 28,Sunday,14,858390.0,-20.5%,-5.8%,1253,685.0,177387217.0,54,False,Interstellar
Dec 29,Monday,13,693285.0,-19.2%,+4.9%,1253,553.0,178080502.0,55,False,Interstellar
Dec 30,Tuesday,13,727628.0,+5%,-4.7%,1253,580.0,178808130.0,56,False,Interstellar
Dec 31New Year's Eve,Wednesday,14,579765.0,-20.3%,+34.5%,1253,462.0,179387895.0,57,False,Interstellar
Jan 1New Year's Day,Thursday,14,954128.0,+64.6%,-4%,1253,761.0,180342023.0,58,False,Interstellar
Jan 2,Friday,15,952015.0,-0.2%,-10.5%,1048,908.0,181294038.0,59,False,Interstellar
Jan 3,Saturday,15,936359.0,-1.6%,-13.3%,1048,893.0,182230397.0,60,False,Interstellar
Jan 4,Sunday,15,571697.0,-38.9%,-33.4%,1048,545.0,182802094.0,61,False,Interstellar
Jan 5,Monday,14,225916.0,-60.5%,-67.4%,1048,215.0,183028010.0,62,False,Interstellar
Jan 6,Tuesday,14,229976.0,+1.8%,-68.4%,1048,219.0,183257986.0,63,False,Interstellar
Jan 7,Wednesday,14,205777.0,-10.5%,-64.5%,1048,196.0,183463763.0,64,False,Interstellar
Jan 8,Thursday,14,185086.0,-10.1%,-80.6%,1048,176.0,183648849.0,65,False,Interstellar
Jan 9,Friday,16,332090.0,+79.4%,-65.1%,703,472.0,183980939.0,66,False,Interstellar
Jan 10,Saturday,17,526520.0,+58.5%,-43.8%,703,748.0,184507459.0,67,False,Interstellar
Jan 11,Sunday,18,301542.0,-42.7%,-47.3%,703,428.0,184809001.0,68,False,Interstellar
Jan 12,Monday,16,94740.0,-68.6%,-58.1%,703,134.0,184903741.0,69,False,Interstellar
Jan 13,Tuesday,18,123681.0,+30.5%,-46.2%,703,175.0,185027422.0,70,False,Interstellar
Jan 14,Wednesday,17,109536.0,-11.4%,-46.8%,703,155.0,185136958.0,71,False,Interstellar
Jan 15,Thursday,18,91568.0,-16.4%,-50.5%,703,130.0,185228526.0,72,False,Interstellar
Jan 16,Friday,23,139090.0,+51.9%,-58.1%,328,424.0,185367616.0,73,False,Interstellar
Jan 17,Saturday,22,251068.0,+80.5%,-52.3%,328,765.0,185618684.0,74,False,Interstellar
Jan 18,Sunday,24,155180.0,-38.2%,-48.5%,328,473.0,185773864.0,75,False,Interstellar
Jan 19MLK Day,Monday,24,107964.0,-30.4%,+14%,328,329.0,185881828.0,76,False,Interstellar
Jan 20,Tuesday,22,46088.0,-57.3%,-62.7%,328,140.0,185927916.0,77,False,Interstellar
Jan 21,Wednesday,22,40258.0,-12.6%,-63.2%,328,122.0,185968174.0,78,False,Interstellar
Jan 22,Thursday,21,47258.0,+17.4%,-48.4%,328,144.0,186015432.0,79,False,Interstellar
Jan 23,Friday,25,86029.0,+82%,-38.1%,214,402.0,186101461.0,80,False,Interstellar
Jan 24,Saturday,26,156595.0,+82%,-37.6%,214,731.0,186258056.0,81,False,Interstellar
Jan 25,Sunday,26,92486.0,-40.9%,-40.4%,214,432.0,186350542.0,82,False,Interstellar
Jan 26,Monday,26,25815.0,-72.1%,-76.1%,214,120.0,186376357.0,83,False,Interstellar
Jan 27,Tuesday,26,32905.0,+27.5%,-28.6%,214,153.0,186409262.0,84,False,Interstellar
Jan 28,Wednesday,24,28096.0,-14.6%,-30.2%,214,131.0,186437358.0,85,False,Interstellar
Jan 29,Thursday,25,28142.0,+0.2%,-40.5%,214,131.0,186465500.0,86,False,Interstellar
Jan 30,Friday,27,55525.0,+97.3%,-35.5%,158,351.0,186521025.0,87,False,Interstellar
Jan 31,Saturday,27,102393.0,+84.4%,-34.6%,158,648.0,186623418.0,88,False,Interstellar
Feb 1,Sunday,27,33696.0,-67.1%,-63.6%,158,213.0,186657114.0,89,False,Interstellar
Feb 2,Monday,28,17927.0,-46.8%,-30.6%,158,113.0,186675041.0,90,False,Interstellar
Feb 3,Tuesday,27,21179.0,+18.1%,-35.6%,158,134.0,186696220.0,91,False,Interstellar
Feb 4,Wednesday,26,17501.0,-17.4%,-37.7%,158,110.0,186713721.0,92,False,Interstellar
Feb 5,Thursday,25,19428.0,+11%,-31%,158,122.0,186733149.0,93,False,Interstellar
Feb 6,Friday,25,42231.0,+117.4%,-23.9%,119,354.0,186775380.0,94,False,Interstellar
Feb 7,Saturday,26,74379.0,+76.1%,-27.4%,119,625.0,186849759.0,95,False,Interstellar
Feb 8,Sunday,27,44943.0,-39.6%,+33.4%,119,377.0,186894702.0,96,False,Interstellar
Feb 9,Monday,25,16036.0,-64.3%,-10.5%,119,134.0,186910738.0,97,False,Interstellar
Feb 10,Tuesday,26,16797.0,+4.7%,-20.7%,119,141.0,186927535.0,98,False,Interstellar
Feb 11,Wednesday,24,16375.0,-2.5%,-6.4%,119,137.0,186943910.0,99,False,Interstellar
Feb 12,Thursday,25,15771.0,-3.7%,-18.8%,119,132.0,186959681.0,100,False,Interstellar
Feb 13,Friday,24,53760.0,+240.9%,+27.3%,196,274.0,187013441.0,101,False,Interstellar
Feb 14,Saturday,23,108808.0,+102.4%,+46.3%,196,555.0,187122249.0,102,False,Interstellar
Feb 15,Sunday,23,72305.0,-33.5%,+60.9%,196,368.0,187194554.0,103,False,Interstellar
Feb 16Presidents' Day,Monday,27,38674.0,-46.5%,+141.2%,196,197.0,187233228.0,104,False,Interstellar
Feb 17,Tuesday,23,22252.0,-42.5%,+32.5%,196,113.0,187255480.0,105,False,Interstellar
Feb 18,Wednesday,24,18934.0,-14.9%,+15.6%,196,96.0,187274414.0,106,False,Interstellar
Feb 19,Thursday,24,21558.0,+13.9%,+36.7%,196,109.0,187295972.0,107,False,Interstellar
Feb 20,Friday,25,50453.0,+134%,-6.2%,185,272.0,187346425.0,108,False,Interstellar
Feb 21,Saturday,21,161643.0,+220.4%,+48.6%,185,873.0,187508068.0,109,False,Interstellar
Feb 22,Sunday,25,49018.0,-69.7%,-32.2%,185,264.0,187557086.0,110,False,Interstellar
Feb 23,Monday,23,20558.0,-58.1%,-46.8%,185,111.0,187577644.0,111,False,Interstellar
Feb 24,Tuesday,24,22358.0,+8.8%,+0.5%,185,120.0,187600002.0,112,False,Interstellar
Feb 25,Wednesday,23,20174.0,-9.8%,+6.5%,185,109.0,187620176.0,113,False,Interstellar
Feb 26,Thursday,23,22475.0,+11.4%,+4.3%,185,121.0,187642651.0,114,False,Interstellar
Feb 27,Friday,30,29824.0,+32.7%,-40.9%,115,259.0,187672475.0,115,False,Interstellar
Feb 28,Saturday,28,57867.0,+94%,-64.2%,115,503.0,187730342.0,116,False,Interstellar
Mar 1,Sunday,30,32985.0,-43%,-32.7%,115,286.0,187763327.0,117,False,Interstellar
Mar 2,Monday,29,10619.0,-67.8%,-48.3%,115,92.0,187773946.0,118,False,Interstellar
Mar 3,Tuesday,30,11364.0,+7%,-49.2%,115,98.0,187785310.0,119,False,Interstellar
Mar 4,Wednesday,33,9232.0,-18.8%,-54.2%,115,80.0,187794542.0,120,False,Interstellar
Mar 5,Thursday,29,12242.0,+32.6%,-45.5%,115,106.0,187806784.0,121,False,Interstellar
Mar 6,Friday,30,21896.0,+78.9%,-26.6%,102,214.0,187828680.0,122,False,Interstellar
Mar 7,Saturday,30,38415.0,+75.4%,-33.6%,102,376.0,187867095.0,123,False,Interstellar
Mar 8,Sunday,31,21002.0,-45.3%,-36.3%,102,205.0,187888097.0,124,False,Interstellar
Mar 9,Monday,28,9372.0,-55.4%,-11.7%,102,91.0,187897469.0,125,False,Interstellar
Mar 10,Tuesday,29,11305.0,+20.6%,-0.5%,102,110.0,187908774.0,126,False,Interstellar
Mar 11,Wednesday,29,10175.0,-10%,+10.2%,102,99.0,187918949.0,127,False,Interstellar
Mar 12,Thursday,28,11602.0,+14%,-5.2%,102,113.0,187930551.0,128,False,Interstellar
Mar 13,Friday,32,17476.0,+50.6%,-20.2%,77,226.0,187948027.0,129,False,Interstellar
Mar 14,Saturday,33,29111.0,+66.6%,-24.2%,77,378.0,187977138.0,130,False,Interstellar
Mar 15,Sunday,33,16424.0,-43.6%,-21.8%,77,213.0,187993562.0,131,False,Interstellar
Mar 16,Monday,36,5336.0,-67.5%,-43.1%,77,69.0,187998898.0,132,False,Interstellar
Mar 17,Tuesday,36,6126.0,+14.8%,-45.8%,77,79.0,188005024.0,133,False,Interstellar
Mar 18,Wednesday,34,7438.0,+21.4%,-26.9%,77,96.0,188012462.0,134,False,Interstellar
Mar 19,Thursday,34,7555.0,+1.6%,-34.9%,77,98.0,188020017.0,135,False,Interstellar
Jul 21,Friday,1,19736259.0,-,-,3720,5305.0,19736259.0,1,False,Dunkirk
Jul 22,Saturday,1,17543645.0,-11.1%,-,3720,4716.0,37279904.0,2,False,Dunkirk
Jul 23,Sunday,1,13233584.0,-24.6%,-,3720,3557.0,50513488.0,3,False,Dunkirk
Jul 24,Monday,1,6444109.0,-51.3%,-,3720,1732.0,56957597.0,4,False,Dunkirk
Jul 25,Tuesday,1,7383712.0,+14.6%,-,3720,1984.0,64341309.0,5,False,Dunkirk
Jul 26,Wednesday,1,5171437.0,-30%,-,3720,1390.0,69512746.0,6,False,Dunkirk
Jul 27,Thursday,1,5193474.0,+0.4%,-,3720,1396.0,74706220.0,7,False,Dunkirk
Jul 28,Friday,2,7898257.0,+52.1%,-60%,3748,2107.0,82604477.0,8,False,Dunkirk
Jul 29,Saturday,1,11182034.0,+41.6%,-36.3%,3748,2983.0,93786511.0,9,False,Dunkirk
Jul 30,Sunday,1,7530839.0,-32.7%,-43.1%,3748,2009.0,101317350.0,10,False,Dunkirk
Jul 31,Monday,1,3324258.0,-55.9%,-48.4%,3748,886.0,104641608.0,11,False,Dunkirk
Aug 1,Tuesday,1,4472370.0,+34.5%,-39.4%,3748,1193.0,109113978.0,12,False,Dunkirk
Aug 2,Wednesday,1,3513238.0,-21.4%,-32.1%,3748,937.0,112627216.0,13,False,Dunkirk
Aug 3,Thursday,1,3328522.0,-5.3%,-35.9%,3748,888.0,115955738.0,14,False,Dunkirk
Aug 4,Friday,2,4987001.0,+49.8%,-36.9%,4014,1242.0,120942739.0,15,False,Dunkirk
Aug 5,Saturday,1,7210818.0,+44.6%,-35.5%,4014,1796.0,128153557.0,16,False,Dunkirk
Aug 6,Sunday,1,4937427.0,-31.5%,-34.4%,4014,1230.0,133090984.0,17,False,Dunkirk
Aug 7,Monday,1,2718391.0,-44.9%,-18.2%,4014,677.0,135809375.0,18,False,Dunkirk
Aug 8,Tuesday,1,2743180.0,+0.9%,-38.7%,4014,683.0,138552555.0,19,False,Dunkirk
Aug 9,Wednesday,1,1953774.0,-28.8%,-44.4%,4014,486.0,140506329.0,20,False,Dunkirk
Aug 10,Thursday,1,1801222.0,-7.8%,-45.9%,4014,448.0,142307551.0,21,False,Dunkirk
Aug 11,Friday,2,3120296.0,+73.2%,-37.4%,3762,829.0,145427847.0,22,False,Dunkirk
Aug 12,Saturday,2,4849708.0,+55.4%,-32.7%,3762,1289.0,150277555.0,23,False,Dunkirk
Aug 13,Sunday,2,2914113.0,-39.9%,-41%,3762,774.0,153191668.0,24,False,Dunkirk
Aug 14,Monday,2,1301272.0,-55.3%,-52.1%,3762,345.0,154492940.0,25,False,Dunkirk
Aug 15,Tuesday,2,1832445.0,+40.8%,-33.2%,3762,487.0,156325385.0,26,False,Dunkirk
Aug 16,Wednesday,2,1276297.0,-30.4%,-34.7%,3762,339.0,157601682.0,27,False,Dunkirk
Aug 17,Thursday,2,1206397.0,-5.5%,-33%,3762,320.0,158808079.0,28,False,Dunkirk
Aug 18,Friday,4,2048415.0,+69.8%,-34.4%,3271,626.0,160856494.0,29,False,Dunkirk
Aug 19,Saturday,4,2822158.0,+37.8%,-41.8%,3271,862.0,163678652.0,30,False,Dunkirk
Aug 20,Sunday,4,1743812.0,-38.2%,-40.2%,3271,533.0,165422464.0,31,False,Dunkirk
Aug 21,Monday,4,655298.0,-62.4%,-49.6%,3271,200.0,166077762.0,32,False,Dunkirk
Aug 22,Tuesday,4,1006745.0,+53.6%,-45.1%,3271,307.0,167084507.0,33,False,Dunkirk
Aug 23,Wednesday,3,744176.0,-26.1%,-41.7%,3271,227.0,167828683.0,34,False,Dunkirk
Aug 24,Thursday,3,700347.0,-5.9%,-41.9%,3271,214.0,168529030.0,35,False,Dunkirk
Aug 25,Friday,6,1188191.0,+69.7%,-42%,2774,428.0,169717221.0,36,False,Dunkirk
Aug 26,Saturday,7,1623524.0,+36.6%,-42.5%,2774,585.0,171340745.0,37,False,Dunkirk
Aug 27,Sunday,6,1136427.0,-30%,-34.8%,2774,409.0,172477172.0,38,False,Dunkirk
Aug 28,Monday,5,476925.0,-58%,-27.2%,2774,171.0,172954097.0,39,False,Dunkirk
Aug 29,Tuesday,5,704208.0,+47.7%,-30.1%,2774,253.0,173658305.0,40,False,Dunkirk
Aug 30,Wednesday,4,504171.0,-28.4%,-32.3%,2774,181.0,174162476.0,41,False,Dunkirk
Aug 31,Thursday,5,467069.0,-7.4%,-33.3%,2774,168.0,174629545.0,42,False,Dunkirk
Sep 1,Friday,6,936528.0,+100.5%,-21.2%,2752,340.0,175566073.0,43,False,Dunkirk
Sep 2,Saturday,6,1634048.0,+74.5%,+0.6%,2752,593.0,177200121.0,44,False,Dunkirk
Sep 3,Sunday,5,1802705.0,+10.3%,+58.6%,2752,655.0,179002826.0,45,False,Dunkirk
Sep 4Labor Day,Monday,5,1201752.0,-33.3%,+152%,2752,436.0,180204578.0,46,False,Dunkirk
Sep 5,Tuesday,5,370509.0,-69.2%,-47.4%,2752,134.0,180575087.0,47,False,Dunkirk
Sep 6,Wednesday,4,325088.0,-12.3%,-35.5%,2752,118.0,180900175.0,48,False,Dunkirk
Sep 7,Thursday,4,260104.0,-20%,-44.3%,2752,94.0,181160279.0,49,False,Dunkirk
Sep 8,Friday,6,549528.0,+111.3%,-41.3%,2110,260.0,181709807.0,50,False,Dunkirk
Sep 9,Saturday,8,856639.0,+55.9%,-47.6%,2110,405.0,182566446.0,51,False,Dunkirk
Sep 10,Sunday,8,455434.0,-46.8%,-74.7%,2110,215.0,183021880.0,52,False,Dunkirk
Sep 11,Monday,7,173428.0,-61.9%,-85.6%,2110,82.0,183195308.0,53,False,Dunkirk
Sep 12,Tuesday,7,255559.0,+47.4%,-31%,2110,121.0,183450867.0,54,False,Dunkirk
Sep 13,Wednesday,6,207372.0,-18.9%,-36.2%,2110,98.0,183658239.0,55,False,Dunkirk
Sep 14,Thursday,7,178413.0,-14%,-31.4%,2110,84.0,183836652.0,56,False,Dunkirk
Sep 15,Friday,10,388306.0,+117.6%,-29.3%,1478,262.0,184224958.0,57,False,Dunkirk
Sep 16,Saturday,11,597182.0,+53.8%,-30.3%,1478,404.0,184822140.0,58,False,Dunkirk
Sep 17,Sunday,11,325961.0,-45.4%,-28.4%,1478,220.0,185148101.0,59,False,Dunkirk
Sep 18,Monday,8,123332.0,-62.2%,-28.9%,1478,83.0,185271433.0,60,False,Dunkirk
Sep 19,Tuesday,8,173154.0,+40.4%,-32.2%,1478,117.0,185444587.0,61,False,Dunkirk
Sep 20,Wednesday,8,136160.0,-21.4%,-34.3%,1478,92.0,185580747.0,62,False,Dunkirk
Sep 21,Thursday,10,128560.0,-5.6%,-27.9%,1478,86.0,185709307.0,63,False,Dunkirk
Sep 22,Friday,15,177392.0,+38%,-54.3%,678,261.0,185886699.0,64,False,Dunkirk
Sep 23,Saturday,15,269230.0,+51.8%,-54.9%,678,397.0,186155929.0,65,False,Dunkirk
Sep 24,Sunday,16,136091.0,-49.5%,-58.2%,678,200.0,186292020.0,66,False,Dunkirk
Sep 25,Monday,13,59880.0,-56%,-51.4%,678,88.0,186351900.0,67,False,Dunkirk
Sep 26,Tuesday,14,73173.0,+22.2%,-57.7%,678,107.0,186425073.0,68,False,Dunkirk
Sep 27,Wednesday,13,62008.0,-15.3%,-54.5%,678,91.0,186487081.0,69,False,Dunkirk
Sep 28,Thursday,12,63868.0,+3%,-50.3%,678,94.0,186550949.0,70,False,Dunkirk
Sep 29,Friday,20,95331.0,+49.3%,-46.3%,401,237.0,186646280.0,71,False,Dunkirk
Sep 30,Saturday,23,153720.0,+61.2%,-42.9%,401,383.0,186800000.0,72,False,Dunkirk
Oct 1,Sunday,23,81004.0,-47.3%,-40.5%,401,202.0,186881004.0,73,False,Dunkirk
Oct 2,Monday,20,34022.0,-58%,-43.2%,401,84.0,186915026.0,74,False,Dunkirk
Oct 3,Tuesday,19,48352.0,+42.1%,-33.9%,401,120.0,186963378.0,75,False,Dunkirk
Oct 4,Wednesday,21,38682.0,-20%,-37.6%,401,96.0,187002060.0,76,False,Dunkirk
Oct 5,Thursday,18,35229.0,-8.9%,-44.8%,401,87.0,187037289.0,77,False,Dunkirk
Oct 6,Friday,20,67576.0,+91.8%,-29.1%,313,215.0,187104865.0,78,False,Dunkirk
Oct 7,Saturday,22,91730.0,+35.7%,-40.3%,313,293.0,187196595.0,79,False,Dunkirk
Oct 8,Sunday,23,65132.0,-29%,-19.6%,313,208.0,187261727.0,80,False,Dunkirk
Oct 9Indig. Peoples' Day,Monday,23,43582.0,-33.1%,+28.1%,313,139.0,187305309.0,81,False,Dunkirk
Oct 10,Tuesday,19,32686.0,-25%,-32.4%,313,104.0,187337995.0,82,False,Dunkirk
Oct 11,Wednesday,17,30398.0,-7%,-21.4%,313,97.0,187368393.0,83,False,Dunkirk
Oct 12,Thursday,17,31782.0,+4.6%,-9.8%,313,101.0,187400175.0,84,False,Dunkirk
Oct 13,Friday,23,45011.0,+41.6%,-33.4%,268,167.0,187445186.0,85,False,Dunkirk
Oct 14,Saturday,23,67524.0,+50%,-26.4%,268,251.0,187512710.0,86,False,Dunkirk
Oct 15,Sunday,23,39884.0,-40.9%,-38.8%,268,148.0,187552594.0,87,False,Dunkirk
Oct 16,Monday,22,15555.0,-61%,-64.3%,268,58.0,187568149.0,88,False,Dunkirk
Oct 17,Tuesday,22,23333.0,+50%,-28.6%,268,87.0,187591482.0,89,False,Dunkirk
Oct 18,Wednesday,20,18475.0,-20.8%,-39.2%,268,68.0,187609957.0,90,False,Dunkirk
Oct 19,Thursday,19,20876.0,+13%,-34.3%,268,77.0,187630833.0,91,False,Dunkirk
Oct 20,Friday,31,30114.0,+44.3%,-33.1%,188,160.0,187660947.0,92,False,Dunkirk
Oct 21,Saturday,29,45322.0,+50.5%,-32.9%,188,241.0,187706269.0,93,False,Dunkirk
Oct 22,Sunday,30,24685.0,-45.5%,-38.1%,188,131.0,187730954.0,94,False,Dunkirk
Oct 23,Monday,27,12343.0,-50%,-20.6%,188,65.0,187743297.0,95,False,Dunkirk
Oct 24,Tuesday,24,19106.0,+54.8%,-18.1%,188,101.0,187762403.0,96,False,Dunkirk
Oct 25,Wednesday,26,13565.0,-29%,-26.6%,188,72.0,187775968.0,97,False,Dunkirk
Oct 26,Thursday,25,14921.0,+10%,-28.5%,188,79.0,187790889.0,98,False,Dunkirk
Oct 27,Friday,35,16854.0,+13%,-44%,108,156.0,187807743.0,99,False,Dunkirk
Oct 28,Saturday,36,22386.0,+32.8%,-50.6%,108,207.0,187830129.0,100,False,Dunkirk
Oct 29,Sunday,35,15637.0,-30.1%,-36.7%,108,144.0,187845766.0,101,False,Dunkirk
Oct 30,Monday,29,7819.0,-50%,-36.7%,108,72.0,187853585.0,102,False,Dunkirk
Oct 31Halloween,Tuesday,34,8600.0,+10%,-55%,108,79.0,187862185.0,103,False,Dunkirk
Nov 1,Wednesday,36,6450.0,-25%,-52.5%,108,59.0,187868635.0,104,False,Dunkirk
Nov 2,Thursday,28,11826.0,+83.3%,-20.7%,108,109.0,187880461.0,105,False,Dunkirk
Nov 3,Friday,37,14021.0,+18.6%,-16.8%,65,215.0,187894482.0,106,False,Dunkirk
Nov 4,Saturday,38,20577.0,+46.8%,-8.1%,65,316.0,187915059.0,107,False,Dunkirk
Nov 5,Sunday,38,13168.0,-36%,-15.8%,65,202.0,187928227.0,108,False,Dunkirk
Nov 6,Monday,41,2389.0,-81.9%,-69.4%,65,36.0,187930616.0,109,False,Dunkirk
Nov 7,Tuesday,39,4556.0,+90.7%,-47%,65,70.0,187935172.0,110,False,Dunkirk
Nov 8,Wednesday,34,6122.0,+34.4%,-5.1%,65,94.0,187941294.0,111,False,Dunkirk
Nov 9,Thursday,35,7185.0,+17.4%,-39.2%,65,110.0,187948479.0,112,False,Dunkirk
Nov 10,Friday,35,22731.0,+216.4%,+62.1%,65,349.0,187971210.0,113,False,Dunkirk
Nov 11,Saturday,37,27554.0,+21.2%,+33.9%,65,423.0,187998764.0,114,False,Dunkirk
Nov 12,Sunday,35,22116.0,-19.7%,+68%,65,340.0,188020880.0,115,False,Dunkirk
Nov 13,Monday,45,2102.0,-90.5%,-12%,65,32.0,188022982.0,116,False,Dunkirk
Nov 14,Tuesday,47,1521.0,-27.6%,-66.6%,65,23.0,188024503.0,117,False,Dunkirk
Nov 15,Wednesday,47,1583.0,+4.1%,-74.1%,65,24.0,188026086.0,118,False,Dunkirk
Nov 16,Thursday,43,2796.0,+76.6%,-61.1%,65,43.0,188028882.0,119,False,Dunkirk
Nov 17,Friday,43,3764.0,+34.6%,-83.4%,28,134.0,188032646.0,120,False,Dunkirk
Nov 18,Saturday,42,5966.0,+58.5%,-78.3%,28,213.0,188038612.0,121,False,Dunkirk
Nov 19,Sunday,42,3559.0,-40.3%,-83.9%,28,127.0,188042171.0,122,False,Dunkirk
Nov 20,Monday,54,603.0,-83.1%,-71.3%,28,21.0,188042774.0,123,False,Dunkirk
Nov 21,Tuesday,51,957.0,+58.7%,-37.1%,28,34.0,188043731.0,124,False,Dunkirk
Nov 22,Wednesday,53,1012.0,+5.7%,-36.1%,28,36.0,188044743.0,125,False,Dunkirk
Nov 23Thanksgiving,Thursday,49,803.0,-20.7%,-71.3%,28,28.0,188045546.0,126,False,Dunkirk
Sep 3COVID-19 Pandemic,Thursday,1,4986442.0,+550.8%,+77.7%,2810,1774.0,8373101.0,9,False,Tenet
Sep 4COVID-19 Pandemic,Friday,1,2806227.0,+41.4%,-21.3%,2810,998.0,11179328.0,10,False,Tenet
Sep 5COVID-19 Pandemic,Saturday,1,3566279.0,+413.2%,+346.7%,2810,1269.0,14745607.0,14,False,Tenet
Sep 6COVID-19 Pandemic,Sunday,1,2980584.0,+392.2%,+289%,2810,1060.0,17726191.0,15,False,Tenet
Sep 7COVID-19 Pandemic Labor Day,Monday,1,2275661.0,+295.3%,+14.7%,2810,809.0,20001852.0,16,False,Tenet
Sep 8COVID-19 Pandemic,Tuesday,1,926646.0,-34%,-69%,2810,329.0,20928498.0,17,False,Tenet
Sep 9COVID-19 Pandemic,Wednesday,1,798409.0,-61.7%,-51%,2810,284.0,21726907.0,18,False,Tenet
Sep 10COVID-19 Pandemic,Thursday,1,766230.0,-28.9%,+36.6%,2810,272.0,22493137.0,19,False,Tenet
Sep 11COVID-19 Pandemic,Friday,1,1984309.0,+389.1%,+185.6%,2910,681.0,24477446.0,20,False,Tenet
Sep 12COVID-19 Pandemic,Saturday,1,2990971.0,+599.5%,+112.9%,2910,1027.0,27468417.0,23,False,Tenet
Sep 13COVID-19 Pandemic,Sunday,1,1628187.0,+54.3%,-21.9%,2899,561.0,29096604.0,24,False,Tenet
Sep 14COVID-19 Pandemic,Monday,1,560801.0,-62.1%,-48%,2910,192.0,29657405.0,25,False,Tenet
Sep 15COVID-19 Pandemic,Tuesday,1,694845.0,-14.7%,+71.3%,2910,238.0,30352250.0,26,False,Tenet
Sep 16COVID-19 Pandemic,Wednesday,1,605553.0,+98.5%,+19%,2910,208.0,30957803.0,27,False,Tenet
Sep 17COVID-19 Pandemic,Thursday,1,575671.0,+67.3%,+40.7%,2910,197.0,31533474.0,28,False,Tenet
Sep 18COVID-19 Pandemic,Friday,1,1404645.0,+373.6%,+228.5%,2930,479.0,32938119.0,29,False,Tenet
Sep 19COVID-19 Pandemic,Saturday,1,2085566.0,+67.3%,+155.9%,2930,711.0,35023685.0,32,False,Tenet
Sep 20COVID-19 Pandemic,Sunday,1,1078259.0,+66.3%,+253.5%,2930,368.0,36101944.0,33,False,Tenet
Sep 21COVID-19 Pandemic,Monday,1,405744.0,+77.4%,+17.9%,2930,138.0,36507688.0,34,False,Tenet
Sep 22COVID-19 Pandemic,Tuesday,1,509070.0,+74.3%,+71.6%,2930,173.0,37016758.0,35,False,Tenet
Sep 23COVID-19 Pandemic,Wednesday,1,409102.0,+56.8%,+21.8%,2930,139.0,37425860.0,36,False,Tenet
Sep 24COVID-19 Pandemic,Thursday,1,427566.0,+56%,-44.4%,2930,145.0,37853426.0,37,False,Tenet
Sep 25COVID-19 Pandemic,Friday,1,1054891.0,+71.5%,-15.4%,2850,370.0,38908317.0,38,False,Tenet
Sep 26COVID-19 Pandemic,Saturday,1,1478435.0,+462.4%,+406.2%,2850,518.0,40386752.0,41,False,Tenet
Sep 27COVID-19 Pandemic,Sunday,1,815014.0,+306.2%,+212.4%,2850,285.0,41201766.0,42,False,Tenet
Sep 28COVID-19 Pandemic,Monday,1,305051.0,+71.7%,+11.3%,2850,107.0,41506817.0,43,False,Tenet
Sep 29COVID-19 Pandemic,Tuesday,1,344118.0,+112%,-44.1%,2850,120.0,41850935.0,44,False,Tenet
Sep 30COVID-19 Pandemic,Wednesday,1,296594.0,-37%,-68.6%,2850,104.0,42147529.0,45,False,Tenet
Oct 1COVID-19 Pandemic,Thursday,1,335988.0,-50.7%,-38%,2850,117.0,42483517.0,46,False,Tenet
Oct 2COVID-19 Pandemic,Friday,1,768968.0,+96.2%,+192.5%,2722,282.0,43252485.0,47,False,Tenet
Oct 3COVID-19 Pandemic,Saturday,1,1246825.0,+839.5%,+668%,2722,458.0,44499310.0,50,False,Tenet
Oct 4COVID-19 Pandemic,Sunday,1,648409.0,+411.8%,+37.7%,2722,238.0,45147719.0,51,False,Tenet
Oct 5COVID-19 Pandemic,Monday,1,228701.0,-41.9%,-66.4%,2722,84.0,45376420.0,52,False,Tenet
Oct 6COVID-19 Pandemic,Tuesday,1,292044.0,-48.7%,-25.5%,2722,107.0,45668464.0,53,False,Tenet
Oct 7COVID-19 Pandemic,Wednesday,1,260881.0,-16.5%,+106.8%,2722,95.0,45929345.0,54,False,Tenet
Oct 8COVID-19 Pandemic,Thursday,1,274162.0,+172.4%,+81.7%,2722,100.0,46203507.0,55,False,Tenet
Oct 9COVID-19 Pandemic,Friday,2,615195.0,+403.5%,+363.6%,2215,277.0,46818702.0,56,False,Tenet
Oct 10COVID-19 Pandemic,Saturday,2,943341.0,+184.1%,+201.9%,2215,425.0,47762043.0,60,False,Tenet
Oct 11COVID-19 Pandemic,Sunday,2,541844.0,+87.4%,+438.3%,2215,244.0,48303887.0,61,False,Tenet
Oct 12COVID-19 Pandemic Indig. Peoples' Day,Monday,2,262867.0,+171.3%,+115.1%,2215,118.0,48566754.0,62,False,Tenet
Oct 13COVID-19 Pandemic,Tuesday,2,200641.0,+107.4%,+84%,2215,90.0,48767395.0,63,False,Tenet
Oct 14COVID-19 Pandemic,Wednesday,2,177684.0,+74.5%,+48.5%,2215,80.0,48945079.0,64,False,Tenet
Oct 15COVID-19 Pandemic,Thursday,2,162348.0,+44.8%,-44.3%,2215,73.0,49107427.0,65,False,Tenet
Oct 16COVID-19 Pandemic,Friday,3,470767.0,+76.9%,+41.8%,2001,235.0,49578194.0,66,False,Tenet
Oct 17COVID-19 Pandemic,Saturday,3,681336.0,+830.4%,+604.2%,2001,340.0,50259530.0,69,False,Tenet
Oct 18COVID-19 Pandemic,Sunday,3,391994.0,+285.2%,+284.9%,2001,195.0,50651524.0,70,False,Tenet
Oct 19COVID-19 Pandemic,Monday,3,126150.0,-14%,+12.5%,2001,63.0,50777674.0,71,False,Tenet
Oct 20COVID-19 Pandemic,Tuesday,3,150867.0,+71.4%,-43.3%,2001,75.0,50928541.0,72,False,Tenet
Oct 21COVID-19 Pandemic,Wednesday,3,132711.0,-37.5%,-69.4%,2001,66.0,51061252.0,73,False,Tenet
Oct 22COVID-19 Pandemic,Thursday,3,126703.0,-63.5%,-45%,2001,63.0,51187955.0,74,False,Tenet
Oct 23COVID-19 Pandemic,Friday,4,393315.0,+112.6%,+437.1%,1801,218.0,51581270.0,75,False,Tenet
Oct 24COVID-19 Pandemic,Saturday,3,569026.0,"+1,243%",+546.4%,1801,315.0,52150296.0,78,False,Tenet
Oct 25COVID-19 Pandemic,Sunday,3,312449.0,+622.6%,+47.1%,1801,173.0,52462745.0,79,False,Tenet
Oct 26COVID-19 Pandemic,Monday,2,100664.0,+4.1%,-71%,1801,55.0,52563409.0,80,False,Tenet
Oct 27COVID-19 Pandemic,Tuesday,4,122188.0,-26.7%,-34%,1801,67.0,52685597.0,81,False,Tenet
Oct 28COVID-19 Pandemic,Wednesday,2,109034.0,+18.1%,+78.7%,1801,60.0,52794631.0,82,False,Tenet
Oct 29COVID-19 Pandemic,Thursday,2,119652.0,+185.6%,+133.1%,1801,66.0,52914283.0,83,False,Tenet
Oct 30COVID-19 Pandemic,Friday,4,291292.0,+401.8%,+587.5%,1601,181.0,53205575.0,84,False,Tenet
Oct 31COVID-19 Pandemic Halloween,Saturday,4,332026.0,+207.1%,+99.2%,1601,207.0,53537601.0,87,False,Tenet
Nov 1COVID-19 Pandemic,Sunday,4,289150.0,+155.7%,+213.2%,1601,180.0,53826751.0,88,False,Tenet
Nov 2COVID-19 Pandemic,Monday,4,96888.0,+76.1%,+131.3%,1601,60.0,53923639.0,89,False,Tenet
Nov 3COVID-19 Pandemic,Tuesday,4,96753.0,+404.9%,+66.7%,1601,60.0,54020392.0,90,False,Tenet
Nov 4COVID-19 Pandemic,Wednesday,3,101846.0,+418.9%,+122.4%,1601,63.0,54122238.0,91,False,Tenet
Nov 5COVID-19 Pandemic,Thursday,3,112085.0,+449%,+116.4%,1601,70.0,54234323.0,92,False,Tenet
Nov 6COVID-19 Pandemic,Friday,5,266089.0,"+1,193.9%",+146.1%,1412,188.0,54500412.0,93,False,Tenet
Nov 7COVID-19 Pandemic,Saturday,5,433228.0,+979.5%,"+2,160.8%",1412,306.0,54933640.0,96,False,Tenet
Nov 8COVID-19 Pandemic,Sunday,5,230443.0,"+1,295%","+1,074.1%",1412,163.0,55164083.0,97,False,Tenet
Nov 9COVID-19 Pandemic,Monday,5,73229.0,+343.8%,+258.7%,1412,51.0,55237312.0,98,False,Tenet
Nov 10COVID-19 Pandemic,Tuesday,5,101754.0,+489.6%,+394.8%,1412,72.0,55339066.0,99,False,Tenet
Nov 11COVID-19 Pandemic,Wednesday,4,146724.0,+706.5%,+188.7%,1412,103.0,55485790.0,100,False,Tenet
Nov 12COVID-19 Pandemic,Thursday,3,88027.0,+118.3%,+15.1%,1412,62.0,55573817.0,101,False,Tenet
Nov 13COVID-19 Pandemic,Friday,6,212369.0,+268%,+429.2%,1223,173.0,55786186.0,102,False,Tenet
Nov 14COVID-19 Pandemic,Saturday,6,347277.0,"+2,275.7%","+1,912.2%",1223,283.0,56133463.0,105,False,Tenet
Nov 15COVID-19 Pandemic,Sunday,5,185008.0,"+1,093.8%",+916.9%,1223,151.0,56318471.0,106,False,Tenet
Nov 16COVID-19 Pandemic,Monday,4,61011.0,+381%,+51.3%,1223,49.0,56379482.0,107,False,Tenet
Nov 17COVID-19 Pandemic,Tuesday,7,51324.0,+105.2%,-11.1%,1223,41.0,56430806.0,108,False,Tenet
Nov 18COVID-19 Pandemic,Wednesday,6,42371.0,+17%,+30.6%,1223,34.0,56473177.0,109,False,Tenet
Nov 19COVID-19 Pandemic,Thursday,6,43240.0,+76.3%,+181.1%,1223,35.0,56516417.0,110,False,Tenet
Nov 20COVID-19 Pandemic,Friday,8,96713.0,+511.7%,+561.6%,864,111.0,56613130.0,111,False,Tenet
Nov 21COVID-19 Pandemic,Saturday,7,166702.0,"+1,173.6%",+566.5%,864,192.0,56779832.0,114,False,Tenet
Nov 22COVID-19 Pandemic,Sunday,8,92318.0,"+3,050.8%",+154.9%,864,106.0,56872150.0,115,False,Tenet
Nov 23COVID-19 Pandemic,Monday,5,41896.0,+660.2%,+70.8%,864,48.0,56914046.0,116,False,Tenet
Nov 24COVID-19 Pandemic,Tuesday,5,58045.0,+365.6%,+267.1%,864,67.0,56972091.0,117,False,Tenet
Nov 25COVID-19 Pandemic,Wednesday,7,45789.0,+788.8%,+177.1%,864,52.0,57017880.0,118,False,Tenet
Nov 26COVID-19 Pandemic Thanksgiving,Thursday,7,51805.0,+841.9%,+295.8%,864,59.0,57069685.0,120,False,Tenet
Nov 27COVID-19 Pandemic,Friday,8,108101.0,"+1,216.5%","+1,861.5%",656,164.0,57177786.0,122,False,Tenet
Nov 28COVID-19 Pandemic,Saturday,8,113089.0,"+4,797.7%","+1,642.8%",656,172.0,57290875.0,125,False,Tenet
Nov 29COVID-19 Pandemic,Sunday,8,55011.0,"+1,965%",+900.2%,656,83.0,57345886.0,126,False,Tenet
Nov 30COVID-19 Pandemic,Monday,7,19163.0,+522%,+219.3%,656,29.0,57365049.0,127,False,Tenet
Dec 1COVID-19 Pandemic,Tuesday,7,19628.0,+795.8%,+139%,656,29.0,57384677.0,128,False,Tenet
Dec 2COVID-19 Pandemic,Wednesday,7,20416.0,+176.7%,+132.1%,656,31.0,57405093.0,129,False,Tenet
Dec 3COVID-19 Pandemic,Thursday,7,20565.0,+80%,+100.3%,656,31.0,57425658.0,130,False,Tenet
Dec 4COVID-19 Pandemic,Friday,11,50818.0,+608.8%,"+2,100.9%",532,95.0,57476476.0,131,False,Tenet
Dec 5COVID-19 Pandemic,Saturday,11,76482.0,"+2,210.6%","+3,390.7%",532,143.0,57552958.0,134,False,Tenet
Dec 6COVID-19 Pandemic,Sunday,13,40133.0,"+2,012.3%",+443.9%,532,75.0,57593091.0,135,False,Tenet
Dec 7COVID-19 Pandemic,Monday,5,16519.0,+471.6%,+44.6%,532,31.0,57609610.0,136,False,Tenet
Dec 8COVID-19 Pandemic,Tuesday,8,16502.0,+206.4%,+130.2%,532,31.0,57626112.0,137,False,Tenet
Dec 9COVID-19 Pandemic,Wednesday,5,17259.0,+304.9%,+546.4%,532,32.0,57643371.0,138,False,Tenet
Dec 10COVID-19 Pandemic,Thursday,6,18193.0,+630.3%,+608.5%,532,34.0,57661564.0,139,False,Tenet
Dec 11COVID-19 Pandemic,Friday,13,40316.0,"+3,345.8%","+1,118%",478,84.0,57701880.0,140,False,Tenet
Dec 12COVID-19 Pandemic,Saturday,14,57713.0,"+1,316.3%",+971.7%,478,120.0,57759593.0,143,False,Tenet
Dec 13COVID-19 Pandemic,Sunday,15,32451.0,+396.9%,+661.2%,478,67.0,57792044.0,144,False,Tenet
Dec 14COVID-19 Pandemic,Monday,4,15382.0,+311.9%,+517.5%,478,32.0,57807426.0,145,False,Tenet
Dec 15COVID-19 Pandemic,Tuesday,7,14618.0,+797.4%,"+1,149.4%",478,30.0,57822044.0,146,False,Tenet
Dec 16COVID-19 Pandemic,Wednesday,6,15498.0,"+1,514.4%","+1,801.6%",478,32.0,57837542.0,147,False,Tenet
Dec 17COVID-19 Pandemic,Thursday,6,12684.0,"+1,536.6%","+1,738.3%",478,26.0,57850226.0,148,False,Tenet
Dec 18COVID-19 Pandemic,Friday,15,25011.0,"+1,854%",+513.8%,340,73.0,57875237.0,149,False,Tenet
Dec 19COVID-19 Pandemic,Saturday,15,36218.0,"+1,732.9%","+2,123.3%",340,106.0,57911455.0,152,False,Tenet
Dec 20COVID-19 Pandemic,Sunday,12,24531.0,"+6,424.2%","+2,455.3%",340,72.0,57935986.0,153,False,Tenet
Dec 21COVID-19 Pandemic,Monday,8,15810.0,"+2,184.7%","+1,940%",340,46.0,57951796.0,154,False,Tenet
Dec 22COVID-19 Pandemic,Tuesday,8,16526.0,"+5,781.1%","+1,191.1%",340,48.0,57968322.0,155,False,Tenet
Dec 23COVID-19 Pandemic,Wednesday,7,18703.0,"+3,251.8%",+890.1%,340,55.0,57987025.0,156,False,Tenet
Dec 24COVID-19 Pandemic,Thursday,8,13089.0,+419.8%,+198.5%,340,38.0,58000114.0,157,False,Tenet
Dec 25COVID-19 Pandemic Christmas Day,Friday,22,2930.0,-14.7%,+48.3%,116,25.0,58003044.0,158,False,Tenet
Dec 26COVID-19 Pandemic,Saturday,20,5511.0,"+1,706.9%","+1,861.2%",116,47.0,58008555.0,161,False,Tenet
Dec 27COVID-19 Pandemic,Sunday,14,12468.0,"+3,048.5%","+2,134.4%",116,107.0,58021023.0,162,False,Tenet
Dec 28COVID-19 Pandemic,Monday,12,5152.0,+536.8%,+104.6%,116,44.0,58026175.0,163,False,Tenet
Dec 29COVID-19 Pandemic,Tuesday,11,6489.0,+557.4%,+88.9%,116,55.0,58032664.0,164,False,Tenet
Dec 30COVID-19 Pandemic,Wednesday,12,5500.0,+77.3%,+400%,116,47.0,58038164.0,165,False,Tenet
Dec 31COVID-19 Pandemic New Year's Eve,Thursday,12,6001.0,+147.6%,"+1,218.9%",116,51.0,58044165.0,166,False,Tenet
Jan 1COVID-19 Pandemic New Year's Day,Friday,15,8211.0,+661.7%,"+2,592.1%",120,68.0,58052376.0,167,False,Tenet
Jan 2COVID-19 Pandemic,Saturday,15,8795.0,"+1,559.4%",+791.1%,70,125.0,58061171.0,170,False,Tenet
Jan 3COVID-19 Pandemic,Sunday,12,10269.0,+597.1%,+231%,70,146.0,58071440.0,171,False,Tenet
Jan 4COVID-19 Pandemic,Monday,13,2309.0,-14.2%,-4.7%,120,19.0,58073749.0,172,False,Tenet
Jan 5COVID-19 Pandemic,Tuesday,13,2664.0,+29.5%,+147.1%,120,22.0,58076413.0,173,False,Tenet
Jan 6COVID-19 Pandemic,Wednesday,11,3081.0,+930.4%,+508.9%,120,25.0,58079494.0,174,False,Tenet
Jan 7COVID-19 Pandemic,Thursday,13,2191.0,+493.8%,+310.3%,120,18.0,58081685.0,175,False,Tenet
Jan 8COVID-19 Pandemic,Friday,15,7379.0,"+2,949.2%","+1,292.3%",101,73.0,58089064.0,176,False,Tenet
Jan 9COVID-19 Pandemic,Saturday,14,11424.0,+628.6%,+455.4%,101,113.0,58100488.0,179,False,Tenet
Jan 10COVID-19 Pandemic,Sunday,14,7170.0,+421.8%,"+2,298%",101,70.0,58107658.0,180,False,Tenet
Jan 11COVID-19 Pandemic,Monday,13,2670.0,"+1,351.1%",+623.6%,101,26.0,58110328.0,181,False,Tenet
Jan 12COVID-19 Pandemic,Tuesday,13,2568.0,"+1,184%",+961.2%,101,25.0,58112896.0,182,False,Tenet
Jan 13COVID-19 Pandemic,Wednesday,13,3310.0,"+1,010.7%",+379%,101,32.0,58116206.0,183,False,Tenet
Jan 14COVID-19 Pandemic,Thursday,13,1900.0,+879.4%,+62.1%,101,18.0,58118106.0,184,False,Tenet
Jan 15COVID-19 Pandemic,Friday,19,2890.0,-34.5%,+84.3%,83,34.0,58120996.0,185,False,Tenet
Jan 16COVID-19 Pandemic,Saturday,17,5385.0,+264.1%,"+1,707%",83,64.0,58126381.0,189,False,Tenet
Jan 17COVID-19 Pandemic,Sunday,17,4263.0,+143.7%,"+2,097.4%",83,51.0,58130644.0,190,False,Tenet
Jan 18COVID-19 Pandemic MLK Day,Monday,17,2491.0,+47.7%,-43.5%,83,30.0,58133135.0,191,False,Tenet
Jan 19COVID-19 Pandemic,Tuesday,17,1170.0,-82.3%,-82.3%,83,14.0,58134305.0,192,False,Tenet
Jan 20COVID-19 Pandemic,Wednesday,17,815.0,-91.4%,-84.6%,83,9.0,58135120.0,193,False,Tenet
Jan 21COVID-19 Pandemic,Thursday,17,690.0,-90.7%,-51.2%,83,8.0,58135810.0,194,False,Tenet
Jan 22COVID-19 Pandemic,Friday,20,4075.0,+10.8%,+175.5%,90,45.0,58139885.0,195,False,Tenet
Jan 23COVID-19 Pandemic,Saturday,20,6531.0,+92%,-1.2%,90,72.0,58146416.0,198,False,Tenet
Jan 24COVID-19 Pandemic,Sunday,20,3734.0,-81.8%,-60.7%,90,41.0,58150150.0,199,False,Tenet
Jan 25COVID-19 Pandemic,Monday,17,1629.0,-94.4%,-78.1%,90,18.0,58151779.0,200,False,Tenet
Jan 26COVID-19 Pandemic,Tuesday,17,960.0,-95.7%,-73.9%,90,10.0,58152739.0,201,False,Tenet
Jan 27COVID-19 Pandemic,Wednesday,17,775.0,-93.2%,-77.5%,90,8.0,58153514.0,202,False,Tenet
Jan 28COVID-19 Pandemic,Thursday,17,1280.0,-87%,-62.3%,90,14.0,58154794.0,203,False,Tenet
Jan 29COVID-19 Pandemic,Friday,22,1889.0,-80%,-44.5%,85,22.0,58156683.0,204,False,Tenet
Jan 30COVID-19 Pandemic,Saturday,21,4385.0,-73.9%,-80.2%,85,51.0,58161068.0,207,False,Tenet
Jan 31COVID-19 Pandemic,Sunday,22,1976.0,-84.6%,-82.7%,85,23.0,58163044.0,208,False,Tenet
Feb 1COVID-19 Pandemic,Monday,19,376.0,-94.1%,-96.2%,85,4.0,58163420.0,209,False,Tenet
Feb 2COVID-19 Pandemic,Tuesday,19,692.0,-91.9%,-92.7%,85,8.0,58164112.0,210,False,Tenet
Feb 3COVID-19 Pandemic,Wednesday,20,281.0,-74%,-96.4%,85,3.0,58164393.0,211,False,Tenet
Feb 4COVID-19 Pandemic,Thursday,20,558.0,-47.2%,-95.5%,85,6.0,58164951.0,212,False,Tenet
Feb 5COVID-19 Pandemic,Friday,21,2518.0,-73.5%,-85%,80,31.0,58167469.0,213,False,Tenet
Feb 6COVID-19 Pandemic,Saturday,21,3435.0,+379.1%,-60%,80,42.0,58170904.0,216,False,Tenet
Feb 7COVID-19 Pandemic,Sunday,21,1100.0,+40.3%,+1.8%,80,13.0,58172004.0,217,False,Tenet
Feb 8COVID-19 Pandemic,Monday,21,455.0,-61.9%,-57%,80,5.0,58172459.0,218,False,Tenet
Feb 9COVID-19 Pandemic,Tuesday,21,305.0,-60.2%,-96.8%,80,3.0,58172764.0,219,False,Tenet
Feb 10COVID-19 Pandemic,Wednesday,21,396.0,-53.1%,-96.8%,80,4.0,58173160.0,220,False,Tenet
Feb 11COVID-19 Pandemic,Thursday,20,809.0,-11.6%,-44.5%,80,10.0,58173969.0,221,False,Tenet
Feb 12COVID-19 Pandemic,Friday,23,987.0,+44.3%,+37.7%,65,15.0,58174956.0,222,False,Tenet
Feb 13COVID-19 Pandemic,Saturday,23,3102.0,+387%,+267.5%,65,47.0,58178058.0,226,False,Tenet
Feb 14COVID-19 Pandemic,Sunday,23,2424.0,-21.9%,+164.9%,65,37.0,58180482.0,227,False,Tenet
Feb 15COVID-19 Pandemic Presidents' Day,Monday,21,1078.0,-55.5%,+57.6%,65,16.0,58181560.0,228,False,Tenet
Feb 16COVID-19 Pandemic,Tuesday,22,506.0,-53.1%,+48%,65,7.0,58182066.0,229,False,Tenet
Feb 17COVID-19 Pandemic,Wednesday,22,534.0,+5.5%,+50%,65,8.0,58182600.0,230,False,Tenet
Feb 18COVID-19 Pandemic,Thursday,23,530.0,-0.7%,+13.5%,65,8.0,58183130.0,231,False,Tenet
Feb 19COVID-19 Pandemic,Friday,24,1473.0,+177.9%,+131.2%,60,24.0,58184603.0,232,False,Tenet
Feb 20COVID-19 Pandemic,Saturday,24,2690.0,+82.6%,-13.3%,60,44.0,58187293.0,235,False,Tenet
Feb 21COVID-19 Pandemic,Sunday,25,2057.0,-23.5%,-15.1%,60,34.0,58189350.0,236,False,Tenet
Feb 22COVID-19 Pandemic,Monday,25,299.0,-85.5%,-72.3%,60,4.0,58189649.0,237,False,Tenet
Feb 23COVID-19 Pandemic,Tuesday,25,369.0,+23.4%,-27.1%,60,6.0,58190018.0,238,False,Tenet
Feb 24COVID-19 Pandemic,Wednesday,25,242.0,-34.4%,-54.7%,60,4.0,58190260.0,239,False,Tenet
Feb 25COVID-19 Pandemic,Thursday,23,691.0,+185.5%,+30.4%,60,11.0,58190951.0,240,False,Tenet
Feb 26COVID-19 Pandemic,Friday,26,1172.0,+69.6%,-20.4%,50,23.0,58192123.0,241,False,Tenet
Feb 27COVID-19 Pandemic,Saturday,28,1568.0,+33.8%,-41.7%,50,31.0,58193691.0,244,False,Tenet
Feb 28COVID-19 Pandemic,Sunday,27,1374.0,-12.4%,-33.2%,50,27.0,58195065.0,245,False,Tenet
Mar 1COVID-19 Pandemic,Monday,24,184.0,-86.6%,-38.5%,50,3.0,58195249.0,246,False,Tenet
Mar 2COVID-19 Pandemic,Tuesday,24,200.0,+8.7%,-45.8%,50,4.0,58195449.0,247,False,Tenet
Mar 3COVID-19 Pandemic,Wednesday,24,298.0,+49%,+23.1%,50,5.0,58195747.0,248,False,Tenet
Mar 4COVID-19 Pandemic,Thursday,25,194.0,-34.9%,-71.9%,50,3.0,58195941.0,249,False,Tenet
Mar 5COVID-19 Pandemic,Friday,23,4411.0,"+2,173.7%",+276.4%,50,88.0,58200352.0,250,False,Tenet
Mar 6COVID-19 Pandemic,Saturday,23,6614.0,+49.9%,+321.8%,50,132.0,58206966.0,253,False,Tenet
Mar 7COVID-19 Pandemic,Sunday,21,5281.0,-20.2%,+284.4%,50,105.0,58212247.0,254,False,Tenet
Mar 8COVID-19 Pandemic,Monday,20,1415.0,-73.2%,+669%,50,28.0,58213662.0,255,False,Tenet
Mar 9COVID-19 Pandemic,Tuesday,21,1479.0,+4.5%,+639.5%,50,29.0,58215141.0,256,False,Tenet
Mar 10COVID-19 Pandemic,Wednesday,19,1749.0,+18.3%,+486.9%,50,34.0,58216890.0,257,False,Tenet
Mar 11COVID-19 Pandemic,Thursday,20,1687.0,-3.5%,+769.6%,50,33.0,58218577.0,258,False,Tenet
Mar 12COVID-19 Pandemic,Friday,24,6611.0,+291.9%,+49.9%,45,146.0,58225188.0,259,False,Tenet
Mar 13COVID-19 Pandemic,Saturday,24,9498.0,+43.7%,+43.6%,45,211.0,58234686.0,262,False,Tenet
Mar 14COVID-19 Pandemic,Sunday,24,7452.0,-21.5%,+41.1%,45,165.0,58242138.0,263,False,Tenet
Mar 15COVID-19 Pandemic,Monday,20,3677.0,-50.7%,+159.9%,45,81.0,58245815.0,264,False,Tenet
Mar 16COVID-19 Pandemic,Tuesday,20,3451.0,-6.1%,+133.3%,45,76.0,58249266.0,265,False,Tenet
Mar 17COVID-19 Pandemic,Wednesday,20,3396.0,-1.6%,+94.2%,45,75.0,58252662.0,266,False,Tenet
Mar 18COVID-19 Pandemic,Thursday,20,3401.0,+0.1%,+101.6%,45,75.0,58256063.0,267,False,Tenet
Mar 19COVID-19 Pandemic,Friday,20,20510.0,+503.1%,+210.2%,65,315.0,58276573.0,268,False,Tenet
Mar 20COVID-19 Pandemic,Saturday,20,28946.0,+41.1%,+204.8%,65,445.0,58305519.0,271,False,Tenet
Mar 21COVID-19 Pandemic,Sunday,17,22173.0,-23.4%,+197.5%,65,341.0,58327692.0,272,False,Tenet
Mar 22COVID-19 Pandemic,Monday,15,11432.0,-48.4%,+210.9%,65,175.0,58339124.0,273,False,Tenet
Mar 23COVID-19 Pandemic,Tuesday,17,9833.0,-14%,+184.9%,65,151.0,58348957.0,274,False,Tenet
Mar 24COVID-19 Pandemic,Wednesday,17,9431.0,-4.1%,+177.7%,65,145.0,58358388.0,275,False,Tenet
Mar 25COVID-19 Pandemic,Thursday,18,7768.0,-17.6%,+128.4%,65,119.0,58366156.0,276,False,Tenet
Mar 26COVID-19 Pandemic,Friday,20,12503.0,+61%,-39%,65,192.0,58378659.0,277,False,Tenet
Mar 27COVID-19 Pandemic,Saturday,20,16821.0,+34.5%,-41.9%,65,258.0,58395480.0,280,False,Tenet
Mar 28COVID-19 Pandemic,Sunday,19,12854.0,-23.6%,-42%,65,197.0,58408334.0,281,False,Tenet
Mar 29COVID-19 Pandemic,Monday,17,6387.0,-50.3%,-44.1%,65,98.0,58414721.0,282,False,Tenet
Mar 30COVID-19 Pandemic,Tuesday,16,8592.0,+34.5%,-12.6%,65,132.0,58423313.0,283,False,Tenet
Mar 31COVID-19 Pandemic,Wednesday,21,1081.0,-87.4%,-88.5%,65,16.0,58424394.0,284,False,Tenet
Apr 1COVID-19 Pandemic,Thursday,22,1057.0,-2.2%,-86.4%,65,16.0,58425451.0,285,False,Tenet
Apr 2COVID-19 Pandemic,Friday,18,9502.0,+799%,-24%,45,211.0,58434953.0,286,False,Tenet
Apr 3COVID-19 Pandemic,Saturday,18,12507.0,+31.6%,-25.6%,45,277.0,58447460.0,290,False,Tenet
Apr 4COVID-19 Pandemic Easter Sunday,Sunday,23,1458.0,-88.3%,-88.7%,45,32.0,58448918.0,291,False,Tenet
Apr 5COVID-19 Pandemic,Monday,23,717.0,-50.8%,-88.8%,45,15.0,58449635.0,292,False,Tenet
Apr 6COVID-19 Pandemic,Tuesday,23,784.0,+9.3%,-90.9%,45,17.0,58450419.0,293,False,Tenet
Apr 7COVID-19 Pandemic,Wednesday,21,1193.0,+52.2%,+10.4%,45,26.0,58451612.0,294,False,Tenet
Apr 8COVID-19 Pandemic,Thursday,23,767.0,-35.7%,-27.4%,45,17.0,58452379.0,295,False,Tenet
Apr 9COVID-19 Pandemic,Friday,26,844.0,+10%,-91.1%,45,18.0,58453223.0,296,False,Tenet
Apr 10COVID-19 Pandemic,Saturday,27,915.0,+8.4%,-92.7%,45,20.0,58454138.0,299,False,Tenet
Apr 11COVID-19 Pandemic,Sunday,26,684.0,-25.2%,-53.1%,45,15.0,58454822.0,300,False,Tenet
Apr 12COVID-19 Pandemic,Monday,26,342.0,-50%,-52.3%,45,7.0,58455164.0,301,False,Tenet
Apr 13COVID-19 Pandemic,Tuesday,25,356.0,+4.1%,-54.6%,45,7.0,58455520.0,302,False,Tenet
Apr 14COVID-19 Pandemic,Wednesday,25,467.0,+31.2%,-60.9%,45,10.0,58455987.0,303,False,Tenet
Apr 15COVID-19 Pandemic,Thursday,25,637.0,+36.4%,-16.9%,45,14.0,58456624.0,304,False,Tenet
Jul 21,Friday,2,33017635.0,-,-,3610,9146.0,33017635.0,1,False,Oppenheimer
Jul 22,Saturday,2,26248140.0,-20.5%,-,3610,7270.0,59265775.0,2,False,Oppenheimer
Jul 23,Sunday,2,23189645.0,-11.7%,-,3610,6423.0,82455420.0,3,False,Oppenheimer
Jul 24,Monday,2,12671950.0,-45.4%,-,3610,3510.0,95127370.0,4,False,Oppenheimer
Jul 25,Tuesday,2,12073530.0,-4.7%,-,3610,3344.0,107200900.0,5,False,Oppenheimer
Jul 26,Wednesday,2,10655845.0,-11.7%,-,3610,2951.0,117856745.0,6,False,Oppenheimer
Jul 27,Thursday,2,10003685.0,-6.1%,-,3610,2771.0,127860430.0,7,False,Oppenheimer
Jul 28,Friday,2,13427475.0,+34.2%,-59.3%,3647,3681.0,141287905.0,8,False,Oppenheimer
Jul 29,Saturday,2,18217115.0,+35.7%,-30.6%,3647,4995.0,159505020.0,9,False,Oppenheimer
Jul 30,Sunday,2,15061040.0,-17.3%,-35.1%,3647,4129.0,174566060.0,10,False,Oppenheimer
Jul 31,Monday,2,6854460.0,-54.5%,-45.9%,3647,1879.0,181420520.0,11,False,Oppenheimer
Aug 1,Tuesday,2,6981975.0,+1.9%,-42.2%,3647,1914.0,188402495.0,12,False,Oppenheimer
Aug 2,Wednesday,3,5884010.0,-15.7%,-44.8%,3647,1613.0,194286505.0,13,False,Oppenheimer
Aug 3,Thursday,2,5582115.0,-5.1%,-44.2%,3647,1530.0,199868620.0,14,False,Oppenheimer
Aug 4,Friday,4,8336045.0,+49.3%,-37.9%,3612,2307.0,208204665.0,15,False,Oppenheimer
Aug 5,Saturday,2,11158205.0,+33.9%,-38.7%,3612,3089.0,219362870.0,16,False,Oppenheimer
Aug 6,Sunday,2,9626790.0,-13.7%,-36.1%,3612,2665.0,228989660.0,17,False,Oppenheimer
Aug 7,Monday,2,4750015.0,-50.7%,-30.7%,3612,1315.0,233739675.0,18,False,Oppenheimer
Aug 8,Tuesday,3,4363530.0,-8.1%,-37.5%,3612,1208.0,238103205.0,19,False,Oppenheimer
Aug 9,Wednesday,2,3744420.0,-14.2%,-36.4%,3612,1036.0,241847625.0,20,False,Oppenheimer
Aug 10,Thursday,2,3621850.0,-3.3%,-35.1%,3612,1002.0,245469475.0,21,False,Oppenheimer
Aug 11,Friday,2,5079435.0,+40.2%,-39.1%,3761,1350.0,250548910.0,22,False,Oppenheimer
Aug 12,Saturday,2,7625585.0,+50.1%,-31.7%,3761,2027.0,258174495.0,23,False,Oppenheimer
Aug 13,Sunday,2,6107950.0,-19.9%,-36.6%,3761,1624.0,264282445.0,24,False,Oppenheimer
Aug 14,Monday,2,2618585.0,-57.1%,-44.9%,3761,696.0,266901030.0,25,False,Oppenheimer
Aug 15,Tuesday,2,3123675.0,+19.3%,-28.4%,3761,830.0,270024705.0,26,False,Oppenheimer
Aug 16,Wednesday,2,2563220.0,-17.9%,-31.5%,3761,681.0,272587925.0,27,False,Oppenheimer
Aug 17,Thursday,2,2043810.0,-20.3%,-43.6%,3761,543.0,274631735.0,28,False,Oppenheimer
Aug 18,Friday,4,3052220.0,+49.3%,-39.9%,3321,919.0,277683955.0,29,False,Oppenheimer
Aug 19,Saturday,3,4330355.0,+41.9%,-43.2%,3321,1303.0,282014310.0,30,False,Oppenheimer
Aug 20,Sunday,3,3342935.0,-22.8%,-45.3%,3321,1006.0,285357245.0,31,False,Oppenheimer
Aug 21,Monday,3,1409670.0,-57.8%,-46.2%,3321,424.0,286766915.0,32,False,Oppenheimer
Aug 22,Tuesday,3,1640710.0,+16.4%,-47.5%,3321,494.0,288407625.0,33,False,Oppenheimer
Aug 23,Wednesday,3,1339220.0,-18.4%,-47.8%,3321,403.0,289746845.0,34,False,Oppenheimer
Aug 24,Thursday,3,1277415.0,-4.6%,-37.5%,3321,384.0,291024260.0,35,False,Oppenheimer
Aug 25,Friday,4,2278125.0,+78.3%,-25.4%,2872,793.0,293302385.0,36,False,Oppenheimer
Aug 26,Saturday,4,3275360.0,+43.8%,-24.4%,2872,1140.0,296577745.0,37,False,Oppenheimer
Aug 27,Sunday,5,2667265.0,-18.6%,-20.2%,2872,928.0,299245010.0,38,False,Oppenheimer
Aug 28,Monday,4,899660.0,-66.3%,-36.2%,2872,313.0,300144670.0,39,False,Oppenheimer
Aug 29,Tuesday,4,1112640.0,+23.7%,-32.2%,2872,387.0,301257310.0,40,False,Oppenheimer
Aug 30,Wednesday,3,958450.0,-13.9%,-28.4%,2872,333.0,302215760.0,41,False,Oppenheimer
Aug 31,Thursday,2,815240.0,-14.9%,-36.2%,2872,283.0,303031000.0,42,False,Oppenheimer
Sep 1,Friday,5,1375430.0,+68.7%,-39.6%,2543,540.0,304406430.0,43,False,Oppenheimer
Sep 2,Saturday,5,2063425.0,+50%,-37%,2543,811.0,306469855.0,44,False,Oppenheimer
Sep 3,Sunday,5,2318410.0,+12.4%,-13.1%,2543,911.0,308788265.0,45,False,Oppenheimer
Sep 4Labor Day,Monday,5,1900260.0,-18%,+111.2%,2543,747.0,310688525.0,46,False,Oppenheimer
Sep 5,Tuesday,5,566425.0,-70.2%,-49.1%,2543,222.0,311254950.0,47,False,Oppenheimer
Sep 6,Wednesday,3,475750.0,-16%,-50.4%,2543,187.0,311730700.0,48,False,Oppenheimer
Sep 7,Thursday,4,406255.0,-14.6%,-50.2%,2543,159.0,312136955.0,49,False,Oppenheimer
Sep 8,Friday,8,805650.0,+98.3%,-41.4%,2091,385.0,312942605.0,50,False,Oppenheimer
Sep 9,Saturday,8,1363015.0,+69.2%,-33.9%,2091,651.0,314305620.0,51,False,Oppenheimer
Sep 10,Sunday,8,912095.0,-33.1%,-60.7%,2091,436.0,315217715.0,52,False,Oppenheimer
Sep 11,Monday,6,286180.0,-68.6%,-84.9%,2091,136.0,315503895.0,53,False,Oppenheimer
Sep 12,Tuesday,7,394100.0,+37.7%,-30.4%,2091,188.0,315897995.0,54,False,Oppenheimer
Sep 13,Wednesday,6,342230.0,-13.2%,-28.1%,2091,163.0,316240225.0,55,False,Oppenheimer
Sep 14,Thursday,6,298890.0,-12.7%,-26.4%,2091,142.0,316539115.0,56,False,Oppenheimer
Sep 15,Friday,9,560985.0,+87.7%,-30.4%,1799,311.0,317100100.0,57,False,Oppenheimer
Sep 16,Saturday,10,935245.0,+66.7%,-31.4%,1799,519.0,318035345.0,58,False,Oppenheimer
Sep 17,Sunday,10,599265.0,-35.9%,-34.3%,1799,333.0,318634610.0,59,False,Oppenheimer
Sep 18,Monday,6,228365.0,-61.9%,-20.2%,1799,126.0,318862975.0,60,False,Oppenheimer
Sep 19,Tuesday,9,276295.0,+21%,-29.9%,1799,153.0,319139270.0,61,False,Oppenheimer
Sep 20,Wednesday,6,238900.0,-13.5%,-30.2%,1799,132.0,319378170.0,62,False,Oppenheimer
Sep 21,Thursday,6,204775.0,-14.3%,-31.5%,1799,113.0,319582945.0,63,False,Oppenheimer
Sep 22,Friday,11,383645.0,+87.3%,-31.6%,1459,262.0,319966590.0,64,False,Oppenheimer
Sep 23,Saturday,11,764865.0,+99.4%,-18.2%,1459,524.0,320731455.0,65,False,Oppenheimer
Sep 24,Sunday,11,477970.0,-37.5%,-20.2%,1459,327.0,321209425.0,66,False,Oppenheimer
Sep 25,Monday,10,174110.0,-63.6%,-23.8%,1459,119.0,321383535.0,67,False,Oppenheimer
Sep 26,Tuesday,9,196925.0,+13.1%,-28.7%,1459,134.0,321580460.0,68,False,Oppenheimer
Sep 27,Wednesday,9,150715.0,-23.5%,-36.9%,1459,103.0,321731175.0,69,False,Oppenheimer
Sep 28,Thursday,11,118950.0,-21.1%,-41.9%,1459,81.0,321850125.0,70,False,Oppenheimer
Sep 29,Friday,15,168130.0,+41.3%,-56.2%,622,270.0,322018255.0,71,False,Oppenheimer
Sep 30,Saturday,16,288235.0,+71.4%,-62.3%,622,463.0,322306490.0,72,False,Oppenheimer
Oct 1,Sunday,16,155575.0,-46%,-67.5%,622,250.0,322462065.0,73,False,Oppenheimer
Oct 2,Monday,14,70220.0,-54.9%,-59.7%,622,112.0,322532285.0,74,False,Oppenheimer
Oct 3,Tuesday,14,70695.0,+0.7%,-64.1%,622,113.0,322602980.0,75,False,Oppenheimer
Oct 4,Wednesday,14,62190.0,-12%,-58.7%,622,99.0,322665170.0,76,False,Oppenheimer
Oct 5,Thursday,14,59740.0,-3.9%,-49.8%,622,96.0,322724910.0,77,False,Oppenheimer
Oct 6,Friday,17,115340.0,+93.1%,-31.4%,337,342.0,322840250.0,78,False,Oppenheimer
Oct 7,Saturday,14,205190.0,+77.9%,-28.8%,337,608.0,323045440.0,79,False,Oppenheimer
Oct 8,Sunday,17,121375.0,-40.8%,-22%,337,360.0,323166815.0,80,False,Oppenheimer
Oct 9Indig. Peoples' Day,Monday,15,85615.0,-29.5%,+21.9%,337,254.0,323252430.0,81,False,Oppenheimer
Oct 10,Tuesday,16,49915.0,-41.7%,-29.4%,337,148.0,323302345.0,82,False,Oppenheimer
Oct 11,Wednesday,15,46220.0,-7.4%,-25.7%,337,137.0,323348565.0,83,False,Oppenheimer
Oct 12,Thursday,15,41760.0,-9.6%,-30.1%,337,123.0,323390325.0,84,False,Oppenheimer
Oct 13,Friday,15,69940.0,+67.5%,-39.4%,313,223.0,323460265.0,85,False,Oppenheimer
Oct 14,Saturday,14,158945.0,+127.3%,-22.5%,313,507.0,323619210.0,86,False,Oppenheimer
Oct 15,Sunday,14,84870.0,-46.6%,-30.1%,313,271.0,323704080.0,87,False,Oppenheimer
Oct 16,Monday,14,40990.0,-51.7%,-52.1%,313,130.0,323745070.0,88,False,Oppenheimer
Oct 17,Tuesday,15,48100.0,+17.3%,-3.6%,313,153.0,323793170.0,89,False,Oppenheimer
Oct 18,Wednesday,15,43770.0,-9%,-5.3%,313,139.0,323836940.0,90,False,Oppenheimer
Oct 19,Thursday,18,26570.0,-39.3%,-36.4%,313,84.0,323863510.0,91,False,Oppenheimer
Oct 20,Friday,17,47355.0,+78.2%,-32.3%,213,222.0,323910865.0,92,False,Oppenheimer
Oct 21,Saturday,16,88015.0,+85.9%,-44.6%,213,413.0,323998880.0,93,False,Oppenheimer
Oct 22,Sunday,16,53910.0,-38.7%,-36.5%,213,253.0,324052790.0,94,False,Oppenheimer
Oct 23,Monday,15,21600.0,-59.9%,-47.3%,213,101.0,324074390.0,95,False,Oppenheimer
Oct 24,Tuesday,15,28005.0,+29.7%,-41.8%,213,131.0,324102395.0,96,False,Oppenheimer
Oct 25,Wednesday,15,28115.0,+0.4%,-35.8%,213,131.0,324130510.0,97,False,Oppenheimer
Oct 26,Thursday,16,15785.0,-43.9%,-40.6%,213,74.0,324146295.0,98,False,Oppenheimer
Oct 27,Friday,21,27910.0,+76.8%,-41.1%,125,223.0,324174205.0,99,False,Oppenheimer
Oct 28,Saturday,20,43405.0,+55.5%,-50.7%,125,347.0,324217610.0,100,False,Oppenheimer
Oct 29,Sunday,20,31905.0,-26.5%,-40.8%,125,255.0,324249515.0,101,False,Oppenheimer
Oct 30,Monday,21,15675.0,-50.9%,-27.4%,125,125.0,324265190.0,102,False,Oppenheimer
Oct 31Halloween,Tuesday,20,15970.0,+1.9%,-43%,125,127.0,324281160.0,103,False,Oppenheimer
Nov 1,Wednesday,21,17415.0,+9%,-38.1%,125,139.0,324298575.0,104,False,Oppenheimer
Nov 2,Thursday,23,11110.0,-36.2%,-29.6%,125,88.0,324309685.0,105,False,Oppenheimer
Nov 3,Friday,17,119355.0,+974.3%,+327.6%,434,275.0,324429040.0,106,False,Oppenheimer
Nov 4,Saturday,16,226380.0,+89.7%,+421.6%,434,521.0,324655420.0,107,False,Oppenheimer
Nov 5,Sunday,15,167650.0,-25.9%,+425.5%,434,386.0,324823070.0,108,False,Oppenheimer
Nov 6,Monday,13,82090.0,-51%,+423.7%,434,189.0,324905160.0,109,False,Oppenheimer
Nov 7,Tuesday,15,83780.0,+2.1%,+424.6%,434,193.0,324988940.0,110,False,Oppenheimer
Nov 8,Wednesday,10,114625.0,+36.8%,+558.2%,434,264.0,325103565.0,111,False,Oppenheimer
Nov 9,Thursday,18,33220.0,-71%,+199%,434,76.0,325136785.0,112,False,Oppenheimer
Nov 10,Friday,20,30070.0,-9.5%,-74.8%,121,248.0,325166855.0,113,False,Oppenheimer
Nov 11,Saturday,21,41165.0,+36.9%,-81.8%,121,340.0,325208020.0,114,False,Oppenheimer
Nov 12,Sunday,21,23935.0,-41.9%,-85.7%,121,197.0,325231955.0,115,False,Oppenheimer
Nov 13,Monday,21,10280.0,-57.1%,-87.5%,121,84.0,325242235.0,116,False,Oppenheimer
Nov 14,Tuesday,20,11545.0,+12.3%,-86.2%,121,95.0,325253780.0,117,False,Oppenheimer
Nov 15,Wednesday,20,10715.0,-7.2%,-90.7%,121,88.0,325264495.0,118,False,Oppenheimer
Nov 16,Thursday,22,5045.0,-52.9%,-84.8%,121,41.0,325269540.0,119,False,Oppenheimer
Nov 17,Friday,21,10815.0,+114.4%,-64%,104,103.0,325280355.0,120,False,Oppenheimer
Nov 18,Saturday,20,19095.0,+76.6%,-53.6%,104,183.0,325299450.0,121,False,Oppenheimer
Nov 19,Sunday,20,13265.0,-30.5%,-44.6%,104,127.0,325312715.0,122,False,Oppenheimer
Nov 20,Monday,19,8660.0,-34.7%,-15.8%,104,83.0,325321375.0,123,False,Oppenheimer
Nov 21,Tuesday,20,5155.0,-40.5%,-55.3%,104,49.0,325326530.0,124,False,Oppenheimer
Nov 22,Wednesday,23,1955.0,-62.1%,-81.8%,102,19.0,325328485.0,125,False,Oppenheimer
Nov 23Thanksgiving,Thursday,20,4925.0,+151.9%,-2.4%,102,48.0,325333410.0,126,False,Oppenheimer
Nov 24,Friday,19,9345.0,+89.7%,-13.6%,102,91.0,325342755.0,127,False,Oppenheimer
Nov 25,Saturday,20,10350.0,+10.8%,-45.8%,102,101.0,325353105.0,128,False,Oppenheimer
Nov 26,Sunday,19,8560.0,-17.3%,-35.5%,102,83.0,325361665.0,129,False,Oppenheimer
Nov 27,Monday,17,1825.0,-78.7%,-78.9%,102,17.0,325363490.0,130,False,Oppenheimer
Nov 28,Tuesday,20,1670.0,-8.5%,-67.6%,102,16.0,325365160.0,131,False,Oppenheimer
Nov 29,Wednesday,19,1860.0,+11.4%,-4.9%,102,18.0,325367020.0,132,False,Oppenheimer
Nov 30,Thursday,18,3855.0,+107.3%,-21.7%,102,37.0,325370875.0,133,False,Oppenheimer
Dec 1,Friday,24,3405.0,-11.7%,-63.6%,101,33.0,325374280.0,134,False,Oppenheimer
Dec 2,Saturday,24,9695.0,+184.7%,-6.3%,101,95.0,325383975.0,135,False,Oppenheimer
Dec 3,Sunday,25,3995.0,-58.8%,-53.3%,101,39.0,325387970.0,136,False,Oppenheimer
Dec 4,Monday,26,490.0,-87.7%,-73.2%,101,4.0,325388460.0,137,False,Oppenheimer
Dec 5,Tuesday,26,835.0,+70.4%,-50%,101,8.0,325389295.0,138,False,Oppenheimer
Dec 6,Wednesday,28,545.0,-34.7%,-70.7%,101,5.0,325389840.0,139,False,Oppenheimer
Dec 7,Thursday,25,5220.0,+857.8%,+35.4%,101,51.0,325395060.0,140,False,Oppenheimer
Dec 8,Friday,21,90995.0,"+1,643.2%","+2,572.4%",1316,69.0,325486055.0,141,False,Oppenheimer
Dec 9,Saturday,20,157835.0,+73.5%,"+1,528%",1316,119.0,325643890.0,142,False,Oppenheimer
Dec 10,Sunday,20,113845.0,-27.9%,"+2,749.7%",1316,86.0,325757735.0,143,False,Oppenheimer
Dec 11,Monday,19,58910.0,-48.3%,"+11,922.4%",1316,44.0,325816645.0,144,False,Oppenheimer
Dec 12,Tuesday,17,79445.0,+34.9%,"+9,414.4%",1316,60.0,325896090.0,145,False,Oppenheimer
Dec 13,Wednesday,16,79690.0,+0.3%,"+14,522%",1316,60.0,325975780.0,146,False,Oppenheimer
Dec 14,Thursday,17,58485.0,-26.6%,"+1,020.4%",1316,44.0,326034265.0,147,False,Oppenheimer
Dec 15,Friday,33,6395.0,-89.1%,-93%,122,52.0,326040660.0,148,False,Oppenheimer
Dec 16,Saturday,32,10215.0,+59.7%,-93.5%,122,83.0,326050875.0,149,False,Oppenheimer
Dec 17,Sunday,31,7290.0,-28.6%,-93.6%,122,59.0,326058165.0,150,False,Oppenheimer
Dec 18,Monday,32,3965.0,-45.6%,-93.3%,122,32.0,326062130.0,151,False,Oppenheimer
Dec 19,Tuesday,32,5660.0,+42.7%,-92.9%,122,46.0,326067790.0,152,False,Oppenheimer
Dec 20,Wednesday,31,6600.0,+16.6%,-91.7%,122,54.0,326074390.0,153,False,Oppenheimer
Dec 21,Thursday,34,2060.0,-68.8%,-96.5%,122,16.0,326076450.0,154,False,Oppenheimer
Dec 22,Friday,36,1620.0,-21.4%,-74.7%,17,95.0,326078070.0,155,False,Oppenheimer
Dec 23,Saturday,35,2060.0,+27.2%,-79.8%,17,121.0,326080130.0,156,False,Oppenheimer
Dec 24,Sunday,37,505.0,-75.5%,-93.1%,17,29.0,326080635.0,157,False,Oppenheimer
Dec 25Christmas Day,Monday,40,1350.0,+167.3%,-66%,17,79.0,326081985.0,158,False,Oppenheimer
Dec 26,Tuesday,32,5885.0,+335.9%,+4%,17,346.0,326087870.0,159,False,Oppenheimer
Dec 27,Wednesday,41,1260.0,-78.6%,-80.9%,17,74.0,326089130.0,160,False,Oppenheimer
Dec 28,Thursday,34,4855.0,+285.3%,+135.7%,17,285.0,326093985.0,161,False,Oppenheimer
Dec 29,Friday,36,3010.0,-38%,+85.8%,25,120.0,326096995.0,162,False,Oppenheimer
Dec 30,Saturday,38,2940.0,-2.3%,+42.7%,25,117.0,326099935.0,163,False,Oppenheimer
Dec 31New Year's Eve,Sunday,37,1435.0,-51.2%,+184.2%,25,57.0,326101370.0,164,False,Oppenheimer
Jan 1New Year's Day,Monday,43,865.0,-39.7%,-35.9%,25,34.0,326102235.0,165,False,Oppenheimer
Jan 2,Tuesday,40,835.0,-3.5%,-85.8%,25,33.0,326103070.0,166,False,Oppenheimer
Jan 3,Wednesday,41,515.0,-38.3%,-59.1%,25,20.0,326103585.0,167,False,Oppenheimer
Jan 4,Thursday,39,770.0,+49.5%,-84.1%,25,30.0,326104355.0,168,False,Oppenheimer
Jan 5,Friday,44,355.0,-53.9%,-88.2%,27,13.0,326104710.0,169,False,Oppenheimer
Jan 6,Saturday,44,650.0,+83.1%,-77.9%,27,24.0,326105360.0,170,False,Oppenheimer
Jan 7,Sunday,40,510.0,-21.5%,-64.5%,27,18.0,326105870.0,171,False,Oppenheimer
Jan 8,Monday,44,50.0,-90.2%,-94.2%,27,1.0,326105920.0,172,False,Oppenheimer
Jan 9,Tuesday,38,440.0,+780%,-47.3%,27,16.0,326106360.0,173,False,Oppenheimer
Jan 10,Wednesday,38,420.0,-4.5%,-18.4%,27,15.0,326106780.0,174,False,Oppenheimer
Jan 11,Thursday,36,1125.0,+167.9%,+46.1%,27,41.0,326107905.0,175,False,Oppenheimer
Jan 12,Friday,21,78850.0,"+6,908.9%","+22,111.3%",139,567.0,326186755.0,176,False,Oppenheimer
Jan 13,Saturday,21,151070.0,+91.6%,"+23,141.5%",139,1086.0,326337825.0,177,False,Oppenheimer
Jan 14,Sunday,20,142750.0,-5.5%,"+27,890.2%",139,1026.0,326480575.0,178,False,Oppenheimer
Jan 15MLK Day,Monday,19,116765.0,-18.2%,"+233,430%",139,840.0,326597340.0,179,False,Oppenheimer
Jan 16,Tuesday,21,47430.0,-59.4%,"+10,679.5%",139,341.0,326644770.0,180,False,Oppenheimer
Jan 17,Wednesday,20,47050.0,-0.8%,"+11,102.4%",139,338.0,326691820.0,181,False,Oppenheimer
Jan 18,Thursday,21,22585.0,-52%,"+1,907.6%",139,162.0,326714405.0,182,False,Oppenheimer
Jan 19,Friday,23,40070.0,+77.4%,-49.2%,254,157.0,326754475.0,183,False,Oppenheimer
Jan 20,Saturday,23,112200.0,+180%,-25.7%,254,441.0,326866675.0,184,False,Oppenheimer
Jan 21,Sunday,22,107975.0,-3.8%,-24.4%,254,425.0,326974650.0,185,False,Oppenheimer
Jan 22,Monday,21,45680.0,-57.7%,-60.9%,254,179.0,327020330.0,186,False,Oppenheimer
Jan 23,Tuesday,21,42085.0,-7.9%,-11.3%,254,165.0,327062415.0,187,False,Oppenheimer
Jan 24,Wednesday,21,42015.0,-0.2%,-10.7%,254,165.0,327104430.0,188,False,Oppenheimer
Jan 25,Thursday,19,55005.0,+30.9%,+143.5%,254,216.0,327159435.0,189,False,Oppenheimer
Jan 26,Friday,17,227515.0,+313.6%,+467.8%,1268,179.0,327386950.0,190,False,Oppenheimer
Jan 27,Saturday,15,457105.0,+100.9%,+307.4%,1268,360.0,327844055.0,191,False,Oppenheimer
Jan 28,Sunday,14,240340.0,-47.4%,+122.6%,1268,189.0,328084395.0,192,False,Oppenheimer
Jan 29,Monday,14,101055.0,-58%,+121.2%,1268,79.0,328185450.0,193,False,Oppenheimer
Jan 30,Tuesday,14,150760.0,+49.2%,+258.2%,1268,118.0,328336210.0,194,False,Oppenheimer
Jan 31,Wednesday,14,120160.0,-20.3%,+186%,1268,94.0,328456370.0,195,False,Oppenheimer
Feb 1,Thursday,17,72925.0,-39.3%,+32.6%,1268,57.0,328529295.0,196,False,Oppenheimer
Feb 2,Friday,22,51010.0,-30.1%,-77.6%,579,88.0,328580305.0,197,False,Oppenheimer
Feb 3,Saturday,21,102305.0,+100.6%,-77.6%,579,176.0,328682610.0,198,False,Oppenheimer
Feb 4,Sunday,21,65540.0,-35.9%,-72.7%,579,113.0,328748150.0,199,False,Oppenheimer
Feb 5,Monday,20,21980.0,-66.5%,-78.2%,579,37.0,328770130.0,200,False,Oppenheimer
Feb 6,Tuesday,22,31065.0,+41.3%,-79.4%,579,53.0,328801195.0,201,False,Oppenheimer
Feb 7,Wednesday,21,22935.0,-26.2%,-80.9%,579,39.0,328824130.0,202,False,Oppenheimer
Feb 8,Thursday,21,19190.0,-16.3%,-73.7%,579,33.0,328843320.0,203,False,Oppenheimer
Feb 9,Friday,32,14975.0,-22%,-70.6%,226,66.0,328858295.0,204,False,Oppenheimer
Feb 10,Saturday,29,30675.0,+104.8%,-70%,226,135.0,328888970.0,205,False,Oppenheimer
Feb 11,Sunday,32,10230.0,-66.7%,-84.4%,226,45.0,328899200.0,206,False,Oppenheimer
Feb 12,Monday,27,7920.0,-22.6%,-64%,226,35.0,328907120.0,207,False,Oppenheimer
Feb 13,Tuesday,26,9830.0,+24.1%,-68.4%,226,43.0,328916950.0,208,False,Oppenheimer
Feb 14,Wednesday,32,6120.0,-37.7%,-73.3%,21,291.0,328923070.0,209,False,Oppenheimer
Feb 15,Thursday,30,3835.0,-37.3%,-80%,226,16.0,328926905.0,210,False,Oppenheimer
Feb 16,Friday,34,5295.0,+38.1%,-64.6%,159,33.0,328932200.0,211,False,Oppenheimer
Feb 17,Saturday,33,16490.0,+211.4%,-46.2%,159,103.0,328948690.0,212,False,Oppenheimer
Feb 18,Sunday,33,12950.0,-21.5%,+26.6%,159,81.0,328961640.0,213,False,Oppenheimer
Feb 19Presidents' Day,Monday,33,7545.0,-41.7%,-4.7%,159,47.0,328969185.0,214,False,Oppenheimer
Feb 20,Tuesday,33,7890.0,+4.6%,-19.7%,159,49.0,328977075.0,215,False,Oppenheimer
Feb 21,Wednesday,34,3590.0,-54.5%,-41.3%,159,22.0,328980665.0,216,False,Oppenheimer
Feb 22,Thursday,34,2705.0,-24.7%,-29.5%,159,17.0,328983370.0,217,False,Oppenheimer
Feb 23,Friday,37,2975.0,+10%,-43.8%,200,14.0,328986345.0,218,False,Oppenheimer
Feb 24,Saturday,33,17365.0,+483.7%,+5.3%,200,86.0,329003710.0,219,False,Oppenheimer
Feb 25,Sunday,35,8010.0,-53.9%,-38.1%,200,40.0,329011720.0,220,False,Oppenheimer
Feb 26,Monday,30,5415.0,-32.4%,-28.2%,200,27.0,329017135.0,221,False,Oppenheimer
Feb 27,Tuesday,34,3510.0,-35.2%,-55.5%,200,17.0,329020645.0,222,False,Oppenheimer
Feb 28,Wednesday,34,2275.0,-35.2%,-36.6%,200,11.0,329022920.0,223,False,Oppenheimer
Feb 29,Thursday,28,5280.0,+132.1%,+95.2%,200,26.0,329028200.0,224,False,Oppenheimer
Mar 1,Friday,28,21910.0,+315%,+636.5%,453,48.0,329050110.0,225,False,Oppenheimer
Mar 2,Saturday,27,42775.0,+95.2%,+146.3%,453,94.0,329092885.0,226,False,Oppenheimer
Mar 3,Sunday,34,10685.0,-75%,+33.4%,453,23.0,329103570.0,227,False,Oppenheimer
Mar 4,Monday,23,11660.0,+9.1%,+115.3%,453,25.0,329115230.0,228,False,Oppenheimer
Mar 5,Tuesday,26,12080.0,+3.6%,+244.2%,453,26.0,329127310.0,229,False,Oppenheimer
Mar 6,Wednesday,31,8295.0,-31.3%,+264.6%,453,18.0,329135605.0,230,False,Oppenheimer
Mar 7,Thursday,18,17790.0,+114.5%,+236.9%,453,39.0,329153395.0,231,False,Oppenheimer
Mar 8,Friday,29,13370.0,-24.8%,-39%,642,20.0,329166765.0,232,False,Oppenheimer
Mar 9,Saturday,20,67770.0,+406.9%,+58.4%,642,105.0,329234535.0,233,False,Oppenheimer
Mar 10,Sunday,24,29805.0,-56%,+178.9%,642,46.0,329264340.0,234,False,Oppenheimer
Mar 11,Monday,18,29970.0,+0.6%,+157%,642,46.0,329294310.0,235,False,Oppenheimer
Mar 12,Tuesday,17,49935.0,+66.6%,+313.4%,642,77.0,329344245.0,236,False,Oppenheimer
Mar 13,Wednesday,18,33110.0,-33.7%,+299.2%,642,51.0,329377355.0,237,False,Oppenheimer
Mar 14,Thursday,19,24050.0,-27.4%,+35.2%,642,37.0,329401405.0,238,False,Oppenheimer
Mar 15,Friday,14,88010.0,+265.9%,+558.3%,1323,66.0,329489415.0,239,False,Oppenheimer
Mar 16,Saturday,13,129365.0,+47%,+90.9%,1323,97.0,329618780.0,240,False,Oppenheimer
Mar 17,Sunday,15,83460.0,-35.5%,+180%,1323,63.0,329702240.0,241,False,Oppenheimer
Mar 18,Monday,13,38620.0,-53.7%,+28.9%,1323,29.0,329740860.0,242,False,Oppenheimer
Mar 19,Tuesday,12,55355.0,+43.3%,+10.9%,1323,41.0,329796215.0,243,False,Oppenheimer
Mar 20,Wednesday,14,39005.0,-29.5%,+17.8%,1323,29.0,329835220.0,244,False,Oppenheimer
Mar 21,Thursday,14,27320.0,-30%,+13.6%,1323,20.0,329862540.0,245,False,Oppenheimer
Feb 28,Friday,26,38295.0,-,-,80,478.0,329900835.0,589,False,Oppenheimer
Mar 1,Saturday,28,60105.0,+57%,-,80,751.0,329960940.0,590,False,Oppenheimer
Mar 2,Sunday,26,41845.0,-30.4%,-,80,523.0,330002785.0,591,False,Oppenheimer
Mar 3,Monday,23,23820.0,-43.1%,-,80,297.0,330026605.0,592,False,Oppenheimer
Mar 4,Tuesday,24,23665.0,-0.7%,-,80,295.0,330050270.0,593,False,Oppenheimer
Mar 5,Wednesday,23,26940.0,+13.8%,-,80,336.0,330077210.0,594,False,Oppenheimer
Mar 6,Thursday,35,1685.0,-93.7%,-,80,21.0,330078895.0,595,False,Oppenheimer
Jul 17,Friday,1,50977435.0,-,-,3919,13007.0,50977435.0,1,False,The Odyssey
Jul 18,Saturday,1,41735485.0,-18.1%,-,3919,10649.0,92712920.0,2,False,The Odyssey
Jul 19,Sunday,1,30789980.0,-26.2%,-,3919,7856.0,123502900.0,3,False,The Odyssey
Jul 20,Monday,1,18677415.0,-39.3%,-,3919,4765.0,142180315.0,4,False,The Odyssey
Jul 21,Tuesday,1,21498195.0,+15.1%,-,3919,5485.0,163678510.0,5,False,The Odyssey
Jul 22,Wednesday,1,18067805.0,-16%,-,3919,4610.0,181746315.0,6,False,The Odyssey
Jul 23,Thursday,1,17625485.0,-2.4%,-,3919,4497.0,199371800.0,7,False,The Odyssey
Jul 24,Friday,1,25676880.0,+45.7%,-49.6%,3942,6513.0,225048680.0,8,False,The Odyssey
Jul 25,Saturday,1,34567335.0,+34.6%,-17.2%,3942,8768.0,259616015.0,9,False,The Odyssey
Jul 26,Sunday,1,29778295.0,-13.9%,-3.3%,3942,7554.0,289394310.0,10,False,The Odyssey
May 15,Friday,2,6977085.0,-,-,2615,2668.0,6977085.0,1,False,Obsession
May 16,Saturday,4,5416910.0,-22.4%,-,2615,2071.0,12393995.0,2,False,Obsession
May 17,Sunday,3,4802860.0,-11.3%,-,2615,1836.0,17196855.0,3,False,Obsession
May 18,Monday,1,2909865.0,-39.4%,-,2615,1112.0,20106720.0,4,False,Obsession
May 19,Tuesday,1,3644260.0,+25.2%,-,2615,1393.0,23750980.0,5,False,Obsession
May 20,Wednesday,1,3235975.0,-11.2%,-,2615,1237.0,26986955.0,6,False,Obsession
May 21,Thursday,1,3397055.0,+5%,-,2615,1299.0,30384010.0,7,False,Obsession
May 22,Friday,2,6088170.0,+79.2%,-12.7%,2655,2293.0,36472180.0,8,False,Obsession
May 23,Saturday,2,8626190.0,+41.7%,+59.2%,2655,3249.0,45098370.0,9,False,Obsession
May 24,Sunday,2,9247980.0,+7.2%,+92.6%,2655,3483.0,54346350.0,10,False,Obsession
May 25Memorial Day,Monday,2,8017890.0,-13.3%,+175.5%,2655,3019.0,62364240.0,11,False,Obsession
May 26,Tuesday,2,5525740.0,-31.1%,+51.6%,2655,2081.0,67889980.0,12,False,Obsession
May 27,Wednesday,1,5634105.0,+2%,+74.1%,2655,2122.0,73524085.0,13,False,Obsession
May 28,Thursday,1,4833565.0,-14.2%,+42.3%,2655,1820.0,78357650.0,14,False,Obsession
May 29,Friday,2,8189905.0,+69.4%,+34.5%,2781,2944.0,86547555.0,15,False,Obsession
May 30,Saturday,3,10129170.0,+23.7%,+17.4%,2781,3642.0,96676725.0,16,False,Obsession
May 31,Sunday,2,9076405.0,-10.4%,-1.9%,2781,3263.0,105753130.0,17,False,Obsession
Jun 1,Monday,2,5251185.0,-42.1%,-34.5%,2781,1888.0,111004315.0,18,False,Obsession
Jun 2,Tuesday,2,5752740.0,+9.6%,+4.1%,2781,2068.0,116757055.0,19,False,Obsession
Jun 3,Wednesday,2,5067805.0,-11.9%,-10.1%,2781,1822.0,121824860.0,20,False,Obsession
Jun 4,Thursday,3,4707070.0,-7.1%,-2.6%,2781,1692.0,126531930.0,21,False,Obsession
Jun 5,Friday,4,7501835.0,+59.4%,-8.4%,2900,2586.0,134033765.0,22,False,Obsession
Jun 6,Saturday,4,9747145.0,+29.9%,-3.8%,2900,3361.0,143780910.0,23,False,Obsession
Jun 7,Sunday,2,8140485.0,-16.5%,-10.3%,2900,2807.0,151921395.0,24,False,Obsession
Jun 8,Monday,1,4211865.0,-48.3%,-19.8%,2900,1452.0,156133260.0,25,False,Obsession
Jun 9,Tuesday,2,5087380.0,+20.8%,-11.6%,2900,1754.0,161220640.0,26,False,Obsession
Jun 10,Wednesday,1,4218455.0,-17.1%,-16.8%,2900,1454.0,165439095.0,27,False,Obsession
Jun 11,Thursday,1,3943870.0,-6.5%,-16.2%,2900,1359.0,169382965.0,28,False,Obsession
Jun 12,Friday,2,6264885.0,+58.9%,-16.5%,3068,2042.0,175647850.0,29,False,Obsession
Jun 13,Saturday,2,6962020.0,+11.1%,-28.6%,3068,2269.0,182609870.0,30,False,Obsession
Jun 14,Sunday,2,5781110.0,-17%,-29%,3068,1884.0,188390980.0,31,False,Obsession
Jun 15,Monday,2,3165930.0,-45.2%,-24.8%,3068,1031.0,191556910.0,32,False,Obsession
Jun 16,Tuesday,2,3837210.0,+21.2%,-24.6%,3068,1250.0,195394120.0,33,False,Obsession
Jun 17,Wednesday,2,3260695.0,-15%,-22.7%,3068,1062.0,198654815.0,34,False,Obsession
Jun 18,Thursday,1,2979805.0,-8.6%,-24.4%,3068,971.0,201634620.0,35,False,Obsession
Jun 19,Friday,3,4745870.0,+59.3%,-24.2%,3053,1554.0,206380490.0,36,False,Obsession
Jun 20,Saturday,3,5183505.0,+9.2%,-25.5%,3053,1697.0,211563995.0,37,False,Obsession
Jun 21,Sunday,3,3467830.0,-33.1%,-40%,3053,1135.0,215031825.0,38,False,Obsession
Jun 22,Monday,2,2368010.0,-31.7%,-25.2%,3053,775.0,217399835.0,39,False,Obsession
Jun 23,Tuesday,2,2695055.0,+13.8%,-29.8%,3053,882.0,220094890.0,40,False,Obsession
Jun 24,Wednesday,2,2098325.0,-22.1%,-35.6%,3053,687.0,222193215.0,41,False,Obsession
Jun 25,Thursday,2,1909870.0,-9%,-35.9%,3053,625.0,224103085.0,42,False,Obsession
Jun 26,Friday,4,3033905.0,+58.9%,-36.1%,2965,1023.0,227136990.0,43,False,Obsession
Jun 27,Saturday,3,3791145.0,+25%,-26.9%,2965,1278.0,230928135.0,44,False,Obsession
Jun 28,Sunday,3,2876115.0,-24.1%,-17.1%,2965,970.0,233804250.0,45,False,Obsession
Jun 29,Monday,3,1514055.0,-47.4%,-36.1%,2965,510.0,235318305.0,46,False,Obsession
Jun 30,Tuesday,3,1735090.0,+14.6%,-35.6%,2965,585.0,237053395.0,47,False,Obsession
Jul 1,Wednesday,4,1384510.0,-20.2%,-34%,2640,524.0,238437905.0,48,False,Obsession
Jul 2,Thursday,4,1579695.0,+14.1%,-17.3%,2640,598.0,240017600.0,49,False,Obsession
Jul 3,Friday,6,2182315.0,+38.1%,-28.1%,2640,826.0,242199915.0,50,False,Obsession
Jul 4Independence Day,Saturday,6,1373315.0,-37.1%,-63.8%,2640,520.0,243573230.0,51,False,Obsession
Jul 5,Sunday,5,1645705.0,+19.8%,-42.8%,2640,623.0,245218935.0,52,False,Obsession
Jul 6,Monday,5,1017245.0,-38.2%,-32.8%,2640,385.0,246236180.0,53,False,Obsession
Jul 7,Tuesday,5,1301595.0,+28%,-25%,2640,493.0,247537775.0,54,False,Obsession
Jul 8,Wednesday,5,1113245.0,-14.5%,-19.6%,2640,421.0,248651020.0,55,False,Obsession
Jul 9,Thursday,4,871380.0,-21.7%,-44.8%,2640,330.0,249522400.0,56,False,Obsession
Jul 10,Friday,7,1283930.0,+47.3%,-41.2%,2069,620.0,250806330.0,57,False,Obsession
Jul 11,Saturday,8,1399780.0,+9%,+1.9%,2069,676.0,252206110.0,58,False,Obsession
Jul 12,Sunday,8,1165655.0,-16.7%,-29.2%,2069,563.0,253371765.0,59,False,Obsession
Jul 13,Monday,7,643035.0,-44.8%,-36.8%,2069,310.0,254014800.0,60,False,Obsession
Jul 14,Tuesday,8,772375.0,+20.1%,-40.7%,2069,373.0,254787175.0,61,False,Obsession
Jul 15,Wednesday,7,649995.0,-15.8%,-41.6%,2069,314.0,255437170.0,62,False,Obsession
Jul 16,Thursday,7,554090.0,-14.8%,-36.4%,2069,267.0,255991260.0,63,False,Obsession
Jul 17,Friday,8,803355.0,+45%,-37.4%,1524,527.0,256794615.0,64,False,Obsession
Jul 18,Saturday,8,995365.0,+23.9%,-28.9%,1524,653.0,257789980.0,65,False,Obsession
Jul 19,Sunday,8,597160.0,-40%,-48.8%,1524,391.0,258387140.0,66,False,Obsession
Jul 20,Monday,8,359520.0,-39.8%,-44.1%,1524,235.0,258746660.0,67,False,Obsession
Jul 21,Tuesday,8,440605.0,+22.6%,-43%,1524,289.0,259187265.0,68,False,Obsession
Jul 22,Wednesday,9,369115.0,-16.2%,-43.2%,1524,242.0,259556380.0,69,False,Obsession
Jul 23,Thursday,8,307855.0,-16.6%,-44.4%,1524,202.0,259864235.0,70,False,Obsession
Jul 24,Friday,10,481405.0,+56.4%,-40.1%,1203,400.0,260345640.0,71,False,Obsession
Jul 25,Saturday,9,625885.0,+30%,-37.1%,1203,520.0,260971525.0,72,False,Obsession
Jul 26,Sunday,9,440175.0,-29.7%,-26.3%,1203,365.0,261411700.0,73,False,Obsession
May 29,Friday,1,38412634.0,-,-,3442,11159.0,38412634.0,1,False,Backrooms
May 30,Saturday,1,24737736.0,-35.6%,-,3442,7187.0,63150370.0,2,False,Backrooms
May 31,Sunday,1,18252054.0,-26.2%,-,3442,5302.0,81402424.0,3,False,Backrooms
Jun 1,Monday,1,7669600.0,-58%,-,3442,2228.0,89072024.0,4,False,Backrooms
Jun 2,Tuesday,1,8776542.0,+14.4%,-,3442,2549.0,97848566.0,5,False,Backrooms
Jun 3,Wednesday,1,6011931.0,-31.5%,-,3442,1746.0,103860498.0,6,False,Backrooms
Jun 4,Thursday,2,5254428.0,-12.6%,-,3442,1526.0,109114925.0,7,False,Backrooms
Jun 5,Friday,3,7974589.0,+51.8%,-79.2%,3565,2236.0,117089514.0,8,False,Backrooms
Jun 6,Saturday,2,10446712.0,+31%,-57.8%,3565,2930.0,127536226.0,9,False,Backrooms
Jun 7,Sunday,3,7835034.0,-25%,-57.1%,3565,2197.0,135371260.0,10,False,Backrooms
Jun 8,Monday,3,3290714.0,-58%,-57.1%,3565,923.0,138661974.0,11,False,Backrooms
Jun 9,Tuesday,3,4376650.0,+33%,-50.1%,3565,1227.0,143038624.0,12,False,Backrooms
Jun 10,Wednesday,3,3151188.0,-28%,-47.6%,3565,883.0,146189812.0,13,False,Backrooms
Jun 11,Thursday,3,2583974.0,-18%,-50.8%,3565,724.0,148773786.0,14,False,Backrooms
Jun 12,Friday,4,3632408.0,+40.6%,-54.5%,3404,1067.0,152406194.0,15,False,Backrooms
Jun 13,Saturday,4,4358890.0,+20%,-58.3%,3404,1280.0,156765084.0,16,False,Backrooms
Jun 14,Sunday,4,3530701.0,-19%,-54.9%,3404,1037.0,160295784.0,17,False,Backrooms
Jun 15,Monday,3,1765350.0,-50%,-46.4%,3404,518.0,162061134.0,18,False,Backrooms
Jun 16,Tuesday,3,2277302.0,+29%,-48%,3404,669.0,164338436.0,19,False,Backrooms
Jun 17,Wednesday,3,1844615.0,-19%,-41.5%,3404,541.0,166183051.0,20,False,Backrooms
Jun 18,Thursday,3,1697045.0,-8%,-34.3%,3404,498.0,167880096.0,21,False,Backrooms
Jun 19,Friday,4,2470037.0,+45.5%,-32%,2851,866.0,170350133.0,22,False,Backrooms
Jun 20,Saturday,4,2766442.0,+12%,-36.5%,2851,970.0,173116575.0,23,False,Backrooms
Jun 21,Sunday,5,1936509.0,-30%,-45.2%,2851,679.0,175053085.0,24,False,Backrooms
Jun 22,Monday,4,1239366.0,-36%,-29.8%,2851,434.0,176292451.0,25,False,Backrooms
Jun 23,Tuesday,4,1487239.0,+20%,-34.7%,2851,521.0,177779690.0,26,False,Backrooms
Jun 24,Wednesday,4,1130302.0,-24%,-38.7%,2851,396.0,178909992.0,27,False,Backrooms
Jun 25,Thursday,4,960757.0,-15%,-43.4%,2851,336.0,179870749.0,28,False,Backrooms
Jun 26,Friday,6,1310612.0,+36.4%,-46.9%,2396,547.0,181181361.0,29,False,Backrooms
Jun 27,Saturday,6,1716902.0,+31%,-37.9%,2396,716.0,182898263.0,30,False,Backrooms
Jun 28,Sunday,6,1356352.0,-21%,-30%,2396,566.0,184254615.0,31,False,Backrooms
Jun 29,Monday,6,718832.0,-47%,-42%,2396,300.0,184973447.0,32,False,Backrooms
Jun 30,Tuesday,6,905729.0,+26%,-39.1%,2396,378.0,185879176.0,33,False,Backrooms
Jul 1,Wednesday,7,606838.0,-33%,-46.3%,2396,253.0,186486014.0,34,False,Backrooms
Jul 2,Thursday,7,685727.0,+13%,-28.6%,2396,286.0,187171741.0,35,False,Backrooms
Jul 3,Friday,7,1488530.0,+117.1%,+13.6%,2079,715.0,188660271.0,36,False,Backrooms
Jul 4Independence Day,Saturday,7,791242.0,-46.8%,-53.9%,2079,380.0,189451513.0,37,False,Backrooms
Jul 5,Sunday,7,949490.0,+20%,-30%,2079,456.0,190401003.0,38,False,Backrooms
Jul 6,Monday,7,579189.0,-39%,-19.4%,2079,278.0,190980192.0,39,False,Backrooms
Jul 7,Tuesday,7,741362.0,+28%,-18.1%,2079,356.0,191721554.0,40,False,Backrooms
Jul 8,Wednesday,7,607917.0,-18%,+0.2%,2079,292.0,192329471.0,41,False,Backrooms
Jul 9,Thursday,7,382332.0,-37.1%,-44.2%,2079,183.0,192711803.0,42,False,Backrooms
Jul 10,Friday,11,498490.0,+30.4%,-66.5%,1262,395.0,193210293.0,43,False,Backrooms
Jul 11,Saturday,10,548339.0,+10%,-30.7%,1262,434.0,193758632.0,44,False,Backrooms
Jul 12,Sunday,10,474313.0,-13.5%,-50%,1262,375.0,194232945.0,45,False,Backrooms
Jul 13,Monday,10,260872.0,-45%,-55%,1262,206.0,194493817.0,46,False,Backrooms
Jul 14,Tuesday,10,313047.0,+20%,-57.8%,1262,248.0,194806864.0,47,False,Backrooms
Jul 15,Wednesday,10,262959.0,-16%,-56.7%,1262,208.0,195069823.0,48,False,Backrooms
Jul 16,Thursday,10,178812.0,-32%,-53.2%,1262,141.0,195248636.0,49,False,Backrooms
Jul 17,Friday,11,215180.0,+20.3%,-56.8%,742,290.0,195463816.0,50,False,Backrooms
Jul 18,Saturday,11,277582.0,+29%,-49.4%,742,374.0,195741398.0,51,False,Backrooms
Jul 19,Sunday,11,194308.0,-30%,-59%,742,261.0,195935706.0,52,False,Backrooms
Jul 20,Monday,12,122414.0,-37%,-53.1%,742,164.0,196058120.0,53,False,Backrooms
Jul 21,Tuesday,12,149345.0,+22%,-52.3%,742,201.0,196207465.0,54,False,Backrooms
Jul 22,Wednesday,12,128437.0,-14%,-51.2%,742,173.0,196335902.0,55,False,Backrooms
Jul 23,Thursday,12,101465.0,-21%,-43.3%,742,136.0,196437367.0,56,False,Backrooms
Jul 24,Friday,16,91080.0,-10.2%,-57.7%,552,165.0,196528447.0,57,True,Backrooms
Jul 25,Saturday,15,130244.0,+43%,-53.1%,552,235.0,196658691.0,58,True,Backrooms
Jul 26,Sunday,15,104196.0,-20%,-46.4%,552,188.0,196762885.0,59,True,Backrooms
Jun 19,Friday,1,71109759.0,-,-,4425,16070.0,71109759.0,1,False,Toy Story 5
Jun 20,Saturday,1,47755375.0,-32.8%,-,4425,10792.0,118865134.0,2,False,Toy Story 5
Jun 21,Sunday,1,40812703.0,-14.5%,-,4425,9223.0,159677837.0,3,False,Toy Story 5
Jun 22,Monday,1,17301436.0,-57.6%,-,4425,3909.0,176979273.0,4,False,Toy Story 5
Jun 23,Tuesday,1,23692621.0,+36.9%,-,4425,5354.0,200671894.0,5,False,Toy Story 5
Jun 24,Wednesday,1,13984310.0,-41%,-,4425,3160.0,214656204.0,6,False,Toy Story 5
Jun 25,Thursday,1,12585438.0,-10%,-,4425,2844.0,227241642.0,7,False,Toy Story 5
Jun 26,Friday,1,21444067.0,+70.4%,-69.8%,4425,4846.0,248685709.0,8,False,Toy Story 5
Jun 27,Saturday,1,27494092.0,+28.2%,-42.4%,4425,6213.0,276179801.0,9,False,Toy Story 5
Jun 28,Sunday,1,21890869.0,-20.4%,-46.4%,4425,4947.0,298070670.0,10,False,Toy Story 5
Jun 29,Monday,1,8187838.0,-62.6%,-52.7%,4425,1850.0,306258508.0,11,False,Toy Story 5
Jun 30,Tuesday,1,12607602.0,+54%,-46.8%,4425,2849.0,318866110.0,12,False,Toy Story 5
Jul 1,Wednesday,2,7876844.0,-37.5%,-43.7%,4425,1780.0,326742954.0,13,False,Toy Story 5
Jul 2,Thursday,2,8605736.0,+9.3%,-31.6%,4425,1944.0,335348690.0,14,False,Toy Story 5
Jul 3,Friday,2,13568322.0,+57.7%,-36.7%,3975,3413.0,348917012.0,15,False,Toy Story 5
Jul 4Independence Day,Saturday,3,7537411.0,-44.4%,-72.6%,3975,1896.0,356454423.0,16,False,Toy Story 5
Jul 5,Sunday,2,9214506.0,+22.3%,-57.9%,3975,2318.0,365668929.0,17,False,Toy Story 5
Jul 6,Monday,2,4529368.0,-50.8%,-44.7%,3975,1139.0,370198297.0,18,False,Toy Story 5
Jul 7,Tuesday,2,6685582.0,+47.6%,-47%,3975,1681.0,376883879.0,19,False,Toy Story 5
Jul 8,Wednesday,2,4477111.0,-33%,-43.2%,3975,1126.0,381360990.0,20,False,Toy Story 5
Jul 9,Thursday,2,3911730.0,-12.6%,-54.5%,3975,984.0,385272720.0,21,False,Toy Story 5
Jul 10,Friday,4,5850859.0,+49.6%,-56.9%,3575,1636.0,391123579.0,22,False,Toy Story 5
Jul 11,Saturday,3,7079480.0,+21%,-6.1%,3575,1980.0,398203059.0,23,False,Toy Story 5
Jul 12,Sunday,3,6077422.0,-14.2%,-34%,3575,1699.0,404280481.0,24,False,Toy Story 5
Jul 13,Monday,3,2470160.0,-59.4%,-45.5%,3575,690.0,406750641.0,25,False,Toy Story 5
Jul 14,Tuesday,3,3855926.0,+56.1%,-42.3%,3575,1078.0,410606567.0,26,False,Toy Story 5
Jul 15,Wednesday,3,2715354.0,-29.6%,-39.4%,3575,759.0,413321921.0,27,False,Toy Story 5
Jul 16,Thursday,3,2796645.0,+3%,-28.5%,3575,782.0,416118566.0,28,False,Toy Story 5
Jul 17,Friday,4,4288622.0,+53.3%,-26.7%,3400,1261.0,420407188.0,29,False,Toy Story 5
Jul 18,Saturday,3,6019610.0,+40.4%,-15%,3400,1770.0,426426798.0,30,False,Toy Story 5
Jul 19,Sunday,3,3451846.0,-42.7%,-43.2%,3400,1015.0,429878644.0,31,False,Toy Story 5
Jul 20,Monday,4,1714276.0,-50.3%,-30.6%,3400,504.0,431592920.0,32,False,Toy Story 5
Jul 21,Tuesday,4,3050058.0,+77.9%,-20.9%,3400,897.0,434642978.0,33,False,Toy Story 5
Jul 22,Wednesday,4,2077040.0,-31.9%,-23.5%,3400,610.0,436720018.0,34,False,Toy Story 5
Jul 23,Thursday,4,1835640.0,-11.6%,-34.4%,3400,539.0,438555658.0,35,False,Toy Story 5
Jul 24,Friday,4,3008006.0,+63.9%,-29.9%,3375,891.0,441563664.0,36,False,Toy Story 5
Jul 25,Saturday,3,4085082.0,+35.8%,-32.1%,3375,1210.0,445648746.0,37,False,Toy Story 5
Jul 26,Sunday,3,3068163.0,-24.9%,-11.1%,3375,909.0,448716909.0,38,False,Toy Story 5
Apr 24,Friday,1,39290344.0,-,-,3955,9934.0,39290344.0,1,False,Michael
Apr 25,Saturday,1,32463413.0,-17.4%,-,3955,8208.0,71753757.0,2,False,Michael
Apr 26,Sunday,1,25453117.0,-21.6%,-,3955,6435.0,97206874.0,3,False,Michael
Apr 27,Monday,1,7670456.0,-69.9%,-,3955,1939.0,104877330.0,4,False,Michael
Apr 28,Tuesday,1,11108967.0,+44.8%,-,3955,2808.0,115986297.0,5,False,Michael
Apr 29,Wednesday,1,7239644.0,-34.8%,-,3955,1830.0,123225941.0,6,False,Michael
Apr 30,Thursday,1,6577891.0,-9.1%,-,3955,1663.0,129803832.0,7,False,Michael
May 1,Friday,2,14250433.0,+116.6%,-63.7%,3955,3603.0,144054265.0,8,False,Michael
May 2,Saturday,2,22946241.0,+61%,-29.3%,3955,5801.0,167000506.0,9,False,Michael
May 3,Sunday,2,17206578.0,-25%,-32.4%,3955,4350.0,184207084.0,10,False,Michael
May 4,Monday,2,4575814.0,-73.4%,-40.3%,3955,1156.0,188782898.0,11,False,Michael
May 5,Tuesday,2,6404150.0,+40%,-42.4%,3955,1619.0,195187048.0,12,False,Michael
May 6,Wednesday,2,4740300.0,-26%,-34.5%,3955,1198.0,199927348.0,13,False,Michael
May 7,Thursday,2,4062356.0,-14.3%,-38.2%,3955,1027.0,203989704.0,14,False,Michael
May 8,Friday,3,8795396.0,+116.5%,-38.3%,3550,2477.0,212785100.0,15,False,Michael
May 9,Saturday,2,14440110.0,+64.2%,-37.1%,3550,4067.0,227225210.0,16,False,Michael
May 10,Sunday,2,14668060.0,+1.6%,-14.8%,3550,4131.0,241893270.0,17,False,Michael
May 11,Monday,1,3577412.0,-75.6%,-21.8%,3550,1007.0,245470682.0,18,False,Michael
May 12,Tuesday,2,4724258.0,+32.1%,-26.2%,3550,1330.0,250194940.0,19,False,Michael
May 13,Wednesday,1,3325674.0,-29.6%,-29.8%,3550,936.0,253520614.0,20,False,Michael
May 14,Thursday,1,3151213.0,-5.2%,-22.4%,3550,887.0,256671827.0,21,False,Michael
May 15,Friday,1,7004003.0,+122.3%,-20.4%,3560,1967.0,263675830.0,22,False,Michael
May 16,Saturday,1,10869262.0,+55.2%,-24.7%,3560,3053.0,274545092.0,23,False,Michael
May 17,Sunday,1,8267672.0,-23.9%,-43.6%,3560,2322.0,282812764.0,24,False,Michael
May 18,Monday,2,2777458.0,-66.4%,-22.4%,3560,780.0,285590222.0,25,False,Michael
May 19,Tuesday,2,3627732.0,+30.6%,-23.2%,3560,1019.0,289217954.0,26,False,Michael
May 20,Wednesday,2,2591655.0,-28.6%,-22.1%,3560,727.0,291809609.0,27,False,Michael
May 21,Thursday,2,2400580.0,-7.4%,-23.8%,3560,674.0,294210189.0,28,False,Michael
May 22,Friday,3,5032388.0,+109.6%,-28.1%,3306,1522.0,299242577.0,29,False,Michael
May 23,Saturday,3,7866852.0,+56.3%,-27.6%,3306,2379.0,307109429.0,30,False,Michael
May 24,Sunday,3,7726635.0,-1.8%,-6.5%,3306,2337.0,314836064.0,31,False,Michael
May 25Memorial Day,Monday,3,6474411.0,-16.2%,+133.1%,3306,1958.0,321310475.0,32,False,Michael
May 26,Tuesday,3,2773595.0,-57.2%,-23.5%,3306,838.0,324084070.0,33,False,Michael
May 27,Wednesday,3,2275042.0,-18%,-12.2%,3306,688.0,326359112.0,34,False,Michael
May 28,Thursday,3,1844131.0,-18.9%,-23.2%,3306,557.0,328203243.0,35,False,Michael
May 29,Friday,4,3340638.0,+81.1%,-33.6%,3118,1071.0,331543881.0,36,False,Michael
May 30,Saturday,4,4762700.0,+42.6%,-39.5%,3118,1527.0,336306581.0,37,False,Michael
May 31,Sunday,4,3762186.0,-21%,-51.3%,3118,1206.0,340068767.0,38,False,Michael
Jun 1,Monday,4,1575466.0,-58.1%,-75.7%,3118,505.0,341644233.0,39,False,Michael
Jun 2,Tuesday,4,2087681.0,+32.5%,-24.7%,3118,669.0,343731914.0,40,False,Michael
Jun 3,Wednesday,4,1573920.0,-24.6%,-30.8%,3118,504.0,345305834.0,41,False,Michael
Jun 4,Thursday,5,1275590.0,-19%,-30.8%,3118,409.0,346581424.0,42,False,Michael
Jun 5,Friday,7,2148264.0,+68.4%,-35.7%,2636,814.0,348729688.0,43,False,Michael
Jun 6,Saturday,7,3091933.0,+43.9%,-35.1%,2636,1172.0,351821621.0,44,False,Michael
Jun 7,Sunday,7,2395585.0,-22.5%,-36.3%,2636,908.0,354217206.0,45,False,Michael
Jun 8,Monday,6,1049712.0,-56.2%,-33.4%,2636,398.0,355266918.0,46,False,Michael
Jun 9,Tuesday,6,1447157.0,+37.9%,-30.7%,2636,548.0,356714075.0,47,False,Michael
Jun 10,Wednesday,6,1047464.0,-27.6%,-33.4%,2636,397.0,357761539.0,48,False,Michael
Jun 11,Thursday,6,870285.0,-16.9%,-31.8%,2636,330.0,358631824.0,49,False,Michael
Jun 12,Friday,8,1301386.0,+49.5%,-39.4%,2256,576.0,359933210.0,50,False,Michael
Jun 13,Saturday,8,1564999.0,+20.3%,-49.4%,2256,693.0,361498209.0,51,False,Michael
Jun 14,Sunday,7,1348751.0,-13.8%,-43.7%,2256,597.0,362846960.0,52,False,Michael
Jun 15,Monday,6,656093.0,-51.4%,-37.5%,2256,290.0,363503053.0,53,False,Michael
Jun 16,Tuesday,6,968817.0,+47.7%,-33.1%,2256,429.0,364471870.0,54,False,Michael
Jun 17,Wednesday,6,756327.0,-21.9%,-27.8%,2256,335.0,365228197.0,55,False,Michael
Jun 18,Thursday,7,502058.0,-33.6%,-42.3%,2256,222.0,365730255.0,56,False,Michael
Jun 19,Friday,11,614481.0,+22.4%,-52.8%,1434,428.0,366344736.0,57,False,Michael
Jun 20,Saturday,9,800124.0,+30.2%,-48.9%,1434,557.0,367144860.0,58,False,Michael
Jun 21,Sunday,9,742238.0,-7.2%,-45%,1434,517.0,367887098.0,59,False,Michael
Jun 22,Monday,10,347589.0,-53.2%,-47%,1434,242.0,368234687.0,60,False,Michael
Jun 23,Tuesday,10,461425.0,+32.8%,-52.4%,1434,321.0,368696112.0,61,False,Michael
Jun 24,Wednesday,9,350205.0,-24.1%,-53.7%,1434,244.0,369046317.0,62,False,Michael
Jun 25,Thursday,9,259084.0,-26%,-48.4%,1434,180.0,369305401.0,63,False,Michael
Jun 26,Friday,13,270959.0,+4.6%,-55.9%,711,381.0,369576360.0,64,False,Michael
Jun 27,Saturday,12,349392.0,+28.9%,-56.3%,711,491.0,369925752.0,65,False,Michael
Jun 28,Sunday,12,282556.0,-19.1%,-61.9%,711,397.0,370208308.0,66,False,Michael
Jun 29,Monday,12,149889.0,-47%,-56.9%,711,210.0,370358197.0,67,False,Michael
Jun 30,Tuesday,11,228024.0,+52.1%,-50.6%,711,320.0,370586221.0,68,False,Michael
Jul 1,Wednesday,12,99205.0,-56.5%,-71.7%,489,202.0,370685426.0,69,False,Michael
Jul 2,Thursday,12,117154.0,+18.1%,-54.8%,489,239.0,370802580.0,70,False,Michael
Jul 3,Friday,13,199399.0,+70.2%,-26.4%,400,498.0,371001979.0,71,False,Michael
Jul 4Independence Day,Saturday,13,154717.0,-22.4%,-55.7%,400,386.0,371156696.0,72,False,Michael
Jul 5,Sunday,13,137914.0,-10.9%,-51.2%,400,344.0,371294610.0,73,False,Michael
Jul 6,Monday,14,73815.0,-46.5%,-50.8%,400,184.0,371368425.0,74,False,Michael
Jul 7,Tuesday,13,103094.0,+39.7%,-54.8%,400,257.0,371471519.0,75,False,Michael
Jul 8,Wednesday,14,80906.0,-21.5%,-18.4%,400,202.0,371552425.0,76,False,Michael
Jul 9,Thursday,13,52153.0,-35.5%,-55.5%,400,130.0,371604578.0,77,False,Michael
Jul 10,Friday,14,74008.0,+41.9%,-62.9%,270,274.0,371678586.0,78,False,Michael
Jul 11,Saturday,14,98497.0,+33.1%,-36.3%,270,364.0,371777083.0,79,False,Michael
Jul 12,Sunday,15,88042.0,-10.6%,-36.2%,270,326.0,371865125.0,80,False,Michael
Jul 13,Monday,14,45357.0,-48.5%,-38.6%,270,167.0,371910482.0,81,False,Michael
Jul 14,Tuesday,14,60052.0,+32.4%,-41.8%,270,222.0,371970534.0,82,False,Michael
Jul 15,Wednesday,14,45443.0,-24.3%,-43.8%,270,168.0,372015977.0,83,False,Michael
Jul 16,Thursday,14,39757.0,-12.5%,-23.8%,270,147.0,372055734.0,84,False,Michael
Jul 17,Friday,14,43444.0,+9.3%,-41.3%,165,263.0,372099178.0,85,False,Michael
Jul 18,Saturday,14,61811.0,+42.3%,-37.2%,165,374.0,372160989.0,86,False,Michael
Jul 19,Sunday,14,37486.0,-39.4%,-57.4%,165,227.0,372198475.0,87,False,Michael
Jul 20,Monday,16,22846.0,-39.1%,-49.6%,165,138.0,372221321.0,88,False,Michael
Jul 21,Tuesday,14,35059.0,+53.5%,-41.6%,165,212.0,372256380.0,89,False,Michael
Jul 22,Wednesday,16,26898.0,-23.3%,-40.8%,165,163.0,372283278.0,90,False,Michael
Jul 23,Thursday,15,20110.0,-25.2%,-49.4%,165,121.0,372303388.0,91,False,Michael
May 1,Friday,1,32900084.0,-,-,4150,7927.0,32900084.0,1,False,The Devil Wears Prada 2
May 2,Saturday,1,25105540.0,-23.7%,-,4150,6049.0,58005624.0,2,False,The Devil Wears Prada 2
May 3,Sunday,1,18741451.0,-25.3%,-,4150,4516.0,76747075.0,3,False,The Devil Wears Prada 2
May 4,Monday,1,5697142.0,-69.6%,-,4150,1372.0,82444217.0,4,False,The Devil Wears Prada 2
May 5,Tuesday,1,8264406.0,+45.1%,-,4150,1991.0,90708623.0,5,False,The Devil Wears Prada 2
May 6,Wednesday,1,5936661.0,-28.2%,-,4150,1430.0,96645284.0,6,False,The Devil Wears Prada 2
May 7,Thursday,1,5198974.0,-12.4%,-,4150,1252.0,101844258.0,7,False,The Devil Wears Prada 2
May 8,Friday,2,9888491.0,+90.2%,-69.9%,4200,2354.0,111732749.0,8,False,The Devil Wears Prada 2
May 9,Saturday,1,15427144.0,+56%,-38.6%,4200,3673.0,127159893.0,9,False,The Devil Wears Prada 2
May 10,Sunday,1,16287351.0,+5.6%,-13.1%,4200,3877.0,143447244.0,10,False,The Devil Wears Prada 2
May 11,Monday,2,3374192.0,-79.3%,-40.8%,4200,803.0,146821436.0,11,False,The Devil Wears Prada 2
May 12,Tuesday,1,4767153.0,+41.3%,-42.3%,4200,1135.0,151588589.0,12,False,The Devil Wears Prada 2
May 13,Wednesday,2,3251137.0,-31.8%,-45.2%,4200,774.0,154839726.0,13,False,The Devil Wears Prada 2
May 14,Thursday,2,3022470.0,-7%,-41.9%,4200,719.0,157862196.0,14,False,The Devil Wears Prada 2
May 15,Friday,3,5349385.0,+77%,-45.9%,3830,1396.0,163211581.0,15,False,The Devil Wears Prada 2
May 16,Saturday,2,7193122.0,+34.5%,-53.4%,3830,1878.0,170404703.0,16,False,The Devil Wears Prada 2
May 17,Sunday,2,5308226.0,-26.2%,-67.4%,3830,1385.0,175712929.0,17,False,The Devil Wears Prada 2
May 18,Monday,3,1946806.0,-63.3%,-42.3%,3830,508.0,177659735.0,18,False,The Devil Wears Prada 2
May 19,Tuesday,3,2545107.0,+30.7%,-46.6%,3830,664.0,180204842.0,19,False,The Devil Wears Prada 2
May 20,Wednesday,3,1750816.0,-31.2%,-46.1%,3830,457.0,181955658.0,20,False,The Devil Wears Prada 2
May 21,Thursday,3,1570068.0,-10.3%,-48.1%,3830,409.0,183525726.0,21,False,The Devil Wears Prada 2
May 22,Friday,5,3156134.0,+101%,-41%,3300,956.0,186681860.0,22,False,The Devil Wears Prada 2
May 23,Saturday,4,4854276.0,+53.8%,-32.5%,3300,1470.0,191536136.0,23,False,The Devil Wears Prada 2
May 24,Sunday,4,4697512.0,-3.2%,-11.5%,3300,1423.0,196233648.0,24,False,The Devil Wears Prada 2
May 25Memorial Day,Monday,4,3546756.0,-24.5%,+82.2%,3300,1074.0,199780404.0,25,False,The Devil Wears Prada 2
May 26,Tuesday,4,1474238.0,-58.4%,-42.1%,3300,446.0,201254642.0,26,False,The Devil Wears Prada 2
May 27,Wednesday,4,1189082.0,-19.3%,-32.1%,3300,360.0,202443724.0,27,False,The Devil Wears Prada 2
May 28,Thursday,4,1007870.0,-15.2%,-35.8%,3300,305.0,203451594.0,28,False,The Devil Wears Prada 2
May 29,Friday,7,1689373.0,+67.6%,-46.5%,2650,637.0,205140967.0,29,False,The Devil Wears Prada 2
May 30,Saturday,6,2437548.0,+44.3%,-49.8%,2650,919.0,207578515.0,30,False,The Devil Wears Prada 2
May 31,Sunday,6,1745391.0,-28.4%,-62.8%,2650,658.0,209323906.0,31,False,The Devil Wears Prada 2
Jun 1,Monday,6,656588.0,-62.4%,-81.5%,2650,247.0,209980494.0,32,False,The Devil Wears Prada 2
Jun 2,Tuesday,6,965775.0,+47.1%,-34.5%,2650,364.0,210946269.0,33,False,The Devil Wears Prada 2
Jun 3,Wednesday,5,736218.0,-23.8%,-38.1%,2650,277.0,211682487.0,34,False,The Devil Wears Prada 2
Jun 4,Thursday,7,488447.0,-33.7%,-51.5%,2650,184.0,212170934.0,35,False,The Devil Wears Prada 2
Jun 5,Friday,10,751369.0,+53.8%,-55.5%,1800,417.0,212922303.0,36,False,The Devil Wears Prada 2
Jun 6,Saturday,10,1162199.0,+54.7%,-52.3%,1800,645.0,214084502.0,37,False,The Devil Wears Prada 2
Jun 7,Sunday,10,870835.0,-25.1%,-50.1%,1800,483.0,214955337.0,38,False,The Devil Wears Prada 2
Jun 8,Monday,10,357016.0,-59%,-45.6%,1800,198.0,215312353.0,39,False,The Devil Wears Prada 2
Jun 9,Tuesday,10,502748.0,+40.8%,-47.9%,1800,279.0,215815101.0,40,False,The Devil Wears Prada 2
Jun 10,Wednesday,10,407324.0,-19%,-44.7%,1800,226.0,216222425.0,41,False,The Devil Wears Prada 2
Jun 11,Thursday,9,295961.0,-27.3%,-39.4%,1800,164.0,216518386.0,42,False,The Devil Wears Prada 2
Jun 12,Friday,13,411843.0,+39.2%,-45.2%,1000,411.0,216930229.0,43,False,The Devil Wears Prada 2
Jun 13,Saturday,13,484343.0,+17.6%,-58.3%,1000,484.0,217414572.0,44,False,The Devil Wears Prada 2
Jun 14,Sunday,12,439915.0,-9.2%,-49.5%,1000,439.0,217854487.0,45,False,The Devil Wears Prada 2
Jun 15,Monday,12,180073.0,-59.1%,-49.6%,1000,180.0,218034560.0,46,False,The Devil Wears Prada 2
Jun 16,Tuesday,12,257773.0,+43.1%,-48.7%,1000,257.0,218292333.0,47,False,The Devil Wears Prada 2
Jun 17,Wednesday,10,234017.0,-9.2%,-42.5%,1000,234.0,218526350.0,48,False,The Devil Wears Prada 2
Jun 18,Thursday,11,157480.0,-32.7%,-46.8%,1000,157.0,218683830.0,49,False,The Devil Wears Prada 2
Jun 19,Friday,15,225492.0,+43.2%,-45.2%,425,530.0,218909322.0,50,False,The Devil Wears Prada 2
Jun 20,Saturday,15,231933.0,+2.9%,-52.1%,425,545.0,219141255.0,51,False,The Devil Wears Prada 2
Jun 21,Sunday,15,165968.0,-28.4%,-62.3%,425,390.0,219307223.0,52,False,The Devil Wears Prada 2
Jun 22,Monday,16,86309.0,-48%,-52.1%,425,203.0,219393532.0,53,False,The Devil Wears Prada 2
Jun 23,Tuesday,15,114465.0,+32.6%,-55.6%,425,269.0,219507997.0,54,False,The Devil Wears Prada 2
Jun 24,Wednesday,14,94891.0,-17.1%,-59.5%,425,223.0,219602888.0,55,False,The Devil Wears Prada 2
Jun 25,Thursday,14,65915.0,-30.5%,-58.1%,425,155.0,219668803.0,56,False,The Devil Wears Prada 2
Jun 26,Friday,19,89174.0,+35.3%,-60.5%,260,342.0,219757977.0,57,False,The Devil Wears Prada 2
Jun 27,Saturday,17,125073.0,+40.3%,-46.1%,260,481.0,219883050.0,58,False,The Devil Wears Prada 2
Jun 28,Sunday,18,98790.0,-21%,-40.5%,260,379.0,219981840.0,59,False,The Devil Wears Prada 2
Jun 29,Monday,19,38765.0,-60.8%,-55.1%,260,149.0,220020605.0,60,False,The Devil Wears Prada 2
Jun 30,Tuesday,19,49331.0,+27.3%,-56.9%,260,189.0,220069936.0,61,False,The Devil Wears Prada 2
Jul 1,Wednesday,21,25638.0,-48%,-73%,260,98.0,220095574.0,62,False,The Devil Wears Prada 2
Jul 2,Thursday,20,26748.0,+4.3%,-59.4%,260,102.0,220122322.0,63,False,The Devil Wears Prada 2
Jul 3,Friday,17,62278.0,+132.8%,-30.2%,115,541.0,220184600.0,64,False,The Devil Wears Prada 2
Jul 4Independence Day,Saturday,16,48039.0,-22.9%,-61.6%,115,417.0,220232639.0,65,False,The Devil Wears Prada 2
Jul 5,Sunday,18,40619.0,-15.4%,-58.9%,115,353.0,220273258.0,66,False,The Devil Wears Prada 2
Jul 6,Monday,16,19039.0,-53.1%,-50.9%,115,165.0,220292297.0,67,False,The Devil Wears Prada 2
Jul 7,Tuesday,17,25197.0,+32.3%,-48.9%,115,219.0,220317494.0,68,False,The Devil Wears Prada 2
Jul 8,Wednesday,18,21790.0,-13.5%,-15%,115,189.0,220339284.0,69,False,The Devil Wears Prada 2
Jul 9,Thursday,17,16650.0,-23.6%,-37.8%,115,144.0,220355934.0,70,False,The Devil Wears Prada 2
Jul 10,Friday,19,27300.0,+64%,-56.2%,80,341.0,220383234.0,71,False,The Devil Wears Prada 2
Jul 11,Saturday,18,34800.0,+27.5%,-27.6%,80,435.0,220418034.0,72,False,The Devil Wears Prada 2
Jul 12,Sunday,18,26283.0,-24.5%,-35.3%,80,328.0,220444317.0,73,False,The Devil Wears Prada 2
Jul 13,Monday,18,12973.0,-50.6%,-31.9%,80,162.0,220457290.0,74,False,The Devil Wears Prada 2
Jul 14,Tuesday,19,13404.0,+3.3%,-46.8%,80,167.0,220470694.0,75,False,The Devil Wears Prada 2
Jul 15,Wednesday,18,13056.0,-2.6%,-40.1%,80,163.0,220483750.0,76,False,The Devil Wears Prada 2
Jul 16,Thursday,18,10226.0,-21.7%,-38.6%,80,127.0,220493976.0,77,False,The Devil Wears Prada 2
Jul 17,Friday,18,13877.0,+35.7%,-49.2%,40,346.0,220507853.0,78,False,The Devil Wears Prada 2
Jul 18,Saturday,19,11803.0,-14.9%,-66.1%,40,295.0,220519656.0,79,False,The Devil Wears Prada 2
Jul 19,Sunday,18,10683.0,-9.5%,-59.4%,40,267.0,220530339.0,80,False,The Devil Wears Prada 2
Jul 20,Monday,19,8050.0,-24.6%,-37.9%,40,201.0,220538389.0,81,False,The Devil Wears Prada 2
Jul 21,Tuesday,20,5941.0,-26.2%,-55.7%,40,148.0,220544330.0,82,False,The Devil Wears Prada 2
Jul 22,Wednesday,21,7341.0,+23.6%,-43.8%,40,183.0,220551671.0,83,False,The Devil Wears Prada 2
Jul 23,Thursday,20,4980.0,-32.2%,-51.3%,40,124.0,220556651.0,84,False,The Devil Wears Prada 2
Mar 20,Friday,1,33118027.0,-,-,4007,8265.0,33118027.0,1,False,Project Hail Mary
Mar 21,Saturday,1,26970821.0,-18.6%,-,4007,6730.0,60088848.0,2,False,Project Hail Mary
Mar 22,Sunday,1,20417159.0,-24.3%,-,4007,5095.0,80506007.0,3,False,Project Hail Mary
Mar 23,Monday,1,6960701.0,-65.9%,-,4007,1737.0,87466708.0,4,False,Project Hail Mary
Mar 24,Tuesday,1,9412618.0,+35.2%,-,4007,2349.0,96879326.0,5,False,Project Hail Mary
Mar 25,Wednesday,1,6748726.0,-28.3%,-,4007,1684.0,103628052.0,6,False,Project Hail Mary
Mar 26,Thursday,1,6136592.0,-9.1%,-,4007,1531.0,109764644.0,7,False,Project Hail Mary
Mar 27,Friday,1,14673486.0,+139.1%,-55.7%,4077,3599.0,124438130.0,8,False,Project Hail Mary
Mar 28,Saturday,1,22826584.0,+55.6%,-15.4%,4077,5598.0,147264714.0,9,False,Project Hail Mary
Mar 29,Sunday,1,16561782.0,-27.4%,-18.9%,4077,4062.0,163826496.0,10,False,Project Hail Mary
Mar 30,Monday,1,5410725.0,-67.3%,-22.3%,4077,1327.0,169237221.0,11,False,Project Hail Mary
Mar 31,Tuesday,1,7975692.0,+47.4%,-15.3%,4077,1956.0,177212913.0,12,False,Project Hail Mary
Apr 1,Wednesday,2,4358635.0,-45.4%,-35.4%,4077,1069.0,181571548.0,13,False,Project Hail Mary
Apr 2,Thursday,2,4955462.0,+13.7%,-19.2%,4077,1215.0,186527010.0,14,False,Project Hail Mary
Apr 3,Friday,2,10314327.0,+108.1%,-29.7%,3907,2639.0,196841337.0,15,False,Project Hail Mary
Apr 4,Saturday,2,12303496.0,+19.3%,-46.1%,3907,3149.0,209144833.0,16,False,Project Hail Mary
Apr 5Easter Sunday,Sunday,2,9105320.0,-26%,-45%,3907,2330.0,218250153.0,17,False,Project Hail Mary
Apr 6,Monday,2,3729071.0,-59%,-31.1%,3907,954.0,221979224.0,18,False,Project Hail Mary
Apr 7,Tuesday,2,4027438.0,+8%,-49.5%,3907,1030.0,226006662.0,19,False,Project Hail Mary
Apr 8,Wednesday,2,3065094.0,-23.9%,-29.7%,3907,784.0,229071756.0,20,False,Project Hail Mary
Apr 9,Thursday,2,3006218.0,-1.9%,-39.3%,3907,769.0,232077974.0,21,False,Project Hail Mary
Apr 10,Friday,2,6834284.0,+127.3%,-33.7%,3817,1790.0,238912258.0,22,False,Project Hail Mary
Apr 11,Saturday,2,10443908.0,+52.8%,-15.1%,3817,2736.0,249356166.0,23,False,Project Hail Mary
Apr 12,Sunday,2,6862412.0,-34.3%,-24.6%,3817,1797.0,256218578.0,24,False,Project Hail Mary
Apr 13,Monday,2,1885427.0,-72.5%,-49.4%,3817,493.0,258104005.0,25,False,Project Hail Mary
Apr 14,Tuesday,2,2640747.0,+40.1%,-34.4%,3817,691.0,260744752.0,26,False,Project Hail Mary
Apr 15,Wednesday,2,1950729.0,-26.1%,-36.4%,3817,511.0,262695481.0,27,False,Project Hail Mary
Apr 16,Thursday,2,1941216.0,-0.5%,-35.4%,3817,508.0,264636697.0,28,False,Project Hail Mary
Apr 17,Friday,3,5225467.0,+169.2%,-23.5%,3820,1367.0,269862164.0,29,False,Project Hail Mary
Apr 18,Saturday,2,8964621.0,+71.6%,-14.2%,3820,2346.0,278826785.0,30,False,Project Hail Mary
Apr 19,Sunday,2,6323529.0,-29.5%,-7.9%,3820,1655.0,285150314.0,31,False,Project Hail Mary
Apr 20,Monday,2,1720216.0,-72.8%,-8.8%,3820,450.0,286870530.0,32,False,Project Hail Mary
Apr 21,Tuesday,2,2351618.0,+36.7%,-10.9%,3820,615.0,289222148.0,33,False,Project Hail Mary
Apr 22,Wednesday,2,1668907.0,-29%,-14.4%,3820,436.0,290891055.0,34,False,Project Hail Mary
Apr 23,Thursday,2,1332467.0,-20.2%,-31.4%,3820,348.0,292223522.0,35,False,Project Hail Mary
Apr 24,Friday,3,3269392.0,+145.4%,-37.4%,3510,931.0,295492914.0,36,False,Project Hail Mary
Apr 25,Saturday,3,5848681.0,+78.9%,-34.8%,3510,1666.0,301341595.0,37,False,Project Hail Mary
Apr 26,Sunday,3,3726063.0,-36.3%,-41.1%,3510,1061.0,305067658.0,38,False,Project Hail Mary
Apr 27,Monday,2,1076284.0,-71.1%,-37.4%,3510,306.0,306143942.0,39,False,Project Hail Mary
Apr 28,Tuesday,3,1483571.0,+37.8%,-36.9%,3510,422.0,307627513.0,40,False,Project Hail Mary
Apr 29,Wednesday,2,1145186.0,-22.8%,-31.4%,3510,326.0,308772699.0,41,False,Project Hail Mary
Apr 30,Thursday,3,1016085.0,-11.3%,-23.7%,3510,289.0,309788784.0,42,False,Project Hail Mary
May 1,Friday,5,2244465.0,+120.9%,-31.3%,3017,743.0,312033249.0,43,False,Project Hail Mary
May 2,Saturday,4,3837263.0,+71%,-34.4%,3017,1271.0,315870512.0,44,False,Project Hail Mary
May 3,Sunday,4,2431293.0,-36.6%,-34.7%,3017,805.0,318301805.0,45,False,Project Hail Mary
May 4,Monday,3,731945.0,-69.9%,-32%,3017,242.0,319033750.0,46,False,Project Hail Mary
May 5,Tuesday,3,1014267.0,+38.6%,-31.6%,3017,336.0,320048017.0,47,False,Project Hail Mary
May 6,Wednesday,3,899750.0,-11.3%,-21.4%,3017,298.0,320947767.0,48,False,Project Hail Mary
May 7,Thursday,3,759206.0,-15.6%,-25.3%,3017,251.0,321706973.0,49,False,Project Hail Mary
May 8,Friday,6,1561640.0,+105.7%,-30.4%,2417,646.0,323268613.0,50,False,Project Hail Mary
May 9,Saturday,6,2680708.0,+71.7%,-30.1%,2417,1109.0,325949321.0,51,False,Project Hail Mary
May 10,Sunday,5,2352961.0,-12.2%,-3.2%,2417,973.0,328302282.0,52,False,Project Hail Mary
May 11,Monday,5,657403.0,-72.1%,-10.2%,2417,271.0,328959685.0,53,False,Project Hail Mary
May 12,Tuesday,5,805092.0,+22.5%,-20.6%,2417,333.0,329764777.0,54,False,Project Hail Mary
May 13,Wednesday,6,651374.0,-19.1%,-27.6%,2417,269.0,330416151.0,55,False,Project Hail Mary
May 14,Thursday,5,539664.0,-17.1%,-28.9%,2417,223.0,330955815.0,56,False,Project Hail Mary
May 15,Friday,7,1097683.0,+103.4%,-29.7%,2177,504.0,332053498.0,57,False,Project Hail Mary
May 16,Saturday,7,1716112.0,+56.3%,-36%,2177,788.0,333769610.0,58,False,Project Hail Mary
May 17,Sunday,7,1232697.0,-28.2%,-47.6%,2177,566.0,335002307.0,59,False,Project Hail Mary
May 18,Monday,8,514549.0,-58.3%,-21.7%,2177,236.0,335516856.0,60,False,Project Hail Mary
May 19,Tuesday,6,564825.0,+9.8%,-29.8%,2177,259.0,336081681.0,61,False,Project Hail Mary
May 20,Wednesday,6,463762.0,-17.9%,-28.8%,2177,213.0,336545443.0,62,False,Project Hail Mary
May 21,Thursday,7,347247.0,-25.1%,-35.7%,2177,159.0,336892690.0,63,False,Project Hail Mary
May 22,Friday,10,617164.0,+77.7%,-43.8%,1321,467.0,337509854.0,64,False,Project Hail Mary
May 23,Saturday,10,1076279.0,+74.4%,-37.3%,1321,814.0,338586133.0,65,False,Project Hail Mary
May 24,Sunday,10,1004720.0,-6.6%,-18.5%,1321,760.0,339590853.0,66,False,Project Hail Mary
May 25Memorial Day,Monday,10,880590.0,-12.4%,+71.1%,1321,666.0,340471443.0,67,False,Project Hail Mary
May 26,Tuesday,10,344571.0,-60.9%,-39%,1321,260.0,340816014.0,68,False,Project Hail Mary
May 27,Wednesday,10,305895.0,-11.2%,-34%,1321,231.0,341121909.0,69,False,Project Hail Mary
May 28,Thursday,10,185378.0,-39.4%,-46.6%,1321,140.0,341307287.0,70,False,Project Hail Mary
May 29,Friday,14,279533.0,+50.8%,-54.7%,777,359.0,341586820.0,71,False,Project Hail Mary
May 30,Saturday,14,441579.0,+58%,-59%,777,568.0,342028399.0,72,False,Project Hail Mary
May 31,Sunday,15,316034.0,-28.4%,-68.5%,777,406.0,342344433.0,73,False,Project Hail Mary
Jun 1,Monday,15,139436.0,-55.9%,-84.2%,777,179.0,342483869.0,74,False,Project Hail Mary
Jun 2,Tuesday,14,192237.0,+37.9%,-44.2%,777,247.0,342676106.0,75,False,Project Hail Mary
Jun 3,Wednesday,13,163280.0,-15.1%,-46.6%,777,210.0,342839386.0,76,False,Project Hail Mary
Jun 4,Thursday,15,80492.0,-50.7%,-56.6%,777,103.0,342919878.0,77,False,Project Hail Mary
Jun 5,Friday,19,109853.0,+36.5%,-60.7%,291,377.0,343029731.0,78,False,Project Hail Mary
Jun 6,Saturday,18,180849.0,+64.6%,-59%,291,621.0,343210580.0,79,False,Project Hail Mary
Jun 7,Sunday,18,133439.0,-26.2%,-57.8%,291,458.0,343344019.0,80,False,Project Hail Mary
Jun 8,Monday,17,59867.0,-55.1%,-57.1%,291,205.0,343403886.0,81,False,Project Hail Mary
Jun 9,Tuesday,17,76257.0,+27.4%,-60.3%,291,262.0,343480143.0,82,False,Project Hail Mary
Jun 10,Wednesday,17,63351.0,-16.9%,-61.2%,291,217.0,343543494.0,83,False,Project Hail Mary
Jun 11,Thursday,16,47679.0,-24.7%,-40.8%,291,163.0,343591173.0,84,False,Project Hail Mary
Jun 12,Friday,20,55237.0,+15.9%,-49.7%,207,266.0,343646410.0,85,False,Project Hail Mary
Jun 13,Saturday,19,72919.0,+32%,-59.7%,207,352.0,343719329.0,86,False,Project Hail Mary
Jun 14,Sunday,18,62561.0,-14.2%,-53.1%,207,302.0,343781890.0,87,False,Project Hail Mary
Jun 15,Monday,19,29093.0,-53.5%,-51.4%,207,140.0,343810983.0,88,False,Project Hail Mary
Jun 16,Tuesday,18,40287.0,+38.5%,-47.2%,207,194.0,343851270.0,89,False,Project Hail Mary
Jun 17,Wednesday,18,38952.0,-3.3%,-38.5%,207,188.0,343890222.0,90,False,Project Hail Mary
Jun 18,Thursday,16,32787.0,-15.8%,-31.2%,207,158.0,343923009.0,91,False,Project Hail Mary
Jun 19,Friday,21,21569.0,-34.2%,-61%,75,287.0,343944578.0,92,False,Project Hail Mary
Jun 20,Saturday,21,28235.0,+30.9%,-61.3%,75,376.0,343972813.0,93,False,Project Hail Mary
Jun 21,Sunday,20,30522.0,+8.1%,-51.2%,75,406.0,344003335.0,94,False,Project Hail Mary
Jun 22,Monday,20,14263.0,-53.3%,-51%,75,190.0,344017598.0,95,False,Project Hail Mary
Jun 23,Tuesday,21,14947.0,+4.8%,-62.9%,75,199.0,344032545.0,96,False,Project Hail Mary
Jun 24,Wednesday,21,11658.0,-22%,-70.1%,75,155.0,344044203.0,97,False,Project Hail Mary
Jun 25,Thursday,22,5804.0,-50.2%,-82.3%,75,77.0,344050007.0,98,False,Project Hail Mary
Apr 1,Wednesday,1,34502265.0,-,-,3821,9029.0,34502265.0,1,False,Super Mario Galaxy Movie
Apr 2,Thursday,1,24611190.0,-28.7%,-,3821,6441.0,59113455.0,2,False,Super Mario Galaxy Movie
Apr 3,Friday,1,48401505.0,+96.7%,-,4252,11383.0,107514960.0,3,False,Super Mario Galaxy Movie
Apr 4,Saturday,1,51002875.0,+5.4%,-,4252,11995.0,158517835.0,4,False,Super Mario Galaxy Movie
Apr 5Easter Sunday,Sunday,1,32298960.0,-36.7%,-,4252,7596.0,190816795.0,5,False,Super Mario Galaxy Movie
Apr 6,Monday,1,16832580.0,-47.9%,-,4252,3958.0,207649375.0,6,False,Super Mario Galaxy Movie
Apr 7,Tuesday,1,14791095.0,-12.1%,-,4252,3478.0,222440470.0,7,False,Super Mario Galaxy Movie
Apr 8,Wednesday,1,8740795.0,-40.9%,-74.7%,4252,2055.0,231181265.0,8,False,Super Mario Galaxy Movie
Apr 9,Thursday,1,7935870.0,-9.2%,-67.8%,4252,1866.0,239117135.0,9,False,Super Mario Galaxy Movie
Apr 10,Friday,1,17237515.0,+117.2%,-64.4%,4284,4023.0,256354650.0,10,False,Super Mario Galaxy Movie
Apr 11,Saturday,1,30211725.0,+75.3%,-40.8%,4284,7052.0,286566375.0,11,False,Super Mario Galaxy Movie
Apr 12,Sunday,1,20634405.0,-31.7%,-36.1%,4284,4816.0,307200780.0,12,False,Super Mario Galaxy Movie
Apr 13,Monday,1,2911805.0,-85.9%,-82.7%,4284,679.0,310112585.0,13,False,Super Mario Galaxy Movie
Apr 14,Tuesday,1,4792830.0,+64.6%,-67.6%,4284,1118.0,314905415.0,14,False,Super Mario Galaxy Movie
Apr 15,Wednesday,1,2739590.0,-42.8%,-68.7%,4284,639.0,317645005.0,15,False,Super Mario Galaxy Movie
Apr 16,Thursday,1,2602055.0,-5%,-67.2%,4284,607.0,320247060.0,16,False,Super Mario Galaxy Movie
Apr 17,Friday,1,7580290.0,+191.3%,-56%,4284,1769.0,327827350.0,17,False,Super Mario Galaxy Movie
Apr 18,Saturday,1,16593480.0,+118.9%,-45.1%,4284,3873.0,344420830.0,18,False,Super Mario Galaxy Movie
Apr 19,Sunday,1,12323480.0,-25.7%,-40.3%,4284,2876.0,356744310.0,19,False,Super Mario Galaxy Movie
Apr 20,Monday,1,2016905.0,-83.6%,-30.7%,4284,470.0,358761215.0,20,False,Super Mario Galaxy Movie
Apr 21,Tuesday,1,3064140.0,+51.9%,-36.1%,4284,715.0,361825355.0,21,False,Super Mario Galaxy Movie
Apr 22,Wednesday,1,1875160.0,-38.8%,-31.6%,4284,437.0,363700515.0,22,False,Super Mario Galaxy Movie
Apr 23,Thursday,1,1592635.0,-15.1%,-38.8%,4284,371.0,365293150.0,23,False,Super Mario Galaxy Movie
Apr 24,Friday,2,4590080.0,+188.2%,-39.4%,3732,1229.0,369883230.0,24,False,Super Mario Galaxy Movie
Apr 25,Saturday,2,9603745.0,+109.2%,-42.1%,3732,2573.0,379486975.0,25,False,Super Mario Galaxy Movie
Apr 26,Sunday,2,6389755.0,-33.5%,-48.1%,3732,1712.0,385876730.0,26,False,Super Mario Galaxy Movie
Apr 27,Monday,3,1067455.0,-83.3%,-47.1%,3732,286.0,386944185.0,27,False,Super Mario Galaxy Movie
Apr 28,Tuesday,2,1573085.0,+47.4%,-48.7%,3732,421.0,388517270.0,28,False,Super Mario Galaxy Movie
Apr 29,Wednesday,3,1031955.0,-34.4%,-45%,3732,276.0,389549225.0,29,False,Super Mario Galaxy Movie
Apr 30,Thursday,2,1027710.0,-0.4%,-35.5%,3732,275.0,390576935.0,30,False,Super Mario Galaxy Movie
May 1,Friday,3,2767565.0,+169.3%,-39.7%,3419,809.0,393344500.0,31,False,Super Mario Galaxy Movie
May 2,Saturday,3,5687360.0,+105.5%,-40.8%,3419,1663.0,399031860.0,32,False,Super Mario Galaxy Movie
May 3,Sunday,3,3649085.0,-35.8%,-42.9%,3419,1067.0,402680945.0,33,False,Super Mario Galaxy Movie
May 4,Monday,5,607860.0,-83.3%,-43.1%,3419,177.0,403288805.0,34,False,Super Mario Galaxy Movie
May 5,Tuesday,4,956370.0,+57.3%,-39.2%,3419,279.0,404245175.0,35,False,Super Mario Galaxy Movie
May 6,Wednesday,4,709660.0,-25.8%,-31.2%,3419,207.0,404954835.0,36,False,Super Mario Galaxy Movie
May 7,Thursday,5,560730.0,-21%,-45.4%,3419,164.0,405515565.0,37,False,Super Mario Galaxy Movie
May 8,Friday,7,1553750.0,+177.1%,-43.9%,3075,505.0,407069315.0,38,False,Super Mario Galaxy Movie
May 9,Saturday,5,3037855.0,+95.5%,-46.6%,3075,987.0,410107170.0,39,False,Super Mario Galaxy Movie
May 10,Sunday,6,2049265.0,-32.5%,-43.8%,3075,666.0,412156435.0,40,False,Super Mario Galaxy Movie
May 11,Monday,6,447790.0,-78.1%,-26.3%,3075,145.0,412604225.0,41,False,Super Mario Galaxy Movie
May 12,Tuesday,6,667285.0,+49%,-30.2%,3075,217.0,413271510.0,42,False,Super Mario Galaxy Movie
May 13,Wednesday,7,472655.0,-29.2%,-33.4%,3075,153.0,413744165.0,43,False,Super Mario Galaxy Movie
May 14,Thursday,7,424850.0,-10.1%,-24.2%,3075,138.0,414169015.0,44,False,Super Mario Galaxy Movie
May 15,Friday,8,1058250.0,+149.1%,-31.9%,2793,378.0,415227265.0,45,False,Super Mario Galaxy Movie
May 16,Saturday,6,1990185.0,+88.1%,-34.5%,2793,712.0,417217450.0,46,False,Super Mario Galaxy Movie
May 17,Sunday,6,1448165.0,-27.2%,-29.3%,2793,518.0,418665615.0,47,False,Super Mario Galaxy Movie
May 18,Monday,7,546585.0,-62.3%,+22.1%,2793,195.0,419212200.0,48,False,Super Mario Galaxy Movie
May 19,Tuesday,7,504970.0,-7.6%,-24.3%,2793,180.0,419717170.0,49,False,Super Mario Galaxy Movie
May 20,Wednesday,7,397735.0,-21.2%,-15.9%,2793,142.0,420114905.0,50,False,Super Mario Galaxy Movie
May 21,Thursday,6,352925.0,-11.3%,-16.9%,2793,126.0,420467830.0,51,False,Super Mario Galaxy Movie
May 22,Friday,9,709270.0,+101%,-33%,2005,353.0,421177100.0,52,False,Super Mario Galaxy Movie
May 23,Saturday,8,1354015.0,+90.9%,-32%,2005,675.0,422531115.0,53,False,Super Mario Galaxy Movie
May 24,Sunday,8,1160515.0,-14.3%,-19.9%,2005,578.0,423691630.0,54,False,Super Mario Galaxy Movie
May 25Memorial Day,Monday,8,1036050.0,-10.7%,+89.5%,2005,516.0,424727680.0,55,False,Super Mario Galaxy Movie
May 26,Tuesday,9,418705.0,-59.6%,-17.1%,2005,208.0,425146385.0,56,False,Super Mario Galaxy Movie
May 27,Wednesday,9,354440.0,-15.3%,-10.9%,2005,176.0,425500825.0,57,False,Super Mario Galaxy Movie
May 28,Thursday,9,245360.0,-30.8%,-30.5%,2005,122.0,425746185.0,58,False,Super Mario Galaxy Movie
May 29,Friday,13,375440.0,+53%,-47.1%,1333,281.0,426121625.0,59,False,Super Mario Galaxy Movie
May 30,Saturday,11,575835.0,+53.4%,-57.5%,1333,431.0,426697460.0,60,False,Super Mario Galaxy Movie
May 31,Sunday,11,443070.0,-23.1%,-61.8%,1333,332.0,427140530.0,61,False,Super Mario Galaxy Movie
Jun 1,Monday,13,183395.0,-58.6%,-82.3%,1333,137.0,427323925.0,62,False,Super Mario Galaxy Movie
Jun 2,Tuesday,12,267985.0,+46.1%,-36%,1333,201.0,427591910.0,63,False,Super Mario Galaxy Movie
Jun 3,Wednesday,12,199790.0,-25.4%,-43.6%,1333,149.0,427791700.0,64,False,Super Mario Galaxy Movie
Jun 4,Thursday,11,136230.0,-31.8%,-44.5%,1333,102.0,427927930.0,65,False,Super Mario Galaxy Movie
Jun 5,Friday,15,165805.0,+21.7%,-55.8%,642,258.0,428093735.0,66,False,Super Mario Galaxy Movie
Jun 6,Saturday,14,261205.0,+57.5%,-54.6%,642,406.0,428354940.0,67,False,Super Mario Galaxy Movie
Jun 7,Sunday,14,175685.0,-32.7%,-60.3%,642,273.0,428530625.0,68,False,Super Mario Galaxy Movie
Jun 8,Monday,13,87360.0,-50.3%,-52.4%,642,136.0,428617985.0,69,False,Super Mario Galaxy Movie
Jun 9,Tuesday,14,126005.0,+44.2%,-53%,642,196.0,428743990.0,70,False,Super Mario Galaxy Movie
Jun 10,Wednesday,13,99935.0,-20.7%,-50%,642,155.0,428843925.0,71,False,Super Mario Galaxy Movie
Jun 11,Thursday,11,89715.0,-10.2%,-34.1%,642,139.0,428933640.0,72,False,Super Mario Galaxy Movie
Jun 12,Friday,15,124450.0,+38.7%,-24.9%,469,265.0,429058090.0,73,False,Super Mario Galaxy Movie
Jun 13,Saturday,15,111520.0,-10.4%,-57.3%,469,237.0,429169610.0,74,False,Super Mario Galaxy Movie
Jun 14,Sunday,14,123235.0,+10.5%,-29.9%,469,262.0,429292845.0,75,False,Super Mario Galaxy Movie
Jun 15,Monday,14,47905.0,-61.1%,-45.2%,469,102.0,429340750.0,76,False,Super Mario Galaxy Movie
Jun 16,Tuesday,14,80735.0,+68.5%,-35.9%,469,172.0,429421485.0,77,False,Super Mario Galaxy Movie
Jun 17,Wednesday,14,75255.0,-6.8%,-24.7%,469,160.0,429496740.0,78,False,Super Mario Galaxy Movie
Jun 18,Thursday,14,50560.0,-32.8%,-43.6%,469,107.0,429547300.0,79,False,Super Mario Galaxy Movie
Jun 19,Friday,20,27130.0,-46.3%,-78.2%,234,115.0,429574430.0,80,False,Super Mario Galaxy Movie
Jun 20,Saturday,19,40220.0,+48.2%,-63.9%,234,171.0,429614650.0,81,False,Super Mario Galaxy Movie
Jun 21,Sunday,21,28080.0,-30.2%,-77.2%,234,120.0,429642730.0,82,False,Super Mario Galaxy Movie
Jun 22,Monday,22,12835.0,-54.3%,-73.2%,234,54.0,429655565.0,83,False,Super Mario Galaxy Movie
Jun 23,Tuesday,19,18030.0,+40.5%,-77.7%,234,77.0,429673595.0,84,False,Super Mario Galaxy Movie
Jun 24,Wednesday,19,15995.0,-11.3%,-78.7%,234,68.0,429689590.0,85,False,Super Mario Galaxy Movie
Jun 25,Thursday,19,13930.0,-12.9%,-72.4%,234,59.0,429703520.0,86,False,Super Mario Galaxy Movie
Jun 26,Friday,27,16055.0,+15.3%,-40.8%,110,145.0,429719575.0,87,False,Super Mario Galaxy Movie
Jun 27,Saturday,26,15280.0,-4.8%,-62%,110,138.0,429734855.0,88,False,Super Mario Galaxy Movie
Jun 28,Sunday,27,10080.0,-34%,-64.1%,110,91.0,429744935.0,89,False,Super Mario Galaxy Movie
Jun 29,Monday,26,7305.0,-27.5%,-43.1%,110,66.0,429752240.0,90,False,Super Mario Galaxy Movie
Jun 30,Tuesday,25,12775.0,+74.9%,-29.1%,110,116.0,429765015.0,91,False,Super Mario Galaxy Movie
Jul 1,Wednesday,20,27575.0,+115.9%,+72.4%,110,250.0,429792590.0,92,False,Super Mario Galaxy Movie
Jul 2,Thursday,22,22020.0,-20.1%,+58.1%,110,200.0,429814610.0,93,False,Super Mario Galaxy Movie
