update_date,target_month,months_ahead,CPI Inflation,Core CPI Inflation,PCE Inflation,Core PCE Inflation
2013-08-20,2013-07,-1,,,0.1332665448,0.1252425572
2013-08-20,2013-08,0,0.1622798409,0.1404224952,0.1181246353,0.1024840705
2013-08-21,2013-07,-1,,,0.1332665448,0.1252425572
2013-08-21,2013-08,0,0.1353778859,0.1404224952,0.1040674488,0.1024840705
2013-08-22,2013-07,-1,,,0.1332665448,0.1252425572
2013-08-22,2013-08,0,0.1353778859,0.1404224952,0.1040674488,0.1024840705
2013-08-23,2013-07,-1,,,0.1332665448,0.1252425572
2013-08-23,2013-08,0,0.1353778859,0.1404224952,0.1040674488,0.1024840705
2013-08-26,2013-07,-1,,,0.1332665448,0.1252425572
2013-08-26,2013-08,0,0.1353778859,0.1404224952,0.1040674488,0.1024840705
2013-08-27,2013-07,-1,,,0.1332665448,0.1252425572
2013-08-27,2013-08,0,0.1248922461,0.1404224952,0.0979955205,0.1024840705
2013-08-28,2013-07,-1,,,0.1332665448,0.1252425572
2013-08-28,2013-08,0,0.1248922461,0.1404224952,0.0979955205,0.1024840705
2013-08-29,2013-07,-1,,,0.1332665448,0.1252425572
2013-08-29,2013-08,0,0.1248922461,0.1404224952,0.0979955205,0.1024840705
2013-08-30,2013-08,0,0.1248922461,0.1404224952,0.0949263408,0.099364721
2013-09-03,2013-08,-1,0.1248922461,0.1404224952,0.0949263408,0.099364721
2013-09-03,2013-09,0,0.3936874753,0.147090261,0.250694406,0.1035892678
2013-09-04,2013-08,-1,0.1248922461,0.1404224952,0.0949263408,0.099364721
2013-09-04,2013-09,0,0.3128509454,0.147090261,0.2039744124,0.1035892678
2013-09-05,2013-08,-1,0.1248922461,0.1404224952,0.0949263408,0.099364721
2013-09-05,2013-09,0,0.3128509454,0.147090261,0.2039744124,0.1035892678
2013-09-06,2013-08,-1,0.1248922461,0.1404224952,0.0949263408,0.099364721
2013-09-06,2013-09,0,0.3128509454,0.147090261,0.2039744124,0.1035892678
2013-09-09,2013-08,-1,0.1248922461,0.1404224952,0.0949263408,0.099364721
2013-09-09,2013-09,0,0.3128509454,0.147090261,0.2039744124,0.1035892678
2013-09-10,2013-08,-1,0.1248922461,0.1404224952,0.0949263408,0.099364721
2013-09-10,2013-09,0,0.2983250987,0.147090261,0.1955791057,0.1035892678
2013-09-11,2013-08,-1,0.1248922461,0.1404224952,0.0949263408,0.099364721
2013-09-11,2013-09,0,0.2983250987,0.147090261,0.1955791057,0.1035892678
2013-09-12,2013-08,-1,0.1248922461,0.1404224952,0.0949263408,0.099364721
2013-09-12,2013-09,0,0.2983250987,0.147090261,0.1955791057,0.1035892678
2013-09-13,2013-08,-1,0.1248922461,0.1404224952,0.0949263408,0.099364721
2013-09-13,2013-09,0,0.2983250987,0.147090261,0.1955791057,0.1035892678
2013-09-16,2013-08,-1,0.1248922461,0.1404224952,0.0949263408,0.099364721
2013-09-16,2013-09,0,0.2983250987,0.147090261,0.1955791057,0.1035892678
2013-09-17,2013-08,-1,,,0.0874538778,0.0992484737
2013-09-17,2013-09,0,0.2726734763,0.1460007406,0.1819654776,0.1035795805
2013-09-18,2013-08,-1,,,0.0874538778,0.0992484737
2013-09-18,2013-09,0,0.2726734763,0.1460007406,0.1819654776,0.1035795805
2013-09-19,2013-08,-1,,,0.0874538778,0.0992484737
2013-09-19,2013-09,0,0.2726734763,0.1460007406,0.1819654776,0.1035795805
2013-09-20,2013-08,-1,,,0.0874538778,0.0992484737
2013-09-20,2013-09,0,0.2726734763,0.1460007406,0.1819654776,0.1035795805
2013-09-23,2013-08,-1,,,0.0874538778,0.0992484737
2013-09-23,2013-09,0,0.2726734763,0.1460007406,0.1819654776,0.1035795805
2013-09-24,2013-08,-1,,,0.0874538778,0.0992484737
2013-09-24,2013-09,0,0.2416745955,0.1460007406,0.1641979259,0.1035795805
2013-09-25,2013-08,-1,,,0.0874538778,0.0992484737
2013-09-25,2013-09,0,0.2416745955,0.1460007406,0.1641979259,0.1035795805
2013-09-26,2013-08,-1,,,0.0874538778,0.0992484737
2013-09-26,2013-09,0,0.2416745955,0.1460007406,0.1641979259,0.1035795805
2013-09-27,2013-09,0,0.2416745955,0.1460007406,0.1640568392,0.1022239247
2013-09-30,2013-09,0,0.2416745955,0.1460007406,0.1640568392,0.1022239247
2013-10-01,2013-09,-1,0.2031578759,0.1460007406,0.141950102,0.1022239247
2013-10-01,2013-10,0,0.1605095678,0.1453183345,0.1200257661,0.1039861291
2013-10-02,2013-09,-1,0.2031578759,0.1460007406,0.141950102,0.1022239247
2013-10-02,2013-10,0,0.1181388586,0.1453183345,0.095707025,0.1039861291
2013-10-03,2013-09,-1,0.2031578759,0.1460007406,0.141950102,0.1022239247
2013-10-03,2013-10,0,0.1533869055,0.1453183345,0.1159377019,0.1039861291
2013-10-04,2013-09,-1,0.2031578759,0.1460007406,0.141950102,0.1022239247
2013-10-04,2013-10,0,0.1633099308,0.1453183345,0.1216330392,0.1039861291
2013-10-07,2013-09,-1,0.2031578759,0.1460007406,0.141950102,0.1022239247
2013-10-07,2013-10,0,0.1737504144,0.1453183345,0.1276253727,0.1039861291
2013-10-08,2013-09,-1,0.2031578759,0.1460007406,0.141950102,0.1022239247
2013-10-08,2013-10,0,-0.0011812538,0.1453183345,0.0272230422,0.1039861291
2013-10-09,2013-09,-1,0.2031578759,0.1460007406,0.141950102,0.1022239247
2013-10-09,2013-10,0,-0.0011812538,0.1453183345,0.0272230422,0.1039861291
2013-10-10,2013-09,-1,0.2031578759,0.1460007406,0.141950102,0.1022239247
2013-10-10,2013-10,0,-0.0011812538,0.1453183345,0.0272230422,0.1039861291
2013-10-11,2013-09,-1,0.2031578759,0.1460007406,0.141950102,0.1022239247
2013-10-11,2013-10,0,-0.0011812538,0.1453183345,0.0272230422,0.1039861291
2013-10-15,2013-09,-1,0.2031578759,0.1460007406,0.141950102,0.1022239247
2013-10-15,2013-10,0,-0.0011812538,0.1453183345,0.0272230422,0.1039861291
2013-10-16,2013-09,-1,0.2031578759,0.1460007406,0.141950102,0.1022239247
2013-10-16,2013-10,0,-0.0011812538,0.1453183345,0.0272230422,0.1039861291
2013-10-17,2013-09,-1,0.2031578759,0.1460007406,0.141950102,0.1022239247
2013-10-17,2013-10,0,-0.0011812538,0.1453183345,0.0272230422,0.1039861291
2013-10-18,2013-09,-1,0.2031578759,0.1460007406,0.141950102,0.1022239247
2013-10-18,2013-10,0,-0.009326704,0.1453183345,0.0225479471,0.1039861291
2013-10-21,2013-09,-1,0.2031578759,0.1460007406,0.141950102,0.1022239247
2013-10-21,2013-10,0,-0.009326704,0.1453183345,0.0225479471,0.1039861291
2013-10-22,2013-09,-1,0.2031578759,0.1460007406,0.141950102,0.1022239247
2013-10-22,2013-10,0,-0.0095735358,0.1453183345,0.0224062776,0.1039861291
2013-10-23,2013-09,-1,0.2031578759,0.1460007406,0.141950102,0.1022239247
2013-10-23,2013-10,0,-0.0095735358,0.1453183345,0.0224062776,0.1039861291
2013-10-24,2013-09,-1,0.2031578759,0.1460007406,0.141950102,0.1022239247
2013-10-24,2013-10,0,-0.0095735358,0.1453183345,0.0224062776,0.1039861291
2013-10-25,2013-09,-1,0.2031578759,0.1460007406,0.141950102,0.1022239247
2013-10-25,2013-10,0,-0.0095735358,0.1453183345,0.0224062776,0.1039861291
2013-10-28,2013-09,-1,0.2031578759,0.1460007406,0.141950102,0.1022239247
2013-10-28,2013-10,0,-0.0095735358,0.1453183345,0.0224062776,0.1039861291
2013-10-29,2013-09,-1,0.2031578759,0.1460007406,0.141950102,0.1022239247
2013-10-29,2013-10,0,-0.0330225593,0.1453183345,0.0089476704,0.1039861291
2013-10-30,2013-09,-1,,,0.142216525,0.0942112511
2013-10-30,2013-10,0,-0.0355596994,0.1433592299,0.0073776497,0.1033184063
2013-10-31,2013-09,-1,,,0.142216525,0.0942112511
2013-10-31,2013-10,0,-0.0355596994,0.1433592299,0.0073776497,0.1033184063
2013-11-01,2013-09,-2,,,0.142216525,0.0942112511
2013-11-01,2013-10,-1,-0.0355596994,0.1433592299,0.0073776497,0.1033184063
2013-11-01,2013-11,0,0.2265089028,0.1408502234,0.1538096098,0.0966789954
2013-11-04,2013-09,-2,,,0.142216525,0.0942112511
2013-11-04,2013-10,-1,-0.0355596994,0.1433592299,0.0073776497,0.1033184063
2013-11-04,2013-11,0,0.1225895504,0.1408502234,0.0939458274,0.0966789954
2013-11-05,2013-09,-2,,,0.142216525,0.0942112511
2013-11-05,2013-10,-1,-0.0355596994,0.1433592299,0.0073776497,0.1033184063
2013-11-05,2013-11,0,0.067695188,0.1408502234,0.0623233809,0.0966789954
2013-11-06,2013-09,-2,,,0.142216525,0.0942112511
2013-11-06,2013-10,-1,-0.0355596994,0.1433592299,0.0073776497,0.1033184063
2013-11-06,2013-11,0,0.067695188,0.1408502234,0.0623233809,0.0966789954
2013-11-07,2013-09,-2,,,0.142216525,0.0942112511
2013-11-07,2013-10,-1,-0.0355596994,0.1433592299,0.0073776497,0.1033184063
2013-11-07,2013-11,0,0.067695188,0.1408502234,0.0623233809,0.0966789954
2013-11-08,2013-10,-1,-0.0355596994,0.1433592299,0.0022527433,0.0988424539
2013-11-08,2013-11,0,0.067695188,0.1408502234,0.056561888,0.091830047
2013-11-12,2013-10,-1,-0.0355596994,0.1433592299,0.0022527433,0.0988424539
2013-11-12,2013-11,0,0.067695188,0.1408502234,0.056561888,0.091830047
2013-11-13,2013-10,-1,-0.0355596994,0.1433592299,0.0022527433,0.0988424539
2013-11-13,2013-11,0,0.0140597203,0.1408502234,0.025742743,0.091830047
2013-11-14,2013-10,-1,-0.0355596994,0.1433592299,0.0022527433,0.0988424539
2013-11-14,2013-11,0,0.0140597203,0.1408502234,0.025742743,0.091830047
2013-11-15,2013-10,-1,-0.0355596994,0.1433592299,0.0022527433,0.0988424539
2013-11-15,2013-11,0,0.0140597203,0.1408502234,0.025742743,0.091830047
2013-11-18,2013-10,-1,-0.0355596994,0.1433592299,0.0022527433,0.0988424539
2013-11-18,2013-11,0,0.0140597203,0.1408502234,0.025742743,0.091830047
2013-11-19,2013-10,-1,-0.0355596994,0.1433592299,0.0022527433,0.0988424539
2013-11-19,2013-11,0,0.008618441,0.1408502234,0.0226161631,0.091830047
2013-11-20,2013-10,-1,,,-0.008646103,0.0901733089
2013-11-20,2013-11,0,0.0087751396,0.1391342796,0.0232522339,0.0911076183
2013-11-21,2013-10,-1,,,-0.008646103,0.0901733089
2013-11-21,2013-11,0,0.0087751396,0.1391342796,0.0232522339,0.0911076183
2013-11-22,2013-10,-1,,,-0.008646103,0.0901733089
2013-11-22,2013-11,0,0.0087751396,0.1391342796,0.0232522339,0.0911076183
2013-11-25,2013-10,-1,,,-0.008646103,0.0901733089
2013-11-25,2013-11,0,0.0087751396,0.1391342796,0.0232522339,0.0911076183
2013-11-26,2013-10,-1,,,-0.008646103,0.0901733089
2013-11-26,2013-11,0,0.03474188,0.1391342796,0.0381604451,0.0911076183
2013-11-27,2013-10,-1,,,-0.008646103,0.0901733089
2013-11-27,2013-11,0,0.03474188,0.1391342796,0.0381604451,0.0911076183
2013-11-30,2013-10,-1,,,-0.008646103,0.0901733089
2013-11-30,2013-11,0,0.03474188,0.1391342796,0.0381604451,0.0911076183
2013-12-03,2013-10,-2,,,-0.008646103,0.0901733089
2013-12-03,2013-11,-1,0.03474188,0.1391342796,0.0381604451,0.0911076183
2013-12-03,2013-12,0,0.4384211884,0.141096393,0.2696473205,0.0922783815
2013-12-04,2013-10,-2,,,-0.008646103,0.0901733089
2013-12-04,2013-11,-1,0.03474188,0.1391342796,0.0381604451,0.0911076183
2013-12-04,2013-12,0,0.2678089848,0.141096393,0.1716942188,0.0922783815
2013-12-05,2013-10,-2,,,-0.008646103,0.0901733089
2013-12-05,2013-11,-1,0.03474188,0.1391342796,0.0381604451,0.0911076183
2013-12-05,2013-12,0,0.2678089848,0.141096393,0.1716942188,0.0922783815
2013-12-06,2013-11,-1,0.03474188,0.1391342796,0.0382831668,0.0916764102
2013-12-06,2013-12,0,0.2678089848,0.141096393,0.171900073,0.0928945728
2013-12-09,2013-11,-1,0.03474188,0.1391342796,0.0382831668,0.0916764102
2013-12-09,2013-12,0,0.2678089848,0.141096393,0.171900073,0.0928945728
2013-12-10,2013-11,-1,0.03474188,0.1391342796,0.0382831668,0.0916764102
2013-12-10,2013-12,0,0.2654151755,0.141096393,0.1705250917,0.0928945728
2013-12-11,2013-11,-1,0.03474188,0.1391342796,0.0382831668,0.0916764102
2013-12-11,2013-12,0,0.2654151755,0.141096393,0.1705250917,0.0928945728
2013-12-12,2013-11,-1,0.03474188,0.1391342796,0.0382831668,0.0916764102
2013-12-12,2013-12,0,0.2654151755,0.141096393,0.1705250917,0.0928945728
2013-12-13,2013-11,-1,0.03474188,0.1391342796,0.0382831668,0.0916764102
2013-12-13,2013-12,0,0.2654151755,0.141096393,0.1705250917,0.0928945728
2013-12-16,2013-11,-1,0.03474188,0.1391342796,0.0382831668,0.0916764102
2013-12-16,2013-12,0,0.2654151755,0.141096393,0.1705250917,0.0928945728
2013-12-17,2013-11,-1,,,0.0479132181,0.1208178947
2013-12-17,2013-12,0,0.2464787298,0.1423809511,0.1612871331,0.0953230298
2013-12-18,2013-11,-1,,,0.0479132181,0.1208178947
2013-12-18,2013-12,0,0.2464787298,0.1423809511,0.1612871331,0.0953230298
2013-12-19,2013-11,-1,,,0.0479132181,0.1208178947
2013-12-19,2013-12,0,0.2464787298,0.1423809511,0.1612871331,0.0953230298
2013-12-20,2013-11,-1,,,0.0479132181,0.1208178947
2013-12-20,2013-12,0,0.2464787298,0.1423809511,0.1612871331,0.0953230298
2013-12-23,2013-12,0,0.2464787298,0.1423809511,0.1579765435,0.0926253425
2013-12-24,2013-12,0,0.2503802733,0.1423809511,0.1602240066,0.0926253425
2013-12-26,2013-12,0,0.2503802733,0.1423809511,0.1602240066,0.0926253425
2013-12-27,2013-12,0,0.2503802733,0.1423809511,0.1602240066,0.0926253425
2013-12-30,2013-12,0,0.2503802733,0.1423809511,0.1602240066,0.0926253425
2013-12-31,2013-12,0,0.2714486084,0.1423809511,0.1723603075,0.0926253425
2014-01-02,2013-12,-1,0.2714486084,0.1423809511,0.1723603075,0.0926253425
2014-01-02,2014-01,0,0.0644952879,0.1445887068,0.0540565262,0.0961456091
2014-01-03,2013-12,-1,0.2714486084,0.1423809511,0.1723603075,0.0926253425
2014-01-03,2014-01,0,-0.0403358419,0.1445887068,-0.0063308813,0.0961456091
2014-01-06,2013-12,-1,0.2714486084,0.1423809511,0.1723603075,0.0926253425
2014-01-06,2014-01,0,-0.033393426,0.1445887068,-0.00233174,0.0961456091
2014-01-07,2013-12,-1,0.2714486084,0.1423809511,0.1723603075,0.0926253425
2014-01-07,2014-01,0,0.0472896646,0.1445887068,0.0441453196,0.0961456091
2014-01-08,2013-12,-1,0.2714486084,0.1423809511,0.1723603075,0.0926253425
2014-01-08,2014-01,0,0.0472896646,0.1445887068,0.0441453196,0.0961456091
2014-01-09,2013-12,-1,0.2714486084,0.1423809511,0.1723603075,0.0926253425
2014-01-09,2014-01,0,0.0472896646,0.1445887068,0.0441453196,0.0961456091
2014-01-10,2013-12,-1,0.2714486084,0.1423809511,0.1723603075,0.0926253425
2014-01-10,2014-01,0,0.0472896646,0.1445887068,0.0441453196,0.0961456091
2014-01-13,2013-12,-1,0.2714486084,0.1423809511,0.1723603075,0.0926253425
2014-01-13,2014-01,0,0.0472896646,0.1445887068,0.0441453196,0.0961456091
2014-01-14,2013-12,-1,0.2714486084,0.1423809511,0.1723603075,0.0926253425
2014-01-14,2014-01,0,0.0432957278,0.1445887068,0.0418446338,0.0961456091
2014-01-15,2013-12,-1,0.2714486084,0.1423809511,0.1723603075,0.0926253425
2014-01-15,2014-01,0,0.0432957278,0.1445887068,0.0418446338,0.0961456091
2014-01-16,2013-12,-1,,,0.2101559859,0.0750384679
2014-01-16,2014-01,0,0.0440334732,0.14179238,0.0432185937,0.0946800362
2014-01-17,2013-12,-1,,,0.2101559859,0.0750384679
2014-01-17,2014-01,0,0.0440334732,0.14179238,0.0432185937,0.0946800362
2014-01-21,2013-12,-1,,,0.2101559859,0.0750384679
2014-01-21,2014-01,0,0.0440334732,0.14179238,0.0432185937,0.0946800362
2014-01-22,2013-12,-1,,,0.2101559859,0.0750384679
2014-01-22,2014-01,0,0.0266511863,0.14179238,0.0331419751,0.0946800362
2014-01-23,2013-12,-1,,,0.2101559859,0.0750384679
2014-01-23,2014-01,0,0.0266511863,0.14179238,0.0331419751,0.0946800362
2014-01-24,2013-12,-1,,,0.2101559859,0.0750384679
2014-01-24,2014-01,0,0.0266511863,0.14179238,0.0331419751,0.0946800362
2014-01-27,2013-12,-1,,,0.2101559859,0.0750384679
2014-01-27,2014-01,0,0.0266511863,0.14179238,0.0331419751,0.0946800362
2014-01-28,2013-12,-1,,,0.2101559859,0.0750384679
2014-01-28,2014-01,0,0.0175589132,0.14179238,0.0278711284,0.0946800362
2014-01-29,2013-12,-1,,,0.2101559859,0.0750384679
2014-01-29,2014-01,0,0.0175589132,0.14179238,0.0278711284,0.0946800362
2014-01-30,2013-12,-1,,,0.2101559859,0.0750384679
2014-01-30,2014-01,0,0.0175589132,0.14179238,0.0278711284,0.0946800362
2014-01-31,2014-01,0,0.0175589132,0.14179238,0.0289070972,0.0961826145
2014-02-03,2014-01,-1,0.0175589132,0.14179238,0.0289070972,0.0961826145
2014-02-03,2014-02,0,0.1019897335,0.1326604404,0.075892565,0.087570596
2014-02-04,2014-01,-1,0.0175589132,0.14179238,0.0289070972,0.0961826145
2014-02-04,2014-02,0,-0.006581305,0.1326604404,0.0134183403,0.087570596
2014-02-05,2014-01,-1,0.0175589132,0.14179238,0.0289070972,0.0961826145
2014-02-05,2014-02,0,-0.006581305,0.1326604404,0.0134183403,0.087570596
2014-02-06,2014-01,-1,0.0175589132,0.14179238,0.0289070972,0.0961826145
2014-02-06,2014-02,0,-0.006581305,0.1326604404,0.0134183403,0.087570596
2014-02-07,2014-01,-1,0.0175589132,0.14179238,0.0289070972,0.0961826145
2014-02-07,2014-02,0,-0.006581305,0.1326604404,0.0134183403,0.087570596
2014-02-10,2014-01,-1,0.0175589132,0.14179238,0.0289070972,0.0961826145
2014-02-10,2014-02,0,-0.006581305,0.1326604404,0.0134183403,0.087570596
2014-02-11,2014-01,-1,0.0175589132,0.14179238,0.0289070972,0.0961826145
2014-02-11,2014-02,0,0.0061216399,0.1326604404,0.0207279014,0.087570596
2014-02-12,2014-01,-1,0.0175589132,0.14179238,0.0289070972,0.0961826145
2014-02-12,2014-02,0,0.0061216399,0.1326604404,0.0207279014,0.087570596
2014-02-13,2014-01,-1,0.0175589132,0.14179238,0.0289070972,0.0961826145
2014-02-13,2014-02,0,0.0061216399,0.1326604404,0.0207279014,0.087570596
2014-02-14,2014-01,-1,0.0175589132,0.14179238,0.0289070972,0.0961826145
2014-02-14,2014-02,0,0.0061216399,0.1326604404,0.0207279014,0.087570596
2014-02-18,2014-01,-1,0.0728332113,0.1421221298,0.0528536905,0.0961826145
2014-02-18,2014-02,0,-0.0410285791,0.135180175,-0.0266922047,0.087570596
2014-02-19,2014-01,-1,0.0728332113,0.1421221298,0.0528536905,0.0961826145
2014-02-19,2014-02,0,-0.0046123243,0.135180175,-0.0020394022,0.087570596
2014-02-20,2014-01,-1,,,0.1142703101,0.093955469
2014-02-20,2014-02,0,-0.0020109037,0.1339858619,0.0007972179,0.0873850006
2014-02-21,2014-01,-1,,,0.1142703101,0.093955469
2014-02-21,2014-02,0,-0.0020109037,0.1339858619,0.0007972179,0.0873850006
2014-02-24,2014-01,-1,,,0.1142703101,0.093955469
2014-02-24,2014-02,0,-0.0020109037,0.1339858619,0.0007972179,0.0873850006
2014-02-25,2014-01,-1,,,0.1142703101,0.093955469
2014-02-25,2014-02,0,0.0387041541,0.1339858619,0.0283023588,0.0873850006
2014-02-26,2014-01,-1,,,0.1142703101,0.093955469
2014-02-26,2014-02,0,0.0387041541,0.1339858619,0.0283023588,0.0873850006
2014-02-27,2014-01,-1,,,0.1142703101,0.093955469
2014-02-27,2014-02,0,0.0387041541,0.1339858619,0.0283023588,0.0873850006
2014-02-28,2014-01,-1,,,0.1142703101,0.093955469
2014-02-28,2014-02,0,0.0387041541,0.1339858619,0.0283023588,0.0873850006
2014-03-03,2014-02,-1,0.0387041541,0.1339858619,0.033015717,0.0901999991
2014-03-03,2014-03,0,-0.1322478152,0.1303578561,-0.0795462947,0.0905258775
2014-03-04,2014-02,-1,0.0387041541,0.1339858619,0.033015717,0.0901999991
2014-03-04,2014-03,0,-0.0199345915,0.1303578561,-0.0047371982,0.0905258775
2014-03-05,2014-02,-1,0.0387041541,0.1339858619,0.033015717,0.0901999991
2014-03-05,2014-03,0,-0.0199345915,0.1303578561,-0.0047371982,0.0905258775
2014-03-06,2014-02,-1,0.0387041541,0.1339858619,0.033015717,0.0901999991
2014-03-06,2014-03,0,-0.0199345915,0.1303578561,-0.0047371982,0.0905258775
2014-03-07,2014-02,-1,0.0387041541,0.1339858619,0.033015717,0.0901999991
2014-03-07,2014-03,0,-0.0199345915,0.1303578561,-0.0047371982,0.0905258775
2014-03-10,2014-02,-1,0.0387041541,0.1339858619,0.033015717,0.0901999991
2014-03-10,2014-03,0,-0.0199345915,0.1303578561,-0.0047371982,0.0905258775
2014-03-11,2014-02,-1,0.0387041541,0.1339858619,0.033015717,0.0901999991
2014-03-11,2014-03,0,0.0018725035,0.1303578561,0.0097879755,0.0905258775
2014-03-12,2014-02,-1,0.0387041541,0.1339858619,0.033015717,0.0901999991
2014-03-12,2014-03,0,0.0018725035,0.1303578561,0.0097879755,0.0905258775
2014-03-13,2014-02,-1,0.0387041541,0.1339858619,0.033015717,0.0901999991
2014-03-13,2014-03,0,0.0018725035,0.1303578561,0.0097879755,0.0905258775
2014-03-14,2014-02,-1,0.0387041541,0.1339858619,0.033015717,0.0901999991
2014-03-14,2014-03,0,0.0018725035,0.1303578561,0.0097879755,0.0905258775
2014-03-17,2014-02,-1,0.0387041541,0.1339858619,0.033015717,0.0901999991
2014-03-17,2014-03,0,0.0018725035,0.1303578561,0.0097879755,0.0905258775
2014-03-18,2014-02,-1,,,0.0855178259,0.0851270335
2014-03-18,2014-03,0,0.0346269054,0.1290506208,0.0303358722,0.0901031304
2014-03-19,2014-02,-1,,,0.0855178259,0.0851270335
2014-03-19,2014-03,0,0.0346269054,0.1290506208,0.0303358722,0.0901031304
2014-03-20,2014-02,-1,,,0.0855178259,0.0851270335
2014-03-20,2014-03,0,0.0346269054,0.1290506208,0.0303358722,0.0901031304
2014-03-21,2014-02,-1,,,0.0855178259,0.0851270335
2014-03-21,2014-03,0,0.0346269054,0.1290506208,0.0303358722,0.0901031304
2014-03-24,2014-02,-1,,,0.0855178259,0.0851270335
2014-03-24,2014-03,0,0.0346269054,0.1290506208,0.0303358722,0.0901031304
2014-03-25,2014-02,-1,,,0.0855178259,0.0851270335
2014-03-25,2014-03,0,0.0478421405,0.1290506208,0.0391001756,0.0901031304
2014-03-26,2014-02,-1,,,0.0855178259,0.0851270335
2014-03-26,2014-03,0,0.0478421405,0.1290506208,0.0391001756,0.0901031304
2014-03-27,2014-02,-1,,,0.0855178259,0.0851270335
2014-03-27,2014-03,0,0.0478421405,0.1290506208,0.0391001756,0.0901031304
2014-03-28,2014-03,0,0.0478421405,0.1290506208,0.039051221,0.0916078966
2014-03-31,2014-03,0,0.0478421405,0.1290506208,0.039051221,0.0916078966
2014-04-01,2014-03,-1,0.0641329213,0.1290506208,0.0498450255,0.0916078966
2014-04-01,2014-04,0,-0.0051496894,0.1301272533,0.0053639428,0.0937942329
2014-04-02,2014-03,-1,0.0641329213,0.1290506208,0.0498450255,0.0916078966
2014-04-02,2014-04,0,-0.0766688638,0.1301272533,-0.0420226123,0.0937942329
2014-04-03,2014-03,-1,0.0641329213,0.1290506208,0.0498450255,0.0916078966
2014-04-03,2014-04,0,-0.0833942907,0.1301272533,-0.0464786874,0.0937942329
2014-04-04,2014-03,-1,0.0641329213,0.1290506208,0.0498450255,0.0916078966
2014-04-04,2014-04,0,-0.0659519233,0.1301272533,-0.0349218747,0.0937942329
2014-04-07,2014-03,-1,0.0641329213,0.1290506208,0.0498450255,0.0916078966
2014-04-07,2014-04,0,-0.0523096954,0.1301272533,-0.0258829255,0.0937942329
2014-04-08,2014-03,-1,0.0641329213,0.1290506208,0.0498450255,0.0916078966
2014-04-08,2014-04,0,0.1479750505,0.1301272533,0.1068200066,0.0937942329
2014-04-09,2014-03,-1,0.0641329213,0.1290506208,0.0498450255,0.0916078966
2014-04-09,2014-04,0,0.1479750505,0.1301272533,0.1068200066,0.0937942329
2014-04-10,2014-03,-1,0.0641329213,0.1290506208,0.0498450255,0.0916078966
2014-04-10,2014-04,0,0.1479750505,0.1301272533,0.1068200066,0.0937942329
2014-04-11,2014-03,-1,0.0641329213,0.1290506208,0.0498450255,0.0916078966
2014-04-11,2014-04,0,0.1479750505,0.1301272533,0.1068200066,0.0937942329
2014-04-14,2014-03,-1,0.0641329213,0.1290506208,0.0498450255,0.0916078966
2014-04-14,2014-04,0,0.1479750505,0.1301272533,0.1068200066,0.0937942329
2014-04-15,2014-03,-1,,,0.1476509718,0.1609319586
2014-04-15,2014-04,0,0.1970099416,0.1363840151,0.1409541701,0.099571238
2014-04-16,2014-03,-1,,,0.1476509718,0.1609319586
2014-04-16,2014-04,0,0.1970099416,0.1363840151,0.1409541701,0.099571238
2014-04-17,2014-03,-1,,,0.1476509718,0.1609319586
2014-04-17,2014-04,0,0.1970099416,0.1363840151,0.1409541701,0.099571238
2014-04-18,2014-03,-1,,,0.1476509718,0.1609319586
2014-04-18,2014-04,0,0.1970099416,0.1363840151,0.1409541701,0.099571238
2014-04-21,2014-03,-1,,,0.1476509718,0.1609319586
2014-04-21,2014-04,0,0.1970099416,0.1363840151,0.1409541701,0.099571238
2014-04-22,2014-03,-1,,,0.1476509718,0.1609319586
2014-04-22,2014-04,0,0.2248590165,0.1363840151,0.1593142727,0.099571238
2014-04-23,2014-03,-1,,,0.1476509718,0.1609319586
2014-04-23,2014-04,0,0.2248590165,0.1363840151,0.1593142727,0.099571238
2014-04-24,2014-03,-1,,,0.1476509718,0.1609319586
2014-04-24,2014-04,0,0.2248590165,0.1363840151,0.1593142727,0.099571238
2014-04-25,2014-03,-1,,,0.1476509718,0.1609319586
2014-04-25,2014-04,0,0.2248590165,0.1363840151,0.1593142727,0.099571238
2014-04-28,2014-03,-1,,,0.1476509718,0.1609319586
2014-04-28,2014-04,0,0.2248590165,0.1363840151,0.1593142727,0.099571238
2014-04-29,2014-03,-1,,,0.1476509718,0.1609319586
2014-04-29,2014-04,0,0.249140648,0.1363840151,0.1753224613,0.099571238
2014-04-30,2014-03,-1,,,0.1476509718,0.1609319586
2014-04-30,2014-04,0,0.249140648,0.1363840151,0.1753224613,0.099571238
2014-05-01,2014-04,-1,0.249140648,0.1363840151,0.1766948854,0.1005287904
2014-05-01,2014-05,0,0.0793790218,0.1426297589,0.0741911836,0.1123777872
2014-05-02,2014-04,-1,0.249140648,0.1363840151,0.1766948854,0.1005287904
2014-05-02,2014-05,0,0.0587066204,0.1426297589,0.0605792057,0.1123777872
2014-05-05,2014-04,-1,0.249140648,0.1363840151,0.1766948854,0.1005287904
2014-05-05,2014-05,0,0.0730182829,0.1426297589,0.0700028827,0.1123777872
2014-05-06,2014-04,-1,0.249140648,0.1363840151,0.1766948854,0.1005287904
2014-05-06,2014-05,0,0.1607040397,0.1426297589,0.1277405671,0.1123777872
2014-05-07,2014-04,-1,0.249140648,0.1363840151,0.1766948854,0.1005287904
2014-05-07,2014-05,0,0.1607040397,0.1426297589,0.1277405671,0.1123777872
2014-05-08,2014-04,-1,0.249140648,0.1363840151,0.1766948854,0.1005287904
2014-05-08,2014-05,0,0.1607040397,0.1426297589,0.1277405671,0.1123777872
2014-05-09,2014-04,-1,0.249140648,0.1363840151,0.1766948854,0.1005287904
2014-05-09,2014-05,0,0.1607040397,0.1426297589,0.1277405671,0.1123777872
2014-05-12,2014-04,-1,0.249140648,0.1363840151,0.1766948854,0.1005287904
2014-05-12,2014-05,0,0.1607040397,0.1426297589,0.1277405671,0.1123777872
2014-05-13,2014-04,-1,0.249140648,0.1363840151,0.1766948854,0.1005287904
2014-05-13,2014-05,0,0.1507058845,0.1426297589,0.121157168,0.1123777872
2014-05-14,2014-04,-1,0.249140648,0.1363840151,0.1766948854,0.1005287904
2014-05-14,2014-05,0,0.1507058845,0.1426297589,0.121157168,0.1123777872
2014-05-15,2014-04,-1,,,0.1858971343,0.1947665853
2014-05-15,2014-05,0,0.1526021347,0.1509527362,0.128915671,0.1202309368
2014-05-16,2014-04,-1,,,0.1858971343,0.1947665853
2014-05-16,2014-05,0,0.1526021347,0.1509527362,0.128915671,0.1202309368
2014-05-19,2014-04,-1,,,0.1858971343,0.1947665853
2014-05-19,2014-05,0,0.1526021347,0.1509527362,0.128915671,0.1202309368
2014-05-20,2014-04,-1,,,0.1858971343,0.1947665853
2014-05-20,2014-05,0,0.1480268838,0.1509527362,0.1259302376,0.1202309368
2014-05-21,2014-04,-1,,,0.1858971343,0.1947665853
2014-05-21,2014-05,0,0.1480268838,0.1509527362,0.1259302376,0.1202309368
2014-05-22,2014-04,-1,,,0.1858971343,0.1947665853
2014-05-22,2014-05,0,0.1480268838,0.1509527362,0.1259302376,0.1202309368
2014-05-23,2014-04,-1,,,0.1858971343,0.1947665853
2014-05-23,2014-05,0,0.1480268838,0.1509527362,0.1259302376,0.1202309368
2014-05-27,2014-04,-1,,,0.1858971343,0.1947665853
2014-05-27,2014-05,0,0.1480268838,0.1509527362,0.1259302376,0.1202309368
2014-05-28,2014-04,-1,,,0.1858971343,0.1947665853
2014-05-28,2014-05,0,0.1480268838,0.1509527362,0.1259302376,0.1202309368
2014-05-29,2014-04,-1,,,0.1858971343,0.1947665853
2014-05-29,2014-05,0,0.1480268838,0.1509527362,0.1259302376,0.1202309368
2014-05-30,2014-05,0,0.1480268838,0.1509527362,0.1250528059,0.1179547406
2014-06-02,2014-05,-1,0.1480268838,0.1509527362,0.1250528059,0.1179547406
2014-06-02,2014-06,0,0.210294402,0.1520469585,0.1684671239,0.1199699523
2014-06-03,2014-05,-1,0.1480268838,0.1509527362,0.1250528059,0.1179547406
2014-06-03,2014-06,0,0.3057035976,0.1520469585,0.2311544958,0.1199699523
2014-06-04,2014-05,-1,0.1480268838,0.1509527362,0.1250528059,0.1179547406
2014-06-04,2014-06,0,0.3057035976,0.1520469585,0.2311544958,0.1199699523
2014-06-05,2014-05,-1,0.1480268838,0.1509527362,0.1250528059,0.1179547406
2014-06-05,2014-06,0,0.3057035976,0.1520469585,0.2311544958,0.1199699523
2014-06-06,2014-05,-1,0.1480268838,0.1509527362,0.1250528059,0.1179547406
2014-06-06,2014-06,0,0.3057035976,0.1520469585,0.2311544958,0.1199699523
2014-06-09,2014-05,-1,0.1480268838,0.1509527362,0.1250528059,0.1179547406
2014-06-09,2014-06,0,0.3057035976,0.1520469585,0.2311544958,0.1199699523
2014-06-10,2014-05,-1,0.1480268838,0.1509527362,0.1250528059,0.1179547406
2014-06-10,2014-06,0,0.295287015,0.1520469585,0.2243104156,0.1199699523
2014-06-11,2014-05,-1,0.1480268838,0.1509527362,0.1250528059,0.1179547406
2014-06-11,2014-06,0,0.295287015,0.1520469585,0.2243104156,0.1199699523
2014-06-12,2014-05,-1,0.1480268838,0.1509527362,0.1250528059,0.1179547406
2014-06-12,2014-06,0,0.295287015,0.1520469585,0.2243104156,0.1199699523
2014-06-13,2014-05,-1,0.1480268838,0.1509527362,0.1250528059,0.1179547406
2014-06-13,2014-06,0,0.295287015,0.1520469585,0.2243104156,0.1199699523
2014-06-16,2014-05,-1,0.1480268838,0.1509527362,0.1250528059,0.1179547406
2014-06-16,2014-06,0,0.295287015,0.1520469585,0.2243104156,0.1199699523
2014-06-17,2014-05,-1,,,0.2529072075,0.224918509
2014-06-17,2014-06,0,0.3157115089,0.161006899,0.2368587037,0.1288835997
2014-06-18,2014-05,-1,,,0.2529072075,0.224918509
2014-06-18,2014-06,0,0.3157115089,0.161006899,0.2368587037,0.1288835997
2014-06-19,2014-05,-1,,,0.2529072075,0.224918509
2014-06-19,2014-06,0,0.3157115089,0.161006899,0.2368587037,0.1288835997
2014-06-20,2014-05,-1,,,0.2529072075,0.224918509
2014-06-20,2014-06,0,0.3157115089,0.161006899,0.2368587037,0.1288835997
2014-06-23,2014-05,-1,,,0.2529072075,0.224918509
2014-06-23,2014-06,0,0.3157115089,0.161006899,0.2368587037,0.1288835997
2014-06-24,2014-05,-1,,,0.2529072075,0.224918509
2014-06-24,2014-06,0,0.3223892276,0.161006899,0.2412326982,0.1288835997
2014-06-25,2014-05,-1,,,0.2529072075,0.224918509
2014-06-25,2014-06,0,0.3223892276,0.161006899,0.2412326982,0.1288835997
2014-06-26,2014-06,0,0.322389,0.161007,0.238655,0.123293
2014-06-27,2014-06,0,0.3223892276,0.161006899,0.2386553878,0.1232933912
2014-06-30,2014-06,0,0.3223892276,0.161006899,0.2386553878,0.1232933912
2014-07-01,2014-06,-1,0.3263958589,0.161006899,0.2412840252,0.1232933912
2014-07-01,2014-07,0,0.1432167747,0.1618828723,0.1131865493,0.1170074755
2014-07-02,2014-06,-1,0.3263958589,0.161006899,0.2412840252,0.1232933912
2014-07-02,2014-07,0,0.1435382059,0.1618828723,0.1133974312,0.1170074755
2014-07-03,2014-06,-1,0.3263958589,0.161006899,0.2412840252,0.1232933912
2014-07-03,2014-07,0,0.1265023505,0.1618828723,0.1022206887,0.1170074755
2014-07-07,2014-06,-1,0.3263958589,0.161006899,0.2412840252,0.1232933912
2014-07-07,2014-07,0,0.1070557608,0.1618828723,0.0894623317,0.1170074755
2014-07-08,2014-06,-1,0.3263958589,0.161006899,0.2412840252,0.1232933912
2014-07-08,2014-07,0,0.2108173169,0.1618828723,0.1575373514,0.1170074755
2014-07-09,2014-06,-1,0.3263958589,0.161006899,0.2412840252,0.1232933912
2014-07-09,2014-07,0,0.2108173169,0.1618828723,0.1575373514,0.1170074755
2014-07-10,2014-06,-1,0.3263958589,0.161006899,0.2412840252,0.1232933912
2014-07-10,2014-07,0,0.2108173169,0.1618828723,0.1575373514,0.1170074755
2014-07-11,2014-06,-1,0.3263958589,0.161006899,0.2412840252,0.1232933912
2014-07-11,2014-07,0,0.2108173169,0.1618828723,0.1575373514,0.1170074755
2014-07-14,2014-06,-1,0.3263958589,0.161006899,0.2412840252,0.1232933912
2014-07-14,2014-07,0,0.2108173169,0.1618828723,0.1575373514,0.1170074755
2014-07-15,2014-06,-1,0.3263958589,0.161006899,0.2412840252,0.1232933912
2014-07-15,2014-07,0,0.1835549893,0.1618828723,0.1396513101,0.1170074755
2014-07-16,2014-06,-1,0.3263958589,0.161006899,0.2412840252,0.1232933912
2014-07-16,2014-07,0,0.1835549893,0.1618828723,0.1396513101,0.1170074755
2014-07-17,2014-06,-1,0.3263958589,0.161006899,0.2412840252,0.1232933912
2014-07-17,2014-07,0,0.1835549893,0.1618828723,0.1396513101,0.1170074755
2014-07-18,2014-06,-1,0.3263958589,0.161006899,0.2412840252,0.1232933912
2014-07-18,2014-07,0,0.1835549893,0.1618828723,0.1396513101,0.1170074755
2014-07-21,2014-06,-1,0.3263958589,0.161006899,0.2412840252,0.1232933912
2014-07-21,2014-07,0,0.1835549893,0.1618828723,0.1396513101,0.1170074755
2014-07-22,2014-06,-1,,,0.1893356422,0.0904999873
2014-07-22,2014-07,0,0.156790134,0.1592250569,0.1175186973,0.1142746919
2014-07-23,2014-06,-1,,,0.1893356422,0.0904999873
2014-07-23,2014-07,0,0.156790134,0.1592250569,0.1175186973,0.1142746919
2014-07-24,2014-06,-1,,,0.1893356422,0.0904999873
2014-07-24,2014-07,0,0.156790134,0.1592250569,0.1175186973,0.1142746919
2014-07-25,2014-06,-1,,,0.1893356422,0.0904999873
2014-07-25,2014-07,0,0.156790134,0.1592250569,0.1175186973,0.1142746919
2014-07-28,2014-06,-1,,,0.1893356422,0.0904999873
2014-07-28,2014-07,0,0.156790134,0.1592250569,0.1175186973,0.1142746919
2014-07-29,2014-06,-1,,,0.1893356422,0.0904999873
2014-07-29,2014-07,0,0.1259014736,0.1592250569,0.0968042563,0.1142746919
2014-07-30,2014-06,-1,,,0.1893356422,0.0904999873
2014-07-30,2014-07,0,0.1259014736,0.1592250569,0.0968042563,0.1142746919
2014-07-31,2014-06,-1,,,0.1893356422,0.0904999873
2014-07-31,2014-07,0,0.1259014736,0.1592250569,0.0968042563,0.1142746919
2014-08-01,2014-07,-1,0.1259014736,0.1592250569,0.1049423348,0.1233387174
2014-08-01,2014-08,0,0.0170991101,0.1585800088,0.0436567578,0.1247362283
2014-08-04,2014-07,-1,0.1259014736,0.1592250569,0.1049423348,0.1233387174
2014-08-04,2014-08,0,0.0170991101,0.1585800088,0.0436567578,0.1247362283
2014-08-05,2014-07,-1,0.1259014736,0.1592250569,0.1049423348,0.1233387174
2014-08-05,2014-08,0,0.0268608009,0.1585800088,0.0492946692,0.1247362283
2014-08-06,2014-07,-1,0.1259014736,0.1592250569,0.1049423348,0.1233387174
2014-08-06,2014-08,0,0.0268608009,0.1585800088,0.0492946692,0.1247362283
2014-08-07,2014-07,-1,0.1259014736,0.1592250569,0.1049423348,0.1233387174
2014-08-07,2014-08,0,0.0268608009,0.1585800088,0.0492946692,0.1247362283
2014-08-08,2014-07,-1,0.1259014736,0.1592250569,0.1049423348,0.1233387174
2014-08-08,2014-08,0,0.0268608009,0.1585800088,0.0492946692,0.1247362283
2014-08-11,2014-07,-1,0.1259014736,0.1592250569,0.1049423348,0.1233387174
2014-08-11,2014-08,0,0.0268608009,0.1585800088,0.0492946692,0.1247362283
2014-08-12,2014-07,-1,0.1259014736,0.1592250569,0.1049423348,0.1233387174
2014-08-12,2014-08,0,0.0182288535,0.1585800088,0.0443092466,0.1247362283
2014-08-13,2014-07,-1,0.1259014736,0.1592250569,0.1049423348,0.1233387174
2014-08-13,2014-08,0,0.0182288535,0.1585800088,0.0443092466,0.1247362283
2014-08-14,2014-07,-1,0.1259014736,0.1592250569,0.1049423348,0.1233387174
2014-08-14,2014-08,0,0.0182288535,0.1585800088,0.0443092466,0.1247362283
2014-08-15,2014-07,-1,0.1259014736,0.1592250569,0.1049423348,0.1233387174
2014-08-15,2014-08,0,0.0182288535,0.1585800088,0.0443092466,0.1247362283
2014-08-18,2014-07,-1,0.1259014736,0.1592250569,0.1049423348,0.1233387174
2014-08-18,2014-08,0,0.0182288535,0.1585800088,0.0443092466,0.1247362283
2014-08-19,2014-07,-1,,,0.0823043057,0.0731718543
2014-08-19,2014-08,0,0.0018639416,0.1532916642,0.0347773814,0.1205556564
2014-08-20,2014-07,-1,,,0.082304,0.073172
2014-08-20,2014-08,0,0.001864,0.153292,0.034777,0.120556
2014-08-21,2014-07,-1,,,0.0823043057,0.0731718543
2014-08-21,2014-08,0,0.0018639416,0.1532916642,0.0347773814,0.1205556564
2014-08-22,2014-07,-1,,,0.0823043057,0.0731718543
2014-08-22,2014-08,0,0.0018639416,0.1532916642,0.0347773814,0.1205556564
2014-08-25,2014-07,-1,,,0.082304,0.073172
2014-08-25,2014-08,0,0.001864,0.153292,0.034777,0.120556
2014-08-26,2014-07,-1,,,0.0823043057,0.0731718543
2014-08-26,2014-08,0,-0.0124531967,0.1532916642,0.0265253477,0.1205556564
2014-08-27,2014-07,-1,,,0.0823043057,0.0731718543
2014-08-27,2014-08,0,-0.0124531967,0.1532916642,0.0265253477,0.1205556564
2014-08-28,2014-07,-1,,,0.082304,0.073172
2014-08-28,2014-08,0,-0.012453,0.153292,0.026525,0.120556
2014-08-29,2014-08,0,-0.0124531967,0.1532916642,0.0261950083,0.1218914496
2014-09-02,2014-08,-1,-0.0124531967,0.1532916642,0.0261950083,0.1218914496
2014-09-02,2014-09,0,0.1739254809,0.1545616948,0.1345104805,0.124041383
2014-09-03,2014-08,-1,-0.0124531967,0.1532916642,0.0261950083,0.1218914496
2014-09-03,2014-09,0,0.2150686322,0.1545616948,0.1582601477,0.124041383
2014-09-04,2014-08,-1,-0.0124531967,0.1532916642,0.0261950083,0.1218914496
2014-09-04,2014-09,0,0.2150686322,0.1545616948,0.1582601477,0.124041383
2014-09-05,2014-08,-1,-0.0124531967,0.1532916642,0.0261950083,0.1218914496
2014-09-05,2014-09,0,0.2150686322,0.1545616948,0.1582601477,0.124041383
2014-09-08,2014-08,-1,-0.012453,0.153292,0.026195,0.121891
2014-09-08,2014-09,0,0.215069,0.154562,0.15826,0.124041
2014-09-09,2014-08,-1,-0.0124531967,0.1532916642,0.0261950083,0.1218914496
2014-09-09,2014-09,0,0.2137011683,0.1545616948,0.1574707864,0.124041383
2014-09-10,2014-08,-1,-0.012453,0.153292,0.026195,0.121891
2014-09-10,2014-09,0,0.213701,0.154562,0.157471,0.124041
2014-09-11,2014-08,-1,-0.0124531967,0.1532916642,0.0261950083,0.1218914496
2014-09-11,2014-09,0,0.2137011683,0.1545616948,0.1574707864,0.124041383
2014-09-12,2014-08,-1,-0.012453,0.153292,0.026195,0.121891
2014-09-12,2014-09,0,0.213701,0.154562,0.157471,0.124041
2014-09-15,2014-08,-1,-0.0124531967,0.1532916642,0.0261950083,0.1218914496
2014-09-15,2014-09,0,0.2137011683,0.1545616948,0.1574707864,0.124041383
2014-09-16,2014-08,-1,-0.012453,0.153292,0.026195,0.121891
2014-09-16,2014-09,0,0.213701,0.154562,0.157471,0.124041
2014-09-17,2014-08,-1,,,-0.0934480056,0.0102294384
2014-09-17,2014-09,0,0.1795665505,0.1429763121,0.1367234836,0.1147362154
2014-09-18,2014-08,-1,,,-0.093448,0.010229
2014-09-18,2014-09,0,0.179567,0.142976,0.136723,0.114736
2014-09-19,2014-08,-1,,,-0.093448,0.010229
2014-09-19,2014-09,0,0.179567,0.142976,0.136723,0.114736
2014-09-22,2014-08,-1,,,-0.093448,0.010229
2014-09-22,2014-09,0,0.179567,0.142976,0.136723,0.114736
2014-09-23,2014-08,-1,,,-0.0934480056,0.0102294384
2014-09-23,2014-09,0,0.1492990513,0.1429763121,0.1191653118,0.1147362154
2014-09-24,2014-08,-1,,,-0.0934480056,0.0102294384
2014-09-24,2014-09,0,0.1492990513,0.1429763121,0.1191653118,0.1147362154
2014-09-25,2014-08,-1,,,-0.0934480056,0.0102294384
2014-09-25,2014-09,0,0.1492990513,0.1429763121,0.1191653118,0.1147362154
2014-09-26,2014-08,-1,,,-0.0934480056,0.0102294384
2014-09-26,2014-09,0,0.1492990513,0.1429763121,0.1191653118,0.1147362154
2014-09-29,2014-09,0,0.1492990513,0.1429763121,0.1248306861,0.1217759818
2014-09-30,2014-09,0,0.1316994938,0.1429763121,0.1146440764,0.1217759818
2014-10-01,2014-09,-1,0.131699,0.142976,0.114644,0.121776
2014-10-01,2014-10,0,0.140686,0.143901,0.121194,0.123375
2014-10-02,2014-09,-1,0.131699,0.142976,0.114644,0.121776
2014-10-02,2014-10,0,0.089467,0.143901,0.091253,0.123375
2014-10-03,2014-09,-1,0.131699,0.142976,0.114644,0.121776
2014-10-03,2014-10,0,0.082275,0.143901,0.087049,0.123375
2014-10-06,2014-09,-1,0.1316994938,0.1429763121,0.1146440764,0.1217759818
2014-10-06,2014-10,0,0.0654946097,0.1439005398,0.0772400508,0.1233749607
2014-10-07,2014-09,-1,0.1316994938,0.1429763121,0.1146440764,0.1217759818
2014-10-07,2014-10,0,0.170290023,0.1439005398,0.1384990812,0.1233749607
2014-10-08,2014-09,-1,0.1316994938,0.1429763121,0.1146440764,0.1217759818
2014-10-08,2014-10,0,0.170290023,0.1439005398,0.1384990812,0.1233749607
2014-10-09,2014-09,-1,0.1316994938,0.1429763121,0.1146440764,0.1217759818
2014-10-09,2014-10,0,0.170290023,0.1439005398,0.1384990812,0.1233749607
2014-10-10,2014-09,-1,0.1316994938,0.1429763121,0.1146440764,0.1217759818
2014-10-10,2014-10,0,0.170290023,0.1439005398,0.1384990812,0.1233749607
2014-10-14,2014-09,-1,0.1316994938,0.1429763121,0.1146440764,0.1217759818
2014-10-14,2014-10,0,0.170290023,0.1439005398,0.1384990812,0.1233749607
2014-10-15,2014-09,-1,0.1316994938,0.1429763121,0.1146440764,0.1217759818
2014-10-15,2014-10,0,0.105729643,0.1439005398,0.1007597741,0.1233749607
2014-10-16,2014-09,-1,0.1316994938,0.1429763121,0.1146440764,0.1217759818
2014-10-16,2014-10,0,0.105729643,0.1439005398,0.1007597741,0.1233749607
2014-10-17,2014-09,-1,0.1316994938,0.1429763121,0.1146440764,0.1217759818
2014-10-17,2014-10,0,0.105729643,0.1439005398,0.1007597741,0.1233749607
2014-10-20,2014-09,-1,0.1316994938,0.1429763121,0.1146440764,0.1217759818
2014-10-20,2014-10,0,0.105729643,0.1439005398,0.1007597741,0.1233749607
2014-10-21,2014-09,-1,0.1316994938,0.1429763121,0.1146440764,0.1217759818
2014-10-21,2014-10,0,0.042603938,0.1439005398,0.0638591183,0.1233749607
2014-10-22,2014-09,-1,,,0.0829724984,0.1124693249
2014-10-22,2014-10,0,0.0410382974,0.1435936705,0.063432439,0.1225994059
2014-10-23,2014-09,-1,,,0.082972,0.112469
2014-10-23,2014-10,0,0.041038,0.143594,0.063432,0.122599
2014-10-24,2014-09,-1,,,0.082972,0.112469
2014-10-24,2014-10,0,0.041038,0.143594,0.063432,0.122599
2014-10-27,2014-09,-1,,,0.0829724984,0.1124693249
2014-10-27,2014-10,0,0.0410382974,0.1435936705,0.063432439,0.1225994059
2014-10-28,2014-09,-1,,,0.0829724984,0.1124693249
2014-10-28,2014-10,0,-0.0124043252,0.1435936705,0.032340626,0.1225994059
2014-10-29,2014-09,-1,,,0.0829724984,0.1124693249
2014-10-29,2014-10,0,-0.0124043252,0.1435936705,0.032340626,0.1225994059
2014-10-30,2014-09,-1,,,0.0829724984,0.1124693249
2014-10-30,2014-10,0,-0.0124043252,0.1435936705,0.032340626,0.1225994059
2014-10-31,2014-10,0,-0.0124043252,0.1435936705,0.0312177571,0.1225797182
2014-11-03,2014-10,-1,-0.012404,0.143594,0.031218,0.12258
2014-11-03,2014-11,0,0.08244,0.145259,0.085985,0.122766
2014-11-04,2014-10,-1,-0.0124043252,0.1435936705,0.0312177571,0.1225797182
2014-11-04,2014-11,0,-0.0193232751,0.1452587195,0.0265438955,0.1227657676
2014-11-05,2014-10,-1,-0.012404,0.143594,0.031218,0.12258
2014-11-05,2014-11,0,-0.019323,0.145259,0.026544,0.122766
2014-11-06,2014-10,-1,-0.012404,0.143594,0.031218,0.12258
2014-11-06,2014-11,0,-0.019323,0.145259,0.026544,0.122766
2014-11-07,2014-10,-1,-0.012404,0.143594,0.031218,0.12258
2014-11-07,2014-11,0,-0.019323,0.145259,0.026544,0.122766
2014-11-10,2014-10,-1,-0.012404,0.143594,0.031218,0.12258
2014-11-10,2014-11,0,-0.019323,0.145259,0.026544,0.122766
2014-11-12,2014-10,-1,-0.0124043252,0.1435936705,0.0312177571,0.1225797182
2014-11-12,2014-11,0,-0.0579616792,0.1452587195,0.003974712,0.1227657676
2014-11-13,2014-10,-1,-0.012404,0.143594,0.031218,0.12258
2014-11-13,2014-11,0,-0.057962,0.145259,0.003975,0.122766
2014-11-14,2014-10,-1,-0.012404,0.143594,0.031218,0.12258
2014-11-14,2014-11,0,-0.057962,0.145259,0.003975,0.122766
2014-11-17,2014-10,-1,-0.012404,0.143594,0.031218,0.12258
2014-11-17,2014-11,0,-0.057962,0.145259,0.003975,0.122766
2014-11-18,2014-10,-1,-0.012404,0.143594,0.031218,0.12258
2014-11-18,2014-11,0,-0.094123,0.145259,-0.017148,0.122766
2014-11-19,2014-10,-1,-0.012404,0.143594,0.031218,0.12258
2014-11-19,2014-11,0,-0.094123,0.145259,-0.017148,0.122766
2014-11-20,2014-10,-1,,,0.032316,0.156716
2014-11-20,2014-11,0,-0.098481,0.150226,-0.023651,0.12561
2014-11-21,2014-10,-1,,,0.032316,0.156716
2014-11-21,2014-11,0,-0.098481,0.150226,-0.023651,0.12561
2014-11-24,2014-10,-1,,,0.032316,0.156716
2014-11-24,2014-11,0,-0.098481,0.150226,-0.023651,0.12561
2014-11-25,2014-10,-1,,,0.032316,0.156716
2014-11-25,2014-11,0,-0.098481,0.150226,-0.023651,0.12561
2014-11-26,2014-11,0,-0.143693,0.150226,-0.047133,0.128455
2014-11-28,2014-11,0,-0.143693,0.150226,-0.047133,0.128455
2014-12-01,2014-11,-1,-0.143693,0.150226,-0.047133,0.128455
2014-12-01,2014-12,0,-0.213639,0.148164,-0.086478,0.128829
2014-12-02,2014-11,-1,-0.143693,0.150226,-0.047133,0.128455
2014-12-02,2014-12,0,-0.001364,0.148164,0.038899,0.128829
2014-12-03,2014-11,-1,-0.143693,0.150226,-0.047133,0.128455
2014-12-03,2014-12,0,-0.001364,0.148164,0.038899,0.128829
2014-12-04,2014-11,-1,-0.143693,0.150226,-0.047133,0.128455
2014-12-04,2014-12,0,-0.001364,0.148164,0.038899,0.128829
2014-12-05,2014-11,-1,-0.143693,0.150226,-0.047133,0.128455
2014-12-05,2014-12,0,-0.001364,0.148164,0.038899,0.128829
2014-12-08,2014-11,-1,-0.143693,0.150226,-0.047133,0.128455
2014-12-08,2014-12,0,-0.001364,0.148164,0.038899,0.128829
2014-12-09,2014-11,-1,-0.143693,0.150226,-0.047133,0.128455
2014-12-09,2014-12,0,-0.080964,0.148164,-0.008116,0.128829
2014-12-10,2014-11,-1,-0.143693,0.150226,-0.047133,0.128455
2014-12-10,2014-12,0,-0.080964,0.148164,-0.008116,0.128829
2014-12-11,2014-11,-1,-0.143693,0.150226,-0.047133,0.128455
2014-12-11,2014-12,0,-0.080964,0.148164,-0.008116,0.128829
2014-12-12,2014-11,-1,-0.143693,0.150226,-0.047133,0.128455
2014-12-12,2014-12,0,-0.080964,0.148164,-0.008116,0.128829
2014-12-15,2014-11,-1,-0.143693,0.150226,-0.047133,0.128455
2014-12-15,2014-12,0,-0.080964,0.148164,-0.008116,0.128829
2014-12-16,2014-11,-1,-0.143693,0.150226,-0.047133,0.128455
2014-12-16,2014-12,0,-0.175336,0.148164,-0.063855,0.128829
2014-12-17,2014-11,-1,,,-0.125252,0.069441
2014-12-17,2014-12,0,-0.18689,0.141569,-0.07264,0.123911
2014-12-18,2014-11,-1,,,-0.125252,0.069441
2014-12-18,2014-12,0,-0.18689,0.141569,-0.07264,0.123911
2014-12-19,2014-11,-1,,,-0.125252,0.069441
2014-12-19,2014-12,0,-0.18689,0.141569,-0.07264,0.123911
2014-12-22,2014-11,-1,,,-0.125252,0.069441
2014-12-22,2014-12,0,-0.18689,0.141569,-0.07264,0.123911
2014-12-23,2014-12,0,-0.295725,0.141569,-0.141506,0.116966
2014-12-24,2014-12,0,-0.295725,0.141569,-0.141506,0.116966
2014-12-26,2014-12,0,-0.295725,0.141569,-0.141506,0.116966
2014-12-29,2014-12,0,-0.295725,0.141569,-0.141506,0.116966
2014-12-30,2014-12,0,-0.395588,0.141569,-0.200539,0.116966
2014-12-31,2014-12,0,-0.395588,0.141569,-0.200539,0.116966
2015-01-02,2014-12,-1,-0.395588,0.141569,-0.200539,0.116966
2015-01-02,2015-01,0,-0.297676,0.144937,-0.142391,0.119992
2015-01-05,2014-12,-1,-0.395588,0.141569,-0.200539,0.116966
2015-01-05,2015-01,0,-0.297676,0.144937,-0.142391,0.119992
2015-01-06,2014-12,-1,-0.395588,0.141569,-0.200539,0.116966
2015-01-06,2015-01,0,-0.565556,0.144937,-0.300744,0.119992
2015-01-07,2014-12,-1,-0.395588,0.141569,-0.200539,0.116966
2015-01-07,2015-01,0,-0.565556,0.144937,-0.300744,0.119992
2015-01-08,2014-12,-1,-0.395588,0.141569,-0.200539,0.116966
2015-01-08,2015-01,0,-0.565556,0.144937,-0.300744,0.119992
2015-01-09,2014-12,-1,-0.395588,0.141569,-0.200539,0.116966
2015-01-09,2015-01,0,-0.565556,0.144937,-0.300744,0.119992
2015-01-12,2014-12,-1,-0.395588,0.141569,-0.200539,0.116966
2015-01-12,2015-01,0,-0.565556,0.144937,-0.300744,0.119992
2015-01-13,2014-12,-1,-0.395588,0.141569,-0.200539,0.116966
2015-01-13,2015-01,0,-0.637436,0.144937,-0.343235,0.119992
2015-01-14,2014-12,-1,-0.395588,0.141569,-0.200539,0.116966
2015-01-14,2015-01,0,-0.637436,0.144937,-0.343235,0.119992
2015-01-15,2014-12,-1,-0.395588,0.141569,-0.200539,0.116966
2015-01-15,2015-01,0,-0.637436,0.144937,-0.343235,0.119992
2015-01-16,2014-12,-1,,,-0.20557,0.015914
2015-01-16,2015-01,0,-0.590938,0.133383,-0.315974,0.111571
2015-01-20,2014-12,-1,,,-0.20557,0.015914
2015-01-20,2015-01,0,-0.590938,0.133383,-0.315974,0.111571
2015-01-21,2014-12,-1,,,-0.20557,0.015914
2015-01-21,2015-01,0,-0.657465,0.133383,-0.355146,0.111571
2015-01-22,2014-12,-1,,,-0.20557,0.015914
2015-01-22,2015-01,0,-0.657465,0.133383,-0.355146,0.111571
2015-01-23,2014-12,-1,,,-0.20557,0.015914
2015-01-23,2015-01,0,-0.657465,0.133383,-0.355146,0.111571
2015-01-26,2014-12,-1,,,-0.20557,0.015914
2015-01-26,2015-01,0,-0.657465,0.133383,-0.355146,0.111571
2015-01-27,2014-12,-1,,,-0.20557,0.015914
2015-01-27,2015-01,0,-0.701326,0.133383,-0.380972,0.111571
2015-01-28,2014-12,-1,,,-0.20557,0.015914
2015-01-28,2015-01,0,-0.701326,0.133383,-0.380972,0.111571
2015-01-29,2014-12,-1,,,-0.20557,0.015914
2015-01-29,2015-01,0,-0.701326,0.133383,-0.380972,0.111571
2015-01-30,2014-12,-1,,,-0.20557,0.015914
2015-01-30,2015-01,0,-0.701326,0.133383,-0.380972,0.111571
2015-02-02,2015-01,-1,-0.701326,0.133383,-0.394518,0.110242
2015-02-02,2015-02,0,-0.027088,0.13385,0.012757,0.111854
2015-02-03,2015-01,-1,-0.701326,0.133383,-0.394518,0.110242
2015-02-03,2015-02,0,-0.107227,0.13385,-0.035508,0.111854
2015-02-04,2015-01,-1,-0.701326,0.133383,-0.394518,0.110242
2015-02-04,2015-02,0,-0.107227,0.13385,-0.035508,0.111854
2015-02-05,2015-01,-1,-0.701326,0.133383,-0.394518,0.110242
2015-02-05,2015-02,0,-0.107227,0.13385,-0.035508,0.111854
2015-02-06,2015-01,-1,-0.701326,0.133383,-0.394518,0.110242
2015-02-06,2015-02,0,-0.107227,0.13385,-0.035508,0.111854
2015-02-09,2015-01,-1,-0.701326,0.133383,-0.394518,0.110242
2015-02-09,2015-02,0,-0.107227,0.13385,-0.035508,0.111854
2015-02-10,2015-01,-1,-0.701326,0.133383,-0.394518,0.110242
2015-02-10,2015-02,0,0.021249,0.13385,0.041868,0.111854
2015-02-11,2015-01,-1,-0.701326,0.133383,-0.394518,0.110242
2015-02-11,2015-02,0,0.021249,0.13385,0.041868,0.111854
2015-02-12,2015-01,-1,-0.701326,0.133383,-0.394518,0.110242
2015-02-12,2015-02,0,0.021249,0.13385,0.041868,0.111854
2015-02-13,2015-01,-1,-0.701326,0.133383,-0.394518,0.110242
2015-02-13,2015-02,0,0.021249,0.13385,0.041868,0.111854
2015-02-17,2015-01,-1,-0.701326,0.133383,-0.394518,0.110242
2015-02-17,2015-02,0,0.021249,0.13385,0.041868,0.111854
2015-02-18,2015-01,-1,-0.701326,0.133383,-0.394518,0.110242
2015-02-18,2015-02,0,0.121643,0.13385,0.102331,0.111854
2015-02-19,2015-01,-1,-0.701326,0.133383,-0.394518,0.110242
2015-02-19,2015-02,0,0.121643,0.13385,0.102331,0.111854
2015-02-20,2015-01,-1,-0.686287,0.133485,-0.38245,0.110242
2015-02-20,2015-02,0,0.135847,0.132125,0.113719,0.111854
2015-02-23,2015-01,-1,-0.686287,0.133485,-0.38245,0.110242
2015-02-23,2015-02,0,0.135847,0.132125,0.113719,0.111854
2015-02-24,2015-01,-1,-0.686287,0.133485,-0.38245,0.110242
2015-02-24,2015-02,0,0.215593,0.132125,0.161583,0.111854
2015-02-25,2015-01,-1,-0.686287,0.133485,-0.38245,0.110242
2015-02-25,2015-02,0,0.215593,0.132125,0.161583,0.111854
2015-02-26,2015-01,-1,,,-0.401642,0.139903
2015-02-26,2015-02,0,0.216519,0.135828,0.163354,0.114325
2015-02-27,2015-01,-1,,,-0.401642,0.139903
2015-02-27,2015-02,0,0.216519,0.135828,0.163354,0.114325
2015-03-02,2015-02,-1,0.216519,0.135828,0.154649,0.108136
2015-03-02,2015-03,0,0.101441,0.138354,0.086393,0.109033
2015-03-03,2015-02,-1,0.216519,0.135828,0.154649,0.108136
2015-03-03,2015-03,0,0.373202,0.138354,0.247534,0.109033
2015-03-04,2015-02,-1,0.216519,0.135828,0.154649,0.108136
2015-03-04,2015-03,0,0.373202,0.138354,0.247534,0.109033
2015-03-05,2015-02,-1,0.216519,0.135828,0.154649,0.108136
2015-03-05,2015-03,0,0.373202,0.138354,0.247534,0.109033
2015-03-06,2015-02,-1,0.216519,0.135828,0.154649,0.108136
2015-03-06,2015-03,0,0.373202,0.138354,0.247534,0.109033
2015-03-09,2015-02,-1,0.216519,0.135828,0.154649,0.108136
2015-03-09,2015-03,0,0.373202,0.138354,0.247534,0.109033
2015-03-10,2015-02,-1,0.216519,0.135828,0.154649,0.108136
2015-03-10,2015-03,0,0.387193,0.138354,0.25583,0.109033
2015-03-11,2015-02,-1,0.216519,0.135828,0.154649,0.108136
2015-03-11,2015-03,0,0.387193,0.138354,0.25583,0.109033
2015-03-12,2015-02,-1,0.216519,0.135828,0.154649,0.108136
2015-03-12,2015-03,0,0.387193,0.138354,0.25583,0.109033
2015-03-13,2015-02,-1,0.216519,0.135828,0.154649,0.108136
2015-03-13,2015-03,0,0.387193,0.138354,0.25583,0.109033
2015-03-16,2015-02,-1,0.216519,0.135828,0.154649,0.108136
2015-03-16,2015-03,0,0.387193,0.138354,0.25583,0.109033
2015-03-17,2015-02,-1,0.216519,0.135828,0.154649,0.108136
2015-03-17,2015-03,0,0.369871,0.138354,0.245559,0.109033
2015-03-18,2015-02,-1,0.216519,0.135828,0.154649,0.108136
2015-03-18,2015-03,0,0.369871,0.138354,0.245559,0.109033
2015-03-19,2015-02,-1,0.216519,0.135828,0.154649,0.108136
2015-03-19,2015-03,0,0.369871,0.138354,0.245559,0.109033
2015-03-20,2015-02,-1,0.216519,0.135828,0.154649,0.108136
2015-03-20,2015-03,0,0.369871,0.138354,0.245559,0.109033
2015-03-23,2015-02,-1,0.216519,0.135828,0.154649,0.108136
2015-03-23,2015-03,0,0.369871,0.138354,0.245559,0.109033
2015-03-24,2015-02,-1,,,0.162911,0.119406
2015-03-24,2015-03,0,0.355386,0.140098,0.243192,0.109972
2015-03-25,2015-02,-1,,,0.162911,0.119406
2015-03-25,2015-03,0,0.355386,0.140098,0.243192,0.109972
2015-03-26,2015-02,-1,,,0.162911,0.119406
2015-03-26,2015-03,0,0.355386,0.140098,0.243192,0.109972
2015-03-27,2015-02,-1,,,0.162911,0.119406
2015-03-27,2015-03,0,0.355386,0.140098,0.243192,0.109972
2015-03-30,2015-03,0,0.355386,0.140098,0.246648,0.113114
2015-03-31,2015-03,0,0.347845,0.140098,0.242022,0.113114
2015-04-01,2015-03,-1,0.347845,0.140098,0.242022,0.113114
2015-04-01,2015-04,0,-0.115801,0.137769,-0.043333,0.11077
2015-04-02,2015-03,-1,0.347845,0.140098,0.242022,0.113114
2015-04-02,2015-04,0,-0.03508,0.137769,0.006182,0.11077
2015-04-03,2015-03,-1,0.347845,0.140098,0.242022,0.113114
2015-04-03,2015-04,0,-0.03508,0.137769,0.006182,0.11077
2015-04-06,2015-03,-1,0.347845,0.140098,0.242022,0.113114
2015-04-06,2015-04,0,-0.031424,0.137769,0.008425,0.11077
2015-04-07,2015-03,-1,0.347845,0.140098,0.242022,0.113114
2015-04-07,2015-04,0,-0.031424,0.137769,0.008425,0.11077
2015-04-08,2015-03,-1,0.347845,0.140098,0.242022,0.113114
2015-04-08,2015-04,0,-0.031424,0.137769,0.008425,0.11077
2015-04-09,2015-03,-1,0.347845,0.140098,0.242022,0.113114
2015-04-09,2015-04,0,-0.031424,0.137769,0.008425,0.11077
2015-04-10,2015-03,-1,0.347845,0.140098,0.242022,0.113114
2015-04-10,2015-04,0,-0.031424,0.137769,0.008425,0.11077
2015-04-13,2015-03,-1,0.347845,0.140098,0.242022,0.113114
2015-04-13,2015-04,0,-0.031424,0.137769,0.008425,0.11077
2015-04-14,2015-03,-1,0.347845,0.140098,0.242022,0.113114
2015-04-14,2015-04,0,-0.035848,0.137769,0.005711,0.11077
2015-04-15,2015-03,-1,0.347845,0.140098,0.242022,0.113114
2015-04-15,2015-04,0,-0.035848,0.137769,0.005711,0.11077
2015-04-16,2015-03,-1,0.347845,0.140098,0.242022,0.113114
2015-04-16,2015-04,0,-0.035848,0.137769,0.005711,0.11077
2015-04-17,2015-03,-1,,,0.18234,0.169368
2015-04-17,2015-04,0,-0.031106,0.145033,0.010794,0.115458
2015-04-20,2015-03,-1,,,0.18234,0.169368
2015-04-20,2015-04,0,-0.031106,0.145033,0.010794,0.115458
2015-04-21,2015-03,-1,,,0.18234,0.169368
2015-04-21,2015-04,0,0.01088,0.145033,0.036157,0.115458
2015-04-22,2015-03,-1,,,0.18234,0.169368
2015-04-22,2015-04,0,0.01088,0.145033,0.036157,0.115458
2015-04-23,2015-03,-1,,,0.18234,0.169368
2015-04-23,2015-04,0,0.01088,0.145033,0.036157,0.115458
2015-04-24,2015-03,-1,,,0.18234,0.169368
2015-04-24,2015-04,0,0.01088,0.145033,0.036157,0.115458
2015-04-27,2015-03,-1,,,0.18234,0.169368
2015-04-27,2015-04,0,0.01088,0.145033,0.036157,0.115458
2015-04-28,2015-03,-1,,,0.18234,0.169368
2015-04-28,2015-04,0,0.068717,0.145033,0.071096,0.115458
2015-04-29,2015-03,-1,,,0.18234,0.169368
2015-04-29,2015-04,0,0.068717,0.145033,0.071096,0.115458
2015-04-30,2015-04,0,0.068717,0.145033,0.068379,0.111496
2015-05-01,2015-04,-1,0.068717,0.145033,0.068379,0.111496
2015-05-01,2015-05,0,0.262526,0.140638,0.179402,0.104752
2015-05-04,2015-04,-1,0.068717,0.145033,0.068379,0.111496
2015-05-04,2015-05,0,0.271192,0.140638,0.184558,0.104752
2015-05-05,2015-04,-1,0.068717,0.145033,0.068379,0.111496
2015-05-05,2015-05,0,0.460411,0.140638,0.297135,0.104752
2015-05-06,2015-04,-1,0.068717,0.145033,0.068379,0.111496
2015-05-06,2015-05,0,0.460411,0.140638,0.297135,0.104752
2015-05-07,2015-04,-1,0.068717,0.145033,0.068379,0.111496
2015-05-07,2015-05,0,0.460411,0.140638,0.297135,0.104752
2015-05-08,2015-04,-1,0.068717,0.145033,0.068379,0.111496
2015-05-08,2015-05,0,0.460411,0.140638,0.297135,0.104752
2015-05-11,2015-04,-1,0.068717,0.145033,0.068379,0.111496
2015-05-11,2015-05,0,0.460411,0.140638,0.297135,0.104752
2015-05-12,2015-04,-1,0.068717,0.145033,0.068379,0.111496
2015-05-12,2015-05,0,0.483471,0.140638,0.310854,0.104752
2015-05-13,2015-04,-1,0.068717,0.145033,0.068379,0.111496
2015-05-13,2015-05,0,0.483471,0.140638,0.310854,0.104752
2015-05-14,2015-04,-1,0.068717,0.145033,0.068379,0.111496
2015-05-14,2015-05,0,0.483471,0.140638,0.310854,0.104752
2015-05-15,2015-04,-1,0.068717,0.145033,0.068379,0.111496
2015-05-15,2015-05,0,0.483471,0.140638,0.310854,0.104752
2015-05-18,2015-04,-1,0.068717,0.145033,0.068379,0.111496
2015-05-18,2015-05,0,0.483471,0.140638,0.310854,0.104752
2015-05-19,2015-04,-1,0.068717,0.145033,0.068379,0.111496
2015-05-19,2015-05,0,0.520195,0.140638,0.332703,0.104752
2015-05-20,2015-04,-1,0.068717,0.145033,0.068379,0.111496
2015-05-20,2015-05,0,0.520195,0.140638,0.332703,0.104752
2015-05-21,2015-04,-1,0.068717,0.145033,0.068379,0.111496
2015-05-21,2015-05,0,0.520195,0.140638,0.332703,0.104752
2015-05-22,2015-04,-1,,,0.091171,0.183386
2015-05-22,2015-05,0,0.525005,0.149871,0.335482,0.110743
2015-05-26,2015-04,-1,,,0.091171,0.183386
2015-05-26,2015-05,0,0.525005,0.149871,0.335482,0.110743
2015-05-27,2015-04,-1,,,0.091171,0.183386
2015-05-27,2015-05,0,0.55617,0.149871,0.354119,0.110743
2015-05-28,2015-04,-1,,,0.091171,0.183386
2015-05-28,2015-05,0,0.55617,0.149871,0.354119,0.110743
2015-05-29,2015-04,-1,,,0.091171,0.183386
2015-05-29,2015-05,0,0.55617,0.149871,0.354119,0.110743
2015-06-01,2015-05,-1,0.55617,0.149871,0.338233,0.102757
2015-06-01,2015-06,0,0.063944,0.1431,0.045367,0.096248
2015-06-02,2015-05,-1,0.55617,0.149871,0.338233,0.102757
2015-06-02,2015-06,0,0.274781,0.1431,0.168241,0.096248
2015-06-03,2015-05,-1,0.55617,0.149871,0.338233,0.102757
2015-06-03,2015-06,0,0.274781,0.1431,0.168241,0.096248
2015-06-04,2015-05,-1,0.55617,0.149871,0.338233,0.102757
2015-06-04,2015-06,0,0.274781,0.1431,0.168241,0.096248
2015-06-05,2015-05,-1,0.55617,0.149871,0.338233,0.102757
2015-06-05,2015-06,0,0.274781,0.1431,0.168241,0.096248
2015-06-08,2015-05,-1,0.55617,0.149871,0.338233,0.102757
2015-06-08,2015-06,0,0.274781,0.1431,0.168241,0.096248
2015-06-09,2015-05,-1,0.55617,0.149871,0.338233,0.102757
2015-06-09,2015-06,0,0.274781,0.1431,0.168241,0.096248
2015-06-10,2015-05,-1,0.55617,0.149871,0.338233,0.102757
2015-06-10,2015-06,0,0.274781,0.1431,0.168241,0.096248
2015-06-11,2015-05,-1,0.55617,0.149871,0.338233,0.102757
2015-06-11,2015-06,0,0.274781,0.1431,0.168241,0.096248
2015-06-12,2015-05,-1,0.55617,0.149871,0.338233,0.102757
2015-06-12,2015-06,0,0.274781,0.1431,0.168241,0.096248
2015-06-15,2015-05,-1,0.55617,0.149871,0.338233,0.102757
2015-06-15,2015-06,0,0.274781,0.1431,0.168241,0.096248
2015-06-16,2015-05,-1,0.55617,0.149871,0.338233,0.102757
2015-06-16,2015-06,0,0.303323,0.1431,0.184875,0.096248
2015-06-17,2015-05,-1,0.55617,0.149871,0.338233,0.102757
2015-06-17,2015-06,0,0.303323,0.1431,0.184875,0.096248
2015-06-18,2015-05,-1,,,0.327026,0.108751
2015-06-18,2015-06,0,0.281421,0.142727,0.181496,0.096748
2015-06-19,2015-05,-1,,,0.327026,0.108751
2015-06-19,2015-06,0,0.281421,0.142727,0.181496,0.096748
2015-06-22,2015-05,-1,,,0.327026,0.108751
2015-06-22,2015-06,0,0.281421,0.142727,0.181496,0.096748
2015-06-23,2015-05,-1,,,0.327026,0.108751
2015-06-23,2015-06,0,0.286524,0.142727,0.1846,0.096748
2015-06-24,2015-05,-1,,,0.327026,0.108751
2015-06-24,2015-06,0,0.286524,0.142727,0.1846,0.096748
2015-06-25,2015-06,0,0.286524,0.142727,0.183303,0.102419
2015-06-26,2015-06,0,0.286524,0.142727,0.183303,0.102419
2015-06-29,2015-06,0,0.286524,0.142727,0.183303,0.102419
2015-06-30,2015-06,0,0.286598,0.142727,0.183346,0.102419
2015-07-01,2015-06,-1,0.286598,0.142727,0.183346,0.102419
2015-07-01,2015-07,0,0.025584,0.14319,0.025776,0.098235
2015-07-02,2015-06,-1,0.286598,0.142727,0.183346,0.102419
2015-07-02,2015-07,0,0.066522,0.14319,0.049693,0.098235
2015-07-03,2015-06,-1,0.286598,0.142727,0.183346,0.102419
2015-07-03,2015-07,0,0.066522,0.14319,0.049693,0.098235
2015-07-06,2015-06,-1,0.286598,0.142727,0.183346,0.102419
2015-07-06,2015-07,0,0.026959,0.14319,0.026579,0.098235
2015-07-07,2015-06,-1,0.286598,0.142727,0.183346,0.102419
2015-07-07,2015-07,0,0.16377,0.14319,0.106509,0.098235
2015-07-08,2015-06,-1,0.286598,0.142727,0.183346,0.102419
2015-07-08,2015-07,0,0.16377,0.14319,0.106509,0.098235
2015-07-09,2015-06,-1,0.286598,0.142727,0.183346,0.102419
2015-07-09,2015-07,0,0.16377,0.14319,0.106509,0.098235
2015-07-10,2015-06,-1,0.286598,0.142727,0.183346,0.102419
2015-07-10,2015-07,0,0.16377,0.14319,0.106509,0.098235
2015-07-13,2015-06,-1,0.286598,0.142727,0.183346,0.102419
2015-07-13,2015-07,0,0.16377,0.14319,0.106509,0.098235
2015-07-14,2015-06,-1,0.286598,0.142727,0.183346,0.102419
2015-07-14,2015-07,0,0.194962,0.14319,0.124732,0.098235
2015-07-15,2015-06,-1,0.286598,0.142727,0.183346,0.102419
2015-07-15,2015-07,0,0.194962,0.14319,0.124732,0.098235
2015-07-16,2015-06,-1,0.286598,0.142727,0.183346,0.102419
2015-07-16,2015-07,0,0.194962,0.14319,0.124732,0.098235
2015-07-17,2015-06,-1,,,0.238843,0.128988
2015-07-17,2015-07,0,0.197219,0.146222,0.129505,0.100449
2015-07-20,2015-06,-1,,,0.238843,0.128988
2015-07-20,2015-07,0,0.197219,0.146222,0.129505,0.100449
2015-07-21,2015-06,-1,,,0.238843,0.128988
2015-07-21,2015-07,0,0.19219,0.146222,0.126513,0.100449
2015-07-22,2015-06,-1,,,0.238843,0.128988
2015-07-22,2015-07,0,0.19219,0.146222,0.126513,0.100449
2015-07-23,2015-06,-1,,,0.238843,0.128988
2015-07-23,2015-07,0,0.19219,0.146222,0.126513,0.100449
2015-07-24,2015-06,-1,,,0.238843,0.128988
2015-07-24,2015-07,0,0.19219,0.146222,0.126513,0.100449
2015-07-27,2015-06,-1,,,0.238843,0.128988
2015-07-27,2015-07,0,0.19219,0.146222,0.126513,0.100449
2015-07-28,2015-06,-1,,,0.238843,0.128988
2015-07-28,2015-07,0,0.169922,0.146222,0.113262,0.100449
2015-07-29,2015-06,-1,,,0.238843,0.128988
2015-07-29,2015-07,0,0.169922,0.146222,0.113262,0.100449
2015-07-30,2015-06,-1,,,0.238843,0.128988
2015-07-30,2015-07,0,0.169922,0.146222,0.113262,0.100449
2015-07-31,2015-06,-1,,,0.238843,0.128988
2015-07-31,2015-07,0,0.169922,0.146222,0.113262,0.100449
2015-08-03,2015-07,-1,0.169922,0.146222,0.119713,0.106782
2015-08-03,2015-08,0,-0.110383,0.150248,-0.051695,0.104724
2015-08-04,2015-07,-1,0.169922,0.146222,0.119713,0.106782
2015-08-04,2015-08,0,0.002361,0.150248,0.015889,0.104724
2015-08-05,2015-07,-1,0.169922,0.146222,0.119713,0.106782
2015-08-05,2015-08,0,0.002361,0.150248,0.015889,0.104724
2015-08-06,2015-07,-1,0.169922,0.146222,0.119713,0.106782
2015-08-06,2015-08,0,0.002361,0.150248,0.015889,0.104724
2015-08-07,2015-07,-1,0.169922,0.146222,0.119713,0.106782
2015-08-07,2015-08,0,0.002361,0.150248,0.015889,0.104724
2015-08-10,2015-07,-1,0.169922,0.146222,0.119713,0.106782
2015-08-10,2015-08,0,0.002361,0.150248,0.015889,0.104724
2015-08-11,2015-07,-1,0.169922,0.146222,0.119713,0.106782
2015-08-11,2015-08,0,-0.040099,0.150248,-0.009563,0.104724
2015-08-12,2015-07,-1,0.169922,0.146222,0.119713,0.106782
2015-08-12,2015-08,0,-0.040099,0.150248,-0.009563,0.104724
2015-08-13,2015-07,-1,0.169922,0.146222,0.119713,0.106782
2015-08-13,2015-08,0,-0.040099,0.150248,-0.009563,0.104724
2015-08-14,2015-07,-1,0.169922,0.146222,0.119713,0.106782
2015-08-14,2015-08,0,-0.040099,0.150248,-0.009563,0.104724
2015-08-17,2015-07,-1,0.169922,0.146222,0.119713,0.106782
2015-08-17,2015-08,0,-0.040099,0.150248,-0.009563,0.104724
2015-08-18,2015-07,-1,0.169922,0.146222,0.119713,0.106782
2015-08-18,2015-08,0,-0.014431,0.150248,0.005823,0.104724
2015-08-19,2015-07,-1,,,0.110712,0.109228
2015-08-19,2015-08,0,-0.016153,0.149073,0.006681,0.104928
2015-08-20,2015-07,-1,,,0.110712,0.109228
2015-08-20,2015-08,0,-0.016153,0.149073,0.006681,0.104928
2015-08-21,2015-07,-1,,,0.110712,0.109228
2015-08-21,2015-08,0,-0.016153,0.149073,0.006681,0.104928
2015-08-24,2015-07,-1,,,0.110712,0.109228
2015-08-24,2015-08,0,-0.016153,0.149073,0.006681,0.104928
2015-08-25,2015-07,-1,,,0.110712,0.109228
2015-08-25,2015-08,0,-0.030974,0.149073,-0.00215,0.104928
2015-08-26,2015-07,-1,,,0.110712,0.109228
2015-08-26,2015-08,0,-0.030974,0.149073,-0.00215,0.104928
2015-08-27,2015-07,-1,,,0.110712,0.109228
2015-08-27,2015-08,0,-0.030974,0.149073,-0.00215,0.104928
2015-08-28,2015-08,0,-0.030974,0.149073,-0.004469,0.102377
2015-08-31,2015-08,0,-0.030974,0.149073,-0.00481,0.102377
2015-09-01,2015-08,-1,-0.075437,0.149073,-0.031277,0.102377
2015-09-01,2015-09,0,0.219988,0.157193,0.143852,0.106593
2015-09-02,2015-08,-1,-0.075437,0.149073,-0.031277,0.102377
2015-09-02,2015-09,0,0.089819,0.157193,0.066367,0.106593
2015-09-03,2015-08,-1,-0.075437,0.149073,-0.031277,0.102377
2015-09-03,2015-09,0,0.116086,0.157193,0.082003,0.106593
2015-09-04,2015-08,-1,-0.075437,0.149073,-0.031277,0.102377
2015-09-04,2015-09,0,0.126885,0.157193,0.088431,0.106593
2015-09-08,2015-08,-1,-0.075437,0.149073,-0.031277,0.102377
2015-09-08,2015-09,0,0.116962,0.157193,0.082524,0.106593
2015-09-09,2015-08,-1,-0.075437,0.149073,-0.031277,0.102377
2015-09-09,2015-09,0,-0.105353,0.157193,-0.049812,0.106593
2015-09-10,2015-08,-1,-0.075437,0.149073,-0.031277,0.102377
2015-09-10,2015-09,0,-0.105353,0.157193,-0.049812,0.106593
2015-09-11,2015-08,-1,-0.075437,0.149073,-0.031277,0.102377
2015-09-11,2015-09,0,-0.105353,0.157193,-0.049812,0.106593
2015-09-14,2015-08,-1,-0.075437,0.149073,-0.031277,0.102377
2015-09-14,2015-09,0,-0.105353,0.157193,-0.049812,0.106593
2015-09-15,2015-08,-1,-0.075437,0.149073,-0.031277,0.102377
2015-09-15,2015-09,0,-0.151562,0.157193,-0.077318,0.106593
2015-09-16,2015-08,-1,,,-0.02771,0.075065
2015-09-16,2015-09,0,-0.154033,0.150956,-0.077946,0.104317
2015-09-17,2015-08,-1,,,-0.02771,0.075065
2015-09-17,2015-09,0,-0.154033,0.150956,-0.077946,0.104317
2015-09-18,2015-08,-1,,,-0.02771,0.075065
2015-09-18,2015-09,0,-0.154033,0.150956,-0.077946,0.104317
2015-09-21,2015-08,-1,,,-0.02771,0.075065
2015-09-21,2015-09,0,-0.154033,0.150956,-0.077946,0.104317
2015-09-22,2015-08,-1,,,-0.02771,0.075065
2015-09-22,2015-09,0,-0.192497,0.150956,-0.100853,0.104317
2015-09-23,2015-08,-1,,,-0.02771,0.075065
2015-09-23,2015-09,0,-0.192497,0.150956,-0.100853,0.104317
2015-09-24,2015-08,-1,,,-0.02771,0.075065
2015-09-24,2015-09,0,-0.192497,0.150956,-0.100853,0.104317
2015-09-25,2015-08,-1,,,-0.02771,0.075065
2015-09-25,2015-09,0,-0.192497,0.150956,-0.100853,0.104317
2015-09-28,2015-09,0,-0.192497,0.150956,-0.097292,0.108185
2015-09-29,2015-09,0,-0.214369,0.150956,-0.110265,0.108185
2015-09-30,2015-09,0,-0.214369,0.150956,-0.110265,0.108185
2015-10-01,2015-09,-1,-0.214369,0.150956,-0.110265,0.108185
2015-10-01,2015-10,0,0.269715,0.151438,0.176515,0.107189
2015-10-02,2015-09,-1,-0.214369,0.150956,-0.110265,0.108185
2015-10-02,2015-10,0,0.258283,0.151438,0.169734,0.107189
2015-10-05,2015-09,-1,-0.214369,0.150956,-0.110265,0.108185
2015-10-05,2015-10,0,0.259077,0.151438,0.170205,0.107189
2015-10-06,2015-09,-1,-0.214369,0.150956,-0.110265,0.108185
2015-10-06,2015-10,0,0.209464,0.151438,0.140779,0.107189
2015-10-07,2015-09,-1,-0.214369,0.150956,-0.110265,0.108185
2015-10-07,2015-10,0,0.209464,0.151438,0.140779,0.107189
2015-10-08,2015-09,-1,-0.214369,0.150956,-0.110265,0.108185
2015-10-08,2015-10,0,0.209464,0.151438,0.140779,0.107189
2015-10-09,2015-09,-1,-0.214369,0.150956,-0.110265,0.108185
2015-10-09,2015-10,0,0.209464,0.151438,0.140779,0.107189
2015-10-12,2015-09,-1,-0.214369,0.150956,-0.110265,0.108185
2015-10-12,2015-10,0,0.209464,0.151438,0.140779,0.107189
2015-10-13,2015-09,-1,-0.214369,0.150956,-0.110265,0.108185
2015-10-13,2015-10,0,0.209464,0.151438,0.140779,0.107189
2015-10-14,2015-09,-1,-0.214369,0.150956,-0.110265,0.108185
2015-10-14,2015-10,0,0.223663,0.151438,0.149201,0.107189
2015-10-15,2015-09,-1,,,-0.081857,0.156067
2015-10-15,2015-10,0,0.233039,0.156473,0.157285,0.111179
2015-10-16,2015-09,-1,,,-0.081857,0.156067
2015-10-16,2015-10,0,0.233039,0.156473,0.157285,0.111179
2015-10-19,2015-09,-1,,,-0.081857,0.156067
2015-10-19,2015-10,0,0.233039,0.156473,0.157285,0.111179
2015-10-20,2015-09,-1,,,-0.081857,0.156067
2015-10-20,2015-10,0,0.205144,0.156473,0.14047,0.111179
2015-10-21,2015-09,-1,,,-0.081857,0.156067
2015-10-21,2015-10,0,0.205144,0.156473,0.14047,0.111179
2015-10-22,2015-09,-1,,,-0.081857,0.156067
2015-10-22,2015-10,0,0.205144,0.156473,0.14047,0.111179
2015-10-23,2015-09,-1,,,-0.081857,0.156067
2015-10-23,2015-10,0,0.205144,0.156473,0.14047,0.111179
2015-10-26,2015-09,-1,,,-0.081857,0.156067
2015-10-26,2015-10,0,0.205144,0.156473,0.14047,0.111179
2015-10-27,2015-09,-1,,,-0.081857,0.156067
2015-10-27,2015-10,0,0.170908,0.156473,0.119835,0.111179
2015-10-28,2015-09,-1,,,-0.081857,0.156067
2015-10-28,2015-10,0,0.170908,0.156473,0.119835,0.111179
2015-10-29,2015-09,-1,,,-0.081857,0.156067
2015-10-29,2015-10,0,0.170908,0.156473,0.119835,0.111179
2015-10-30,2015-10,0,0.170908,0.156473,0.117254,0.108589
2015-11-02,2015-10,-1,0.170908,0.156473,0.115857,0.108589
2015-11-02,2015-11,0,0.192776,0.15436,0.131409,0.109715
2015-11-03,2015-10,-1,0.170908,0.156473,0.115857,0.108589
2015-11-03,2015-11,0,0.044735,0.15436,0.043439,0.109715
2015-11-04,2015-10,-1,0.170908,0.156473,0.115857,0.108589
2015-11-04,2015-11,0,0.044735,0.15436,0.043439,0.109715
2015-11-05,2015-10,-1,0.170908,0.156473,0.115857,0.108589
2015-11-05,2015-11,0,0.044735,0.15436,0.043439,0.109715
2015-11-06,2015-10,-1,0.170908,0.156473,0.115857,0.108589
2015-11-06,2015-11,0,0.044735,0.15436,0.043439,0.109715
2015-11-09,2015-10,-1,0.170908,0.156473,0.115857,0.108589
2015-11-09,2015-11,0,0.044735,0.15436,0.043439,0.109715
2015-11-10,2015-10,-1,0.170908,0.156473,0.115857,0.108589
2015-11-10,2015-11,0,0.056069,0.15436,0.050173,0.109715
2015-11-12,2015-10,-1,0.170908,0.156473,0.115857,0.108589
2015-11-12,2015-11,0,0.056069,0.15436,0.050173,0.109715
2015-11-13,2015-10,-1,0.170908,0.156473,0.115857,0.108589
2015-11-13,2015-11,0,0.056069,0.15436,0.050173,0.109715
2015-11-16,2015-10,-1,0.170908,0.156473,0.115857,0.108589
2015-11-16,2015-11,0,0.056069,0.15436,0.050173,0.109715
2015-11-17,2015-10,-1,,,0.160586,0.150687
2015-11-17,2015-11,0,0.028441,0.158179,0.036278,0.113223
2015-11-18,2015-10,-1,,,0.160586,0.150687
2015-11-18,2015-11,0,0.028441,0.158179,0.036278,0.113223
2015-11-19,2015-10,-1,,,0.160586,0.150687
2015-11-19,2015-11,0,0.028441,0.158179,0.036278,0.113223
2015-11-20,2015-10,-1,,,0.160586,0.150687
2015-11-20,2015-11,0,0.028441,0.158179,0.036278,0.113223
2015-11-23,2015-10,-1,,,0.160586,0.150687
2015-11-23,2015-11,0,0.028441,0.158179,0.036278,0.113223
2015-11-24,2015-10,-1,,,0.160586,0.150687
2015-11-24,2015-11,0,-0.021508,0.158179,0.006297,0.113223
2015-11-25,2015-11,0,-0.021508,0.158179,0.000382,0.10621
2015-11-27,2015-11,0,-0.021508,0.158179,0.000382,0.10621
2015-11-30,2015-11,0,-0.021508,0.158179,0.000382,0.10621
2015-12-01,2015-11,-1,-0.062977,0.158179,-0.024416,0.10621
2015-12-01,2015-12,0,0.220712,0.164948,0.143603,0.10899
2015-12-02,2015-11,-1,-0.062977,0.158179,-0.024416,0.10621
2015-12-02,2015-12,0,0.212617,0.164948,0.138762,0.10899
2015-12-03,2015-11,-1,-0.062977,0.158179,-0.024416,0.10621
2015-12-03,2015-12,0,0.184284,0.164948,0.121819,0.10899
2015-12-04,2015-11,-1,-0.062977,0.158179,-0.024416,0.10621
2015-12-04,2015-12,0,0.19103,0.164948,0.125853,0.10899
2015-12-07,2015-11,-1,-0.062977,0.158179,-0.024416,0.10621
2015-12-07,2015-12,0,0.1871,0.164948,0.123503,0.10899
2015-12-08,2015-11,-1,-0.062977,0.158179,-0.024416,0.10621
2015-12-08,2015-12,0,0.021492,0.164948,0.02447,0.10899
2015-12-09,2015-11,-1,-0.062977,0.158179,-0.024416,0.10621
2015-12-09,2015-12,0,0.021492,0.164948,0.02447,0.10899
2015-12-10,2015-11,-1,-0.062977,0.158179,-0.024416,0.10621
2015-12-10,2015-12,0,0.021492,0.164948,0.02447,0.10899
2015-12-11,2015-11,-1,-0.062977,0.158179,-0.024416,0.10621
2015-12-11,2015-12,0,0.021492,0.164948,0.02447,0.10899
2015-12-14,2015-11,-1,-0.062977,0.158179,-0.024416,0.10621
2015-12-14,2015-12,0,0.021492,0.164948,0.02447,0.10899
2015-12-15,2015-11,-1,,,0.037053,0.130615
2015-12-15,2015-12,0,0.015254,0.16671,0.021063,0.111024
2015-12-16,2015-11,-1,,,0.037053,0.130615
2015-12-16,2015-12,0,0.015254,0.16671,0.021063,0.111024
2015-12-17,2015-11,-1,,,0.037053,0.130615
2015-12-17,2015-12,0,0.015254,0.16671,0.021063,0.111024
2015-12-18,2015-11,-1,,,0.037053,0.130615
2015-12-18,2015-12,0,0.015254,0.16671,0.021063,0.111024
2015-12-21,2015-11,-1,,,0.037053,0.130615
2015-12-21,2015-12,0,0.015254,0.16671,0.021063,0.111024
2015-12-22,2015-11,-1,,,0.037053,0.130615
2015-12-22,2015-12,0,0.004092,0.16671,0.014358,0.111024
2015-12-23,2015-12,0,0.004092,0.16671,0.013901,0.110004
2015-12-24,2015-12,0,0.004092,0.16671,0.013338,0.110004
2015-12-28,2015-12,0,0.004092,0.16671,0.013338,0.110004
2015-12-29,2015-12,0,0.004092,0.16671,0.013338,0.110004
2015-12-30,2015-12,0,0.002131,0.16671,0.012156,0.110004
2015-12-31,2015-12,0,0.002131,0.16671,0.012156,0.110004
2016-01-04,2015-12,-1,0.002131,0.16671,0.012156,0.110004
2016-01-04,2016-01,0,0.059798,0.175692,0.049887,0.117942
2016-01-05,2015-12,-1,0.002131,0.16671,0.012156,0.110004
2016-01-05,2016-01,0,0.034485,0.175692,0.034621,0.117942
2016-01-06,2015-12,-1,0.002131,0.16671,0.012156,0.110004
2016-01-06,2016-01,0,0.034485,0.175692,0.034621,0.117942
2016-01-07,2015-12,-1,0.002131,0.16671,0.012156,0.110004
2016-01-07,2016-01,0,0.034485,0.175692,0.034621,0.117942
2016-01-08,2015-12,-1,0.002131,0.16671,0.012156,0.110004
2016-01-08,2016-01,0,0.034485,0.175692,0.034621,0.117942
2016-01-11,2015-12,-1,0.002131,0.16671,0.012156,0.110004
2016-01-11,2016-01,0,0.034485,0.175692,0.034621,0.117942
2016-01-12,2015-12,-1,0.002131,0.16671,0.012156,0.110004
2016-01-12,2016-01,0,0.004912,0.175692,0.016786,0.117942
2016-01-13,2015-12,-1,0.002131,0.16671,0.012156,0.110004
2016-01-13,2016-01,0,0.004912,0.175692,0.016786,0.117942
2016-01-14,2015-12,-1,0.002131,0.16671,0.012156,0.110004
2016-01-14,2016-01,0,0.004912,0.175692,0.016786,0.117942
2016-01-15,2015-12,-1,0.002131,0.16671,0.012156,0.110004
2016-01-15,2016-01,0,0.004912,0.175692,0.016786,0.117942
2016-01-19,2015-12,-1,0.002131,0.16671,0.012156,0.110004
2016-01-19,2016-01,0,0.004912,0.175692,0.016786,0.117942
2016-01-20,2015-12,-1,,,-0.058028,0.099541
2016-01-20,2016-01,0,-0.069693,0.172415,-0.027236,0.11707
2016-01-21,2015-12,-1,,,-0.058028,0.099541
2016-01-21,2016-01,0,-0.069693,0.172415,-0.027236,0.11707
2016-01-22,2015-12,-1,,,-0.058028,0.099541
2016-01-22,2016-01,0,-0.069693,0.172415,-0.027236,0.11707
2016-01-25,2015-12,-1,,,-0.058028,0.099541
2016-01-25,2016-01,0,-0.069693,0.172415,-0.027236,0.11707
2016-01-26,2015-12,-1,,,-0.058028,0.099541
2016-01-26,2016-01,0,-0.127146,0.172415,-0.061605,0.11707
2016-01-27,2015-12,-1,,,-0.058028,0.099541
2016-01-27,2016-01,0,-0.127146,0.172415,-0.061605,0.11707
2016-01-28,2015-12,-1,,,-0.058028,0.099541
2016-01-28,2016-01,0,-0.127146,0.172415,-0.061605,0.11707
2016-01-29,2015-12,-1,,,-0.058028,0.099541
2016-01-29,2016-01,0,-0.127146,0.172415,-0.061605,0.11707
2016-02-01,2016-01,-1,-0.127146,0.172415,-0.059395,0.116811
2016-02-01,2016-02,0,0.194886,0.171957,0.138054,0.122399
2016-02-02,2016-01,-1,-0.127146,0.172415,-0.059395,0.116811
2016-02-02,2016-02,0,-0.225116,0.171957,-0.110778,0.122399
2016-02-03,2016-01,-1,-0.127146,0.172415,-0.059395,0.116811
2016-02-03,2016-02,0,-0.225116,0.171957,-0.110778,0.122399
2016-02-04,2016-01,-1,-0.127146,0.172415,-0.059395,0.116811
2016-02-04,2016-02,0,-0.225116,0.171957,-0.110778,0.122399
2016-02-05,2016-01,-1,-0.127146,0.172415,-0.059395,0.116811
2016-02-05,2016-02,0,-0.225116,0.171957,-0.110778,0.122399
2016-02-08,2016-01,-1,-0.127146,0.172415,-0.059395,0.116811
2016-02-08,2016-02,0,-0.225116,0.171957,-0.110778,0.122399
2016-02-09,2016-01,-1,-0.127146,0.172415,-0.059395,0.116811
2016-02-09,2016-02,0,-0.286003,0.171957,-0.14685,0.122399
2016-02-10,2016-01,-1,-0.127146,0.172415,-0.059395,0.116811
2016-02-10,2016-02,0,-0.286003,0.171957,-0.14685,0.122399
2016-02-11,2016-01,-1,-0.127146,0.172415,-0.059395,0.116811
2016-02-11,2016-02,0,-0.286003,0.171957,-0.14685,0.122399
2016-02-12,2016-01,-1,-0.127146,0.172415,-0.059395,0.116811
2016-02-12,2016-02,0,-0.286003,0.171957,-0.14685,0.122399
2016-02-16,2016-01,-1,-0.127146,0.172415,-0.059395,0.116811
2016-02-16,2016-02,0,-0.286003,0.171957,-0.14685,0.122399
2016-02-17,2016-01,-1,-0.06303,0.172813,-0.034946,0.116811
2016-02-17,2016-02,0,-0.325124,0.172844,-0.208376,0.122399
2016-02-18,2016-01,-1,-0.06303,0.172813,-0.034946,0.116811
2016-02-18,2016-02,0,-0.325124,0.172844,-0.208376,0.122399
2016-02-19,2016-01,-1,,,0.034432,0.206969
2016-02-19,2016-02,0,-0.319005,0.182845,-0.203421,0.129912
2016-02-22,2016-01,-1,,,0.034432,0.206969
2016-02-22,2016-02,0,-0.319005,0.182845,-0.203421,0.129912
2016-02-23,2016-01,-1,,,0.034432,0.206969
2016-02-23,2016-02,0,-0.338187,0.182845,-0.216669,0.129912
2016-02-24,2016-01,-1,,,0.034432,0.206969
2016-02-24,2016-02,0,-0.338187,0.182845,-0.216669,0.129912
2016-02-25,2016-01,-1,,,0.034432,0.206969
2016-02-25,2016-02,0,-0.338187,0.182845,-0.216669,0.129912
2016-02-26,2016-02,0,-0.338187,0.182845,-0.199162,0.138397
2016-02-29,2016-02,0,-0.338187,0.182845,-0.201466,0.138397
2016-03-01,2016-02,-1,-0.331281,0.182845,-0.19673,0.138397
2016-03-01,2016-03,0,0.097603,0.184571,0.096863,0.138955
2016-03-02,2016-02,-1,-0.331281,0.182845,-0.19673,0.138397
2016-03-02,2016-03,0,0.0956,0.184571,0.09549,0.138955
2016-03-03,2016-02,-1,-0.331281,0.182845,-0.19673,0.138397
2016-03-03,2016-03,0,0.103011,0.184571,0.100572,0.138955
2016-03-04,2016-02,-1,-0.331281,0.182845,-0.19673,0.138397
2016-03-04,2016-03,0,0.107084,0.184571,0.103365,0.138955
2016-03-07,2016-02,-1,-0.331281,0.182845,-0.19673,0.138397
2016-03-07,2016-03,0,0.127649,0.184571,0.117467,0.138955
2016-03-08,2016-02,-1,-0.331281,0.182845,-0.19673,0.138397
2016-03-08,2016-03,0,-0.025022,0.184571,0.012776,0.138955
2016-03-09,2016-02,-1,-0.331281,0.182845,-0.19673,0.138397
2016-03-09,2016-03,0,-0.025022,0.184571,0.012776,0.138955
2016-03-10,2016-02,-1,-0.331281,0.182845,-0.19673,0.138397
2016-03-10,2016-03,0,-0.025022,0.184571,0.012776,0.138955
2016-03-11,2016-02,-1,-0.331281,0.182845,-0.19673,0.138397
2016-03-11,2016-03,0,-0.025022,0.184571,0.012776,0.138955
2016-03-14,2016-02,-1,-0.331281,0.182845,-0.19673,0.138397
2016-03-14,2016-03,0,-0.025022,0.184571,0.012776,0.138955
2016-03-15,2016-02,-1,-0.331281,0.182845,-0.19673,0.138397
2016-03-15,2016-03,0,0.095348,0.184571,0.095317,0.138955
2016-03-16,2016-02,-1,,,-0.11009,0.218269
2016-03-16,2016-03,0,0.106955,0.192883,0.103045,0.145612
2016-03-17,2016-02,-1,,,-0.11009,0.218269
2016-03-17,2016-03,0,0.106955,0.192883,0.103045,0.145612
2016-03-18,2016-02,-1,,,-0.11009,0.218269
2016-03-18,2016-03,0,0.106955,0.192883,0.103045,0.145612
2016-03-21,2016-02,-1,,,-0.11009,0.218269
2016-03-21,2016-03,0,0.106955,0.192883,0.103045,0.145612
2016-03-22,2016-02,-1,,,-0.11009,0.218269
2016-03-22,2016-03,0,0.177366,0.192883,0.152669,0.145612
2016-03-23,2016-02,-1,,,-0.11009,0.218269
2016-03-23,2016-03,0,0.177366,0.192883,0.152669,0.145612
2016-03-24,2016-02,-1,,,-0.11009,0.218269
2016-03-24,2016-03,0,0.177366,0.192883,0.152669,0.145612
2016-03-25,2016-02,-1,,,-0.11009,0.218269
2016-03-25,2016-03,0,0.177366,0.192883,0.152669,0.145612
2016-03-28,2016-03,0,0.177366,0.192883,0.14441,0.138671
2016-03-29,2016-03,0,0.242323,0.192883,0.188018,0.138671
2016-03-30,2016-03,0,0.242323,0.192883,0.188018,0.138671
2016-03-31,2016-03,0,0.242323,0.192883,0.188018,0.138671
2016-04-01,2016-03,-1,0.242323,0.192883,0.188018,0.138671
2016-04-01,2016-04,0,0.179847,0.19186,0.141218,0.133366
2016-04-04,2016-03,-1,0.242323,0.192883,0.188018,0.138671
2016-04-04,2016-04,0,0.127369,0.19186,0.105988,0.133366
2016-04-05,2016-03,-1,0.242323,0.192883,0.188018,0.138671
2016-04-05,2016-04,0,0.292934,0.19186,0.217137,0.133366
2016-04-06,2016-03,-1,0.242323,0.192883,0.188018,0.138671
2016-04-06,2016-04,0,0.292934,0.19186,0.217137,0.133366
2016-04-07,2016-03,-1,0.242323,0.192883,0.188018,0.138671
2016-04-07,2016-04,0,0.292934,0.19186,0.217137,0.133366
2016-04-08,2016-03,-1,0.242323,0.192883,0.188018,0.138671
2016-04-08,2016-04,0,0.292934,0.19186,0.217137,0.133366
2016-04-11,2016-03,-1,0.242323,0.192883,0.188018,0.138671
2016-04-11,2016-04,0,0.292934,0.19186,0.217137,0.133366
2016-04-12,2016-03,-1,0.242323,0.192883,0.188018,0.138671
2016-04-12,2016-04,0,0.282176,0.19186,0.209915,0.133366
2016-04-13,2016-03,-1,0.242323,0.192883,0.188018,0.138671
2016-04-13,2016-04,0,0.282176,0.19186,0.209915,0.133366
2016-04-14,2016-03,-1,,,0.09243,0.058373
2016-04-14,2016-04,0,0.26948,0.181547,0.203223,0.126674
2016-04-15,2016-03,-1,,,0.09243,0.058373
2016-04-15,2016-04,0,0.26948,0.181547,0.203223,0.126674
2016-04-18,2016-03,-1,,,0.09243,0.058373
2016-04-18,2016-04,0,0.26948,0.181547,0.203223,0.126674
2016-04-19,2016-03,-1,,,0.09243,0.058373
2016-04-19,2016-04,0,0.306036,0.181547,0.228087,0.126674
2016-04-20,2016-03,-1,,,0.09243,0.058373
2016-04-20,2016-04,0,0.306036,0.181547,0.228087,0.126674
2016-04-21,2016-03,-1,,,0.09243,0.058373
2016-04-21,2016-04,0,0.306036,0.181547,0.228087,0.126674
2016-04-22,2016-03,-1,,,0.09243,0.058373
2016-04-22,2016-04,0,0.306036,0.181547,0.228087,0.126674
2016-04-25,2016-03,-1,,,0.09243,0.058373
2016-04-25,2016-04,0,0.306036,0.181547,0.228087,0.126674
2016-04-26,2016-03,-1,,,0.09243,0.058373
2016-04-26,2016-04,0,0.335551,0.181547,0.248161,0.126674
2016-04-27,2016-03,-1,,,0.09243,0.058373
2016-04-27,2016-04,0,0.335551,0.181547,0.248161,0.126674
2016-04-28,2016-03,-1,,,0.09243,0.058373
2016-04-28,2016-04,0,0.335551,0.181547,0.248161,0.126674
2016-04-29,2016-04,0,0.335551,0.181547,0.246541,0.129353
2016-05-02,2016-04,-1,0.335551,0.181547,0.246541,0.129353
2016-05-02,2016-05,0,0.170428,0.176084,0.137085,0.127053
2016-05-03,2016-04,-1,0.335551,0.181547,0.246541,0.129353
2016-05-03,2016-05,0,0.209743,0.176084,0.163608,0.127053
2016-05-04,2016-04,-1,0.335551,0.181547,0.246541,0.129353
2016-05-04,2016-05,0,0.209743,0.176084,0.163608,0.127053
2016-05-05,2016-04,-1,0.335551,0.181547,0.246541,0.129353
2016-05-05,2016-05,0,0.209743,0.176084,0.163608,0.127053
2016-05-06,2016-04,-1,0.335551,0.181547,0.246541,0.129353
2016-05-06,2016-05,0,0.209743,0.176084,0.163608,0.127053
2016-05-09,2016-04,-1,0.335551,0.181547,0.246541,0.129353
2016-05-09,2016-05,0,0.209743,0.176084,0.163608,0.127053
2016-05-10,2016-04,-1,0.335551,0.181547,0.246541,0.129353
2016-05-10,2016-05,0,0.195461,0.176084,0.153973,0.127053
2016-05-11,2016-04,-1,0.335551,0.181547,0.246541,0.129353
2016-05-11,2016-05,0,0.195461,0.176084,0.153973,0.127053
2016-05-12,2016-04,-1,0.335551,0.181547,0.246541,0.129353
2016-05-12,2016-05,0,0.195461,0.176084,0.153973,0.127053
2016-05-13,2016-04,-1,0.335551,0.181547,0.246541,0.129353
2016-05-13,2016-05,0,0.195461,0.176084,0.153973,0.127053
2016-05-16,2016-04,-1,0.335551,0.181547,0.246541,0.129353
2016-05-16,2016-05,0,0.195461,0.176084,0.153973,0.127053
2016-05-17,2016-04,-1,,,0.334439,0.144359
2016-05-17,2016-05,0,0.209917,0.177175,0.169226,0.128304
2016-05-18,2016-04,-1,,,0.334439,0.144359
2016-05-18,2016-05,0,0.209917,0.177175,0.169226,0.128304
2016-05-19,2016-04,-1,,,0.334439,0.144359
2016-05-19,2016-05,0,0.209917,0.177175,0.169226,0.128304
2016-05-20,2016-04,-1,,,0.334439,0.144359
2016-05-20,2016-05,0,0.209917,0.177175,0.169226,0.128304
2016-05-23,2016-04,-1,,,0.334439,0.144359
2016-05-23,2016-05,0,0.209917,0.177175,0.169226,0.128304
2016-05-24,2016-04,-1,,,0.334439,0.144359
2016-05-24,2016-05,0,0.237982,0.177175,0.188476,0.128304
2016-05-25,2016-04,-1,,,0.334439,0.144359
2016-05-25,2016-05,0,0.237982,0.177175,0.188476,0.128304
2016-05-26,2016-04,-1,,,0.334439,0.144359
2016-05-26,2016-05,0,0.237982,0.177175,0.188476,0.128304
2016-05-27,2016-04,-1,,,0.334439,0.144359
2016-05-27,2016-05,0,0.237982,0.177175,0.188476,0.128304
2016-05-31,2016-05,0,0.237982,0.177175,0.188308,0.132766
2016-06-01,2016-05,-1,0.267472,0.177175,0.208112,0.132766
2016-06-01,2016-06,0,0.168117,0.182274,0.139359,0.133826
2016-06-02,2016-05,-1,0.267472,0.177175,0.208112,0.132766
2016-06-02,2016-06,0,0.174841,0.182274,0.143874,0.133826
2016-06-03,2016-05,-1,0.267472,0.177175,0.208112,0.132766
2016-06-03,2016-06,0,0.177402,0.182274,0.145594,0.133826
2016-06-06,2016-05,-1,0.267472,0.177175,0.208112,0.132766
2016-06-06,2016-06,0,0.177509,0.182274,0.145666,0.133826
2016-06-07,2016-05,-1,0.267472,0.177175,0.208112,0.132766
2016-06-07,2016-06,0,0.284096,0.182274,0.217246,0.133826
2016-06-08,2016-05,-1,0.267472,0.177175,0.208112,0.132766
2016-06-08,2016-06,0,0.284096,0.182274,0.217246,0.133826
2016-06-09,2016-05,-1,0.267472,0.177175,0.208112,0.132766
2016-06-09,2016-06,0,0.284096,0.182274,0.217246,0.133826
2016-06-10,2016-05,-1,0.267472,0.177175,0.208112,0.132766
2016-06-10,2016-06,0,0.284096,0.182274,0.217246,0.133826
2016-06-13,2016-05,-1,0.267472,0.177175,0.208112,0.132766
2016-06-13,2016-06,0,0.284096,0.182274,0.217246,0.133826
2016-06-14,2016-05,-1,0.267472,0.177175,0.208112,0.132766
2016-06-14,2016-06,0,0.297676,0.182274,0.226365,0.133826
2016-06-15,2016-05,-1,0.267472,0.177175,0.208112,0.132766
2016-06-15,2016-06,0,0.297676,0.182274,0.226365,0.133826
2016-06-16,2016-05,-1,,,0.187268,0.151839
2016-06-16,2016-06,0,0.296997,0.184407,0.222504,0.135415
2016-06-17,2016-05,-1,,,0.187268,0.151839
2016-06-17,2016-06,0,0.296997,0.184407,0.222504,0.135415
2016-06-20,2016-05,-1,,,0.187268,0.151839
2016-06-20,2016-06,0,0.296997,0.184407,0.222504,0.135415
2016-06-21,2016-05,-1,,,0.187268,0.151839
2016-06-21,2016-06,0,0.277982,0.184407,0.209798,0.135415
2016-06-22,2016-05,-1,,,0.187268,0.151839
2016-06-22,2016-06,0,0.277982,0.184407,0.209798,0.135415
2016-06-23,2016-05,-1,,,0.187268,0.151839
2016-06-23,2016-06,0,0.277982,0.184407,0.209798,0.135415
2016-06-24,2016-05,-1,,,0.187268,0.151839
2016-06-24,2016-06,0,0.277982,0.184407,0.209798,0.135415
2016-06-27,2016-05,-1,,,0.187268,0.151839
2016-06-27,2016-06,0,0.277982,0.184407,0.209798,0.135415
2016-06-28,2016-05,-1,,,0.187268,0.151839
2016-06-28,2016-06,0,0.259235,0.184407,0.197271,0.135415
2016-06-29,2016-06,0,0.259235,0.184407,0.192938,0.133882
2016-06-30,2016-06,0,0.259235,0.184407,0.192938,0.133882
2016-07-01,2016-06,-1,0.259235,0.184407,0.192938,0.133882
2016-07-01,2016-07,0,0.138672,0.185396,0.111881,0.132683
2016-07-05,2016-06,-1,0.259235,0.184407,0.192938,0.133882
2016-07-05,2016-07,0,0.155494,0.185396,0.123015,0.132683
2016-07-06,2016-06,-1,0.259235,0.184407,0.192938,0.133882
2016-07-06,2016-07,0,0.053573,0.185396,0.055561,0.132683
2016-07-07,2016-06,-1,0.259235,0.184407,0.192938,0.133882
2016-07-07,2016-07,0,0.053573,0.185396,0.055561,0.132683
2016-07-08,2016-06,-1,0.259235,0.184407,0.192938,0.133882
2016-07-08,2016-07,0,0.053573,0.185396,0.055561,0.132683
2016-07-11,2016-06,-1,0.259235,0.184407,0.192938,0.133882
2016-07-11,2016-07,0,0.053573,0.185396,0.055561,0.132683
2016-07-12,2016-06,-1,0.259235,0.184407,0.192938,0.133882
2016-07-12,2016-07,0,0.025002,0.185396,0.036652,0.132683
2016-07-13,2016-06,-1,0.259235,0.184407,0.192938,0.133882
2016-07-13,2016-07,0,0.025002,0.185396,0.036652,0.132683
2016-07-14,2016-06,-1,0.259235,0.184407,0.192938,0.133882
2016-07-14,2016-07,0,0.025002,0.185396,0.036652,0.132683
2016-07-15,2016-06,-1,,,0.178386,0.125182
2016-07-15,2016-07,0,0.022682,0.184228,0.034869,0.131957
2016-07-18,2016-06,-1,,,0.178386,0.125182
2016-07-18,2016-07,0,0.022682,0.184228,0.034869,0.131957
2016-07-19,2016-06,-1,,,0.178386,0.125182
2016-07-19,2016-07,0,0.001205,0.184228,0.020672,0.131957
2016-07-20,2016-06,-1,,,0.178386,0.125182
2016-07-20,2016-07,0,0.001205,0.184228,0.020672,0.131957
2016-07-21,2016-06,-1,,,0.178386,0.125182
2016-07-21,2016-07,0,0.001205,0.184228,0.020672,0.131957
2016-07-22,2016-06,-1,,,0.178386,0.125182
2016-07-22,2016-07,0,0.001205,0.184228,0.020672,0.131957
2016-07-25,2016-06,-1,,,0.178386,0.125182
2016-07-25,2016-07,0,0.001205,0.184228,0.020672,0.131957
2016-07-26,2016-06,-1,,,0.178386,0.125182
2016-07-26,2016-07,0,-0.027776,0.184228,0.001515,0.131957
2016-07-27,2016-06,-1,,,0.178386,0.125182
2016-07-27,2016-07,0,-0.027776,0.184228,0.001515,0.131957
2016-07-28,2016-06,-1,,,0.178386,0.125182
2016-07-28,2016-07,0,-0.027776,0.184228,0.001515,0.131957
2016-07-29,2016-06,-1,,,0.178386,0.125182
2016-07-29,2016-07,0,-0.027776,0.184228,0.001515,0.131957
2016-08-01,2016-06,-2,,,0.178386,0.125182
2016-08-01,2016-07,-1,-0.027776,0.184228,0.001515,0.131957
2016-08-01,2016-08,0,0.076249,0.186672,0.071138,0.135642
2016-08-02,2016-07,-1,-0.027776,0.184228,0.0059,0.129883
2016-08-02,2016-08,0,0.048464,0.186672,0.049879,0.131576
2016-08-03,2016-07,-1,-0.027776,0.184228,0.0059,0.129883
2016-08-03,2016-08,0,0.048464,0.186672,0.049879,0.131576
2016-08-04,2016-07,-1,-0.027776,0.184228,0.0059,0.129883
2016-08-04,2016-08,0,0.048464,0.186672,0.049879,0.131576
2016-08-05,2016-07,-1,-0.027776,0.184228,0.0059,0.129883
2016-08-05,2016-08,0,0.048464,0.186672,0.049879,0.131576
2016-08-08,2016-07,-1,-0.027776,0.184228,0.0059,0.129883
2016-08-08,2016-08,0,0.048464,0.186672,0.049879,0.131576
2016-08-09,2016-07,-1,-0.027776,0.184228,0.0059,0.129883
2016-08-09,2016-08,0,0.039481,0.186672,0.044581,0.131576
2016-08-10,2016-07,-1,-0.027776,0.184228,0.0059,0.129883
2016-08-10,2016-08,0,0.039481,0.186672,0.044581,0.131576
2016-08-11,2016-07,-1,-0.027776,0.184228,0.0059,0.129883
2016-08-11,2016-08,0,0.039481,0.186672,0.044581,0.131576
2016-08-12,2016-07,-1,-0.027776,0.184228,0.0059,0.129883
2016-08-12,2016-08,0,0.039481,0.186672,0.044581,0.131576
2016-08-15,2016-07,-1,-0.027776,0.184228,0.0059,0.129883
2016-08-15,2016-08,0,0.039481,0.186672,0.044581,0.131576
2016-08-16,2016-07,-1,,,-0.007444,0.071687
2016-08-16,2016-08,0,0.031192,0.17866,0.039628,0.126727
2016-08-17,2016-07,-1,,,-0.0074435302,0.0716874967
2016-08-17,2016-08,0,0.0311922646,0.1786597704,0.0396277891,0.12672681
2016-08-18,2016-07,-1,,,-0.0074435302,0.0716874967
2016-08-18,2016-08,0,0.0311922646,0.1786597704,0.0396277891,0.12672681
2016-08-19,2016-07,-1,,,-0.0074435302,0.0716874967
2016-08-19,2016-08,0,0.0311922646,0.1786597704,0.0396277891,0.12672681
2016-08-22,2016-07,-1,,,-0.0074435302,0.0716874967
2016-08-22,2016-08,0,0.0311922646,0.1786597704,0.0396277891,0.12672681
2016-08-23,2016-07,-1,,,-0.0074435302,0.0716874967
2016-08-23,2016-08,0,0.0470330148,0.1786597704,0.0490241362,0.12672681
2016-08-24,2016-07,-1,,,-0.0074435302,0.0716874967
2016-08-24,2016-08,0,0.0470330148,0.1786597704,0.0490241362,0.12672681
2016-08-25,2016-07,-1,,,-0.0074435302,0.0716874967
2016-08-25,2016-08,0,0.0470330148,0.1786597704,0.0490241362,0.12672681
2016-08-26,2016-07,-1,,,-0.0074435302,0.0716874967
2016-08-26,2016-08,0,0.0470330148,0.1786597704,0.0490241362,0.12672681
2016-08-29,2016-08,0,0.0470330148,0.1786597704,0.0520441958,0.1301176563
2016-08-30,2016-08,0,0.0700692244,0.1786597704,0.0657218945,0.1301176563
2016-08-31,2016-08,0,0.0700692244,0.1786597704,0.0657218945,0.1301176563
2016-09-01,2016-08,-1,0.0700692244,0.1786597704,0.0657218945,0.1301176563
2016-09-01,2016-09,0,0.2240323387,0.1836153385,0.1574452392,0.1325242463
2016-09-02,2016-08,-1,0.0700692244,0.1786597704,0.0657218945,0.1301176563
2016-09-02,2016-09,0,0.1805637875,0.1836153385,0.1316358827,0.1325242463
2016-09-06,2016-08,-1,0.0700692244,0.1786597704,0.0657218945,0.1301176563
2016-09-06,2016-09,0,0.2141883157,0.1836153385,0.1516003722,0.1325242463
2016-09-07,2016-08,-1,0.0700692244,0.1786597704,0.0657218945,0.1301176563
2016-09-07,2016-09,0,0.2737775791,0.1836153385,0.1869813662,0.1325242463
2016-09-08,2016-08,-1,0.0700692244,0.1786597704,0.0657218945,0.1301176563
2016-09-08,2016-09,0,0.2737775791,0.1836153385,0.1869813662,0.1325242463
2016-09-09,2016-08,-1,0.0700692244,0.1786597704,0.0657218945,0.1301176563
2016-09-09,2016-09,0,0.2737775791,0.1836153385,0.1869813662,0.1325242463
2016-09-12,2016-08,-1,0.0700692244,0.1786597704,0.0657218945,0.1301176563
2016-09-12,2016-09,0,0.2737775791,0.1836153385,0.1869813662,0.1325242463
2016-09-13,2016-08,-1,0.0700692244,0.1786597704,0.0657218945,0.1301176563
2016-09-13,2016-09,0,0.2580637015,0.1836153385,0.1776512859,0.1325242463
2016-09-14,2016-08,-1,0.0700692244,0.1786597704,0.0657218945,0.1301176563
2016-09-14,2016-09,0,0.2580637015,0.1836153385,0.1776512859,0.1325242463
2016-09-15,2016-08,-1,0.0700692244,0.1786597704,0.0657218945,0.1301176563
2016-09-15,2016-09,0,0.2580637015,0.1836153385,0.1776512859,0.1325242463
2016-09-16,2016-08,-1,,,0.1490849461,0.178684204
2016-09-16,2016-09,0,0.267996324,0.1897527006,0.1835731997,0.1365714586
2016-09-19,2016-08,-1,,,0.1490849461,0.178684204
2016-09-19,2016-09,0,0.267996324,0.1897527006,0.1835731997,0.1365714586
2016-09-20,2016-08,-1,,,0.1490849461,0.178684204
2016-09-20,2016-09,0,0.275452194,0.1897527006,0.1879851327,0.1365714586
2016-09-21,2016-08,-1,,,0.1490849461,0.178684204
2016-09-21,2016-09,0,0.275452194,0.1897527006,0.1879851327,0.1365714586
2016-09-22,2016-08,-1,,,0.1490849461,0.178684204
2016-09-22,2016-09,0,0.275452194,0.1897527006,0.1879851327,0.1365714586
2016-09-23,2016-08,-1,,,0.1490849461,0.178684204
2016-09-23,2016-09,0,0.275452194,0.1897527006,0.1879851327,0.1365714586
2016-09-26,2016-08,-1,,,0.1490849461,0.178684204
2016-09-26,2016-09,0,0.275452194,0.1897527006,0.1879851327,0.1365714586
2016-09-27,2016-08,-1,,,0.1490849461,0.178684204
2016-09-27,2016-09,0,0.2795943441,0.1897527006,0.1904362066,0.1365714586
2016-09-28,2016-08,-1,,,0.1490849461,0.178684204
2016-09-28,2016-09,0,0.2795943441,0.1897527006,0.1904362066,0.1365714586
2016-09-29,2016-08,-1,,,0.1490849461,0.178684204
2016-09-29,2016-09,0,0.2795943441,0.1897527006,0.1904362066,0.1365714586
2016-09-30,2016-09,0,0.2795943441,0.1897527006,0.1934403159,0.1397866644
2016-10-03,2016-09,-1,0.2795943441,0.1897527006,0.1934403159,0.1397866644
2016-10-03,2016-10,0,0.3931719579,0.1893967274,0.2619365284,0.1392870621
2016-10-04,2016-09,-1,0.2795943441,0.1897527006,0.1934403159,0.1397866644
2016-10-04,2016-10,0,0.3323316327,0.1893967274,0.225949002,0.1392870621
2016-10-05,2016-09,-1,0.2795943441,0.1897527006,0.1934403159,0.1397866644
2016-10-05,2016-10,0,0.3323316327,0.1893967274,0.225949002,0.1392870621
2016-10-06,2016-09,-1,0.2795943441,0.1897527006,0.1934403159,0.1397866644
2016-10-06,2016-10,0,0.3323316327,0.1893967274,0.225949002,0.1392870621
2016-10-07,2016-09,-1,0.2795943441,0.1897527006,0.1934403159,0.1397866644
2016-10-07,2016-10,0,0.3323316327,0.1893967274,0.225949002,0.1392870621
2016-10-11,2016-09,-1,0.2795943441,0.1897527006,0.1934403159,0.1397866644
2016-10-11,2016-10,0,0.3323316327,0.1893967274,0.225949002,0.1392870621
2016-10-12,2016-09,-1,0.2795943441,0.1897527006,0.1934403159,0.1397866644
2016-10-12,2016-10,0,0.3542887134,0.1893967274,0.2389367864,0.1392870621
2016-10-13,2016-09,-1,0.2795943441,0.1897527006,0.1934403159,0.1397866644
2016-10-13,2016-10,0,0.3542887134,0.1893967274,0.2389367864,0.1392870621
2016-10-14,2016-09,-1,0.2795943441,0.1897527006,0.1934403159,0.1397866644
2016-10-14,2016-10,0,0.3542887134,0.1893967274,0.2389367864,0.1392870621
2016-10-17,2016-09,-1,0.279594344092144,0.189752700565587,0.193440315946435,0.139786664438885
2016-10-17,2016-10,0,0.354288713445757,0.189396727388599,0.238936786364371,0.139287062136564
2016-10-18,2016-09,-1,,,0.211040060280021,0.0893644883784552
2016-10-18,2016-10,0,0.35417299619822,0.182745137424363,0.240018206495675,0.135085214131528
2016-10-19,2016-09,-1,,,0.211040060280021,0.0893644883784552
2016-10-19,2016-10,0,0.35417299619822,0.182745137424363,0.240018206495675,0.135085214131528
2016-10-20,2016-09,-1,,,0.21104006,0.089364488
2016-10-20,2016-10,0,0.354172996,0.182745137,0.240018207,0.135085214
2016-10-21,2016-09,-1,,,0.211040060280021,0.0893644883784552
2016-10-21,2016-10,0,0.35417299619822,0.182745137424363,0.240018206495675,0.135085214131528
2016-10-24,2016-09,-1,,,0.211040060280021,0.0893644883784552
2016-10-24,2016-10,0,0.35417299619822,0.182745137424363,0.240018206495675,0.135085214131528
2016-10-25,2016-09,-1,,,0.211040060280021,0.0893644883784552
2016-10-25,2016-10,0,0.348281597473426,0.182745137424363,0.236503234742055,0.135085214131528
2016-10-26,2016-09,-1,,,0.211040060280021,0.0893644883784552
2016-10-26,2016-10,0,0.348281597473426,0.182745137424363,0.236503234742055,0.135085214131528
2016-10-27,2016-09,-1,,,0.211040060280021,0.0893644883784552
2016-10-27,2016-10,0,0.348281597473426,0.182745137424363,0.236503234742055,0.135085214131528
2016-10-28,2016-09,-1,,,0.211040060280021,0.0893644883784552
2016-10-28,2016-10,0,0.348281597473426,0.182745137424363,0.236503234742055,0.135085214131528
2016-10-31,2016-10,0,0.348281597473426,0.182745137424363,0.239965020962341,0.140407064850719
2016-11-01,2016-10,-1,0.340800891185665,0.182745137424363,0.235535796698064,0.140407064850719
2016-11-01,2016-11,0,0.21644526984676,0.181630939300036,0.169103144664379,0.147103695912663
2016-11-02,2016-10,-1,0.340800891185665,0.182745137424363,0.235535796698064,0.140407064850719
2016-11-02,2016-11,0,0.210877805752204,0.181630939300036,0.16580672503373,0.147103695912663
2016-11-03,2016-10,-1,0.340800891185665,0.182745137424363,0.235535796698064,0.140407064850719
2016-11-03,2016-11,0,0.190736685645429,0.181630939300036,0.153881442252263,0.147103695912663
2016-11-04,2016-10,-1,0.340800891185665,0.182745137424363,0.235535796698064,0.140407064850719
2016-11-04,2016-11,0,0.174962204044188,0.181630939300036,0.14454158663209,0.147103695912663
2016-11-07,2016-10,-1,0.340800891185665,0.182745137424363,0.235535796698064,0.140407064850719
2016-11-07,2016-11,0,0.161016252317139,0.181630939300036,0.136284378635709,0.147103695912663
2016-11-08,2016-10,-1,0.340800891185665,0.182745137424363,0.235535796698064,0.140407064850719
2016-11-08,2016-11,0,0.249304894375602,0.181630939300036,0.188558880617587,0.147103695912663
2016-11-09,2016-10,-1,0.340800891185665,0.182745137424363,0.235535796698064,0.140407064850719
2016-11-09,2016-11,0,0.249304894375602,0.181630939300036,0.188558880617587,0.147103695912663
2016-11-10,2016-10,-1,0.340800891185665,0.182745137424363,0.235535796698064,0.140407064850719
2016-11-10,2016-11,0,0.249304894375602,0.181630939300036,0.188558880617587,0.147103695912663
2016-11-14,2016-10,-1,0.340800891185665,0.182745137424363,0.235535796698064,0.140407064850719
2016-11-14,2016-11,0,0.249304894375602,0.181630939300036,0.188558880617587,0.147103695912663
2016-11-15,2016-10,-1,0.340800891185665,0.182745137424363,0.235535796698064,0.140407064850719
2016-11-15,2016-11,0,0.211203807334158,0.181630939300036,0.165999746128455,0.147103695912663
2016-11-16,2016-10,-1,0.340800891185665,0.182745137424363,0.235535796698064,0.140407064850719
2016-11-16,2016-11,0,0.211203807334158,0.181630939300036,0.165999746128455,0.147103695912663
2016-11-17,2016-10,-1,,,0.255870377390721,0.114589765695285
2016-11-17,2016-11,0,0.211771595050923,0.178804418027778,0.166731273546235,0.144952254316377
2016-11-18,2016-10,-1,,,0.255870377390721,0.114589765695285
2016-11-18,2016-11,0,0.211771595050923,0.178804418027778,0.166731273546235,0.144952254316377
2016-11-21,2016-10,-1,,,0.255870377390721,0.114589765695285
2016-11-21,2016-11,0,0.211771595050923,0.178804418027778,0.166731273546235,0.144952254316377
2016-11-22,2016-10,-1,,,0.255870377390721,0.114589765695285
2016-11-22,2016-11,0,0.183122727433817,0.178804418027778,0.149629907134865,0.144952254316377
2016-11-23,2016-10,-1,,,0.255870377390721,0.114589765695285
2016-11-23,2016-11,0,0.183122727433817,0.178804418027778,0.149629907134865,0.144952254316377
2016-11-25,2016-10,-1,,,0.255870377390721,0.114589765695285
2016-11-25,2016-11,0,0.183122727433817,0.178804418027778,0.149629907134865,0.144952254316377
2016-11-28,2016-10,-1,,,0.255870377390721,0.114589765695285
2016-11-28,2016-11,0,0.183122727433817,0.178804418027778,0.149629907134865,0.144952254316377
2016-11-29,2016-10,-1,,,0.255870377390721,0.114589765695285
2016-11-29,2016-11,0,0.168389024087877,0.178804418027778,0.140834918694731,0.144952254316377
2016-11-30,2016-11,0,0.168389024087877,0.178804418027778,0.138889844661066,0.143752668857857
2016-12-01,2016-11,-1,0.168389024087877,0.178804418027778,0.138889844661066,0.143752668857857
2016-12-01,2016-12,0,0.34366027194872,0.178727416387033,0.244799930260922,0.145351288267258
2016-12-02,2016-11,-1,0.168389024087877,0.178804418027778,0.138889844661066,0.143752668857857
2016-12-02,2016-12,0,0.417250812529519,0.178727416387033,0.288505325197179,0.145351288267258
2016-12-05,2016-11,-1,0.168389024087877,0.178804418027778,0.138889844661066,0.143752668857857
2016-12-05,2016-12,0,0.426150133716034,0.178727416387033,0.293790628770866,0.145351288267258
2016-12-06,2016-11,-1,0.168389024087877,0.178804418027778,0.138889844661066,0.143752668857857
2016-12-06,2016-12,0,0.203632354198232,0.178727416387033,0.161637401502658,0.145351288267258
2016-12-07,2016-11,-1,0.168389024087877,0.178804418027778,0.138889844661066,0.143752668857857
2016-12-07,2016-12,0,0.203632354198232,0.178727416387033,0.161637401502658,0.145351288267258
2016-12-08,2016-11,-1,0.168389024087877,0.178804418027778,0.138889844661066,0.143752668857857
2016-12-08,2016-12,0,0.203632354198232,0.178727416387033,0.161637401502658,0.145351288267258
2016-12-09,2016-11,-1,0.168389024087877,0.178804418027778,0.138889844661066,0.143752668857857
2016-12-09,2016-12,0,0.203632354198232,0.178727416387033,0.161637401502658,0.145351288267258
2016-12-12,2016-11,-1,0.168389024087877,0.178804418027778,0.138889844661066,0.143752668857857
2016-12-12,2016-12,0,0.203632354198232,0.178727416387033,0.161637401502658,0.145351288267258
2016-12-13,2016-11,-1,0.168389024087877,0.178804418027778,0.138889844661066,0.143752668857857
2016-12-13,2016-12,0,0.22550971019623,0.178727416387033,0.174630355169085,0.145351288267258
2016-12-14,2016-11,-1,0.168389024087877,0.178804418027778,0.138889844661066,0.143752668857857
2016-12-14,2016-12,0,0.22550971019623,0.178727416387033,0.174630355169085,0.145351288267258
2016-12-15,2016-11,-1,,,0.15264495661063,0.116344401160793
2016-12-15,2016-12,0,0.226354483096376,0.176411676496246,0.174445828339765,0.14306726595917
2016-12-16,2016-11,-1,,,0.15264495661063,0.116344401160793
2016-12-16,2016-12,0,0.226354483096376,0.176411676496246,0.174445828339765,0.14306726595917
2016-12-19,2016-11,-1,,,0.15264495661063,0.116344401160793
2016-12-19,2016-12,0,0.226354483096376,0.176411676496246,0.174445828339765,0.14306726595917
2016-12-20,2016-11,-1,,,0.15264495661063,0.116344401160793
2016-12-20,2016-12,0,0.249296802951851,0.176411676496246,0.188139122182724,0.14306726595917
2016-12-21,2016-11,-1,,,0.15264495661063,0.116344401160793
2016-12-21,2016-12,0,0.249296802951851,0.176411676496246,0.188139122182724,0.14306726595917
2016-12-22,2016-12,0,0.249296803,0.176411677,0.18054998,0.136279206
2016-12-23,2016-12,0,0.249296802951851,0.176411676496246,0.180549979902063,0.136279205993284
2016-12-27,2016-12,0,0.249296802951851,0.176411676496246,0.180549979902063,0.136279205993284
2016-12-28,2016-12,0,0.279233732519359,0.176411676496246,0.198429740666918,0.136279205993284
2016-12-29,2016-12,0,0.279233732519359,0.176411676496246,0.198429740666918,0.136279205993284
2016-12-30,2016-12,0,0.279233732519359,0.176411676496246,0.198429740666918,0.136279205993284
2017-01-03,2016-12,-1,0.279233732519359,0.176411676496246,0.198429740666918,0.136279205993284
2017-01-03,2017-01,0,0.227155095988324,0.17824429721918,0.17148586471997,0.141959973734542
2017-01-04,2016-12,-1,0.279233732519359,0.176411676496246,0.198429740666918,0.136279205993284
2017-01-04,2017-01,0,0.2917728042586,0.17824429721918,0.210078638986964,0.141959973734542
2017-01-05,2016-12,-1,0.279233732519359,0.176411676496246,0.198429740666918,0.136279205993284
2017-01-05,2017-01,0,0.2917728042586,0.17824429721918,0.210078638986964,0.141959973734542
2017-01-06,2016-12,-1,0.279233732519359,0.176411676496246,0.198429740666918,0.136279205993284
2017-01-06,2017-01,0,0.2917728042586,0.17824429721918,0.210078638986964,0.141959973734542
2017-01-09,2016-12,-1,0.279233732519359,0.176411676496246,0.198429740666918,0.136279205993284
2017-01-09,2017-01,0,0.2917728042586,0.17824429721918,0.210078638986964,0.141959973734542
2017-01-10,2016-12,-1,0.279233732519359,0.176411676496246,0.198429740666918,0.136279205993284
2017-01-10,2017-01,0,0.300730517495395,0.17824429721918,0.2154286121468,0.141959973734542
2017-01-11,2016-12,-1,0.279233732519359,0.176411676496246,0.198429740666918,0.136279205993284
2017-01-11,2017-01,0,0.300730517495395,0.17824429721918,0.2154286121468,0.141959973734542
2017-01-12,2016-12,-1,0.279233732519359,0.176411676496246,0.198429740666918,0.136279205993284
2017-01-12,2017-01,0,0.300730517495395,0.17824429721918,0.2154286121468,0.141959973734542
2017-01-13,2016-12,-1,0.279233732519359,0.176411676496246,0.198429740666918,0.136279205993284
2017-01-13,2017-01,0,0.300730517495395,0.17824429721918,0.2154286121468,0.141959973734542
2017-01-17,2016-12,-1,0.279233732519359,0.176411676496246,0.198429740666918,0.136279205993284
2017-01-17,2017-01,0,0.300730517495395,0.17824429721918,0.2154286121468,0.141959973734542
2017-01-18,2016-12,-1,,,0.201151509802781,0.163335876294166
2017-01-18,2017-01,0,0.287157437266831,0.182692576053652,0.207903575507824,0.144214696259615
2017-01-19,2016-12,-1,,,0.201151509802781,0.163335876294166
2017-01-19,2017-01,0,0.287157437266831,0.182692576053652,0.207903575507824,0.144214696259615
2017-01-20,2016-12,-1,,,0.201151509802781,0.163335876294166
2017-01-20,2017-01,0,0.287157437266831,0.182692576053652,0.207903575507824,0.144214696259615
2017-01-23,2016-12,-1,,,0.201151509802781,0.163335876294166
2017-01-23,2017-01,0,0.287157437266831,0.182692576053652,0.207903575507824,0.144214696259615
2017-01-24,2016-12,-1,,,0.201151509802781,0.163335876294166
2017-01-24,2017-01,0,0.268397165057468,0.182692576053652,0.196625519395927,0.144214696259615
2017-01-25,2016-12,-1,,,0.201151509802781,0.163335876294166
2017-01-25,2017-01,0,0.268397165057468,0.182692576053652,0.196625519395927,0.144214696259615
2017-01-26,2016-12,-1,,,0.201151509802781,0.163335876294166
2017-01-26,2017-01,0,0.268397165057468,0.182692576053652,0.196625519395927,0.144214696259615
2017-01-27,2016-12,-1,,,0.201151509802781,0.163335876294166
2017-01-27,2017-01,0,0.268397165057468,0.182692576053652,0.196625519395927,0.144214696259615
2017-01-30,2017-01,0,0.268397165057468,0.182692576053652,0.193883148992732,0.140578620651447
2017-01-31,2017-01,0,0.248136071071356,0.182692576053652,0.181710322651432,0.140578620651447
2017-02-01,2017-01,-1,0.248136071071356,0.182692576053652,0.181710322651432,0.140578620651447
2017-02-01,2017-02,0,0.0152639089689241,0.173515009597992,0.0354857355248098,0.129378748602161
2017-02-02,2017-01,-1,0.248136071071356,0.182692576053652,0.181710322651432,0.140578620651447
2017-02-02,2017-02,0,0.0226228584432522,0.173515009597992,0.0399069782309933,0.129378748602161
2017-02-03,2017-01,-1,0.248136071071356,0.182692576053652,0.181710322651432,0.140578620651447
2017-02-03,2017-02,0,0.0250225158805324,0.173515009597992,0.0413486878090963,0.129378748602161
2017-02-06,2017-01,-1,0.248136071071356,0.182692576053652,0.181710322651432,0.140578620651447
2017-02-06,2017-02,0,0.0344611684671702,0.173515009597992,0.0470194121496357,0.129378748602161
2017-02-07,2017-01,-1,0.248136071071356,0.182692576053652,0.181710322651432,0.140578620651447
2017-02-07,2017-02,0,-0.0991419400881501,0.173515009597992,-0.0332490787924886,0.129378748602161
2017-02-08,2017-01,-1,0.248136071071356,0.182692576053652,0.181710322651432,0.140578620651447
2017-02-08,2017-02,0,-0.0991419400881501,0.173515009597992,-0.0332490787924886,0.129378748602161
2017-02-09,2017-01,-1,0.248136071071356,0.182692576053652,0.181710322651432,0.140578620651447
2017-02-09,2017-02,0,-0.0991419400881501,0.173515009597992,-0.0332490787924886,0.129378748602161
2017-02-10,2017-01,-1,0.248136071071356,0.182692576053652,0.181710322651432,0.140578620651447
2017-02-10,2017-02,0,-0.0991419400881501,0.173515009597992,-0.0332490787924886,0.129378748602161
2017-02-13,2017-01,-1,0.289784347355767,0.183236627339419,0.215616449875134,0.140578620651447
2017-02-13,2017-02,0,-0.012786011497098,0.176325555462515,0.0098976626833018,0.129378748602161
2017-02-14,2017-01,-1,0.289784347355767,0.183236627339419,0.215616449875134,0.140578620651447
2017-02-14,2017-02,0,-0.003503990277256,0.176325555462515,0.0160361981228793,0.129378748602161
2017-02-15,2017-01,-1,,,0.395434001718635,0.214282424673231
2017-02-15,2017-02,0,0.0240953678510217,0.186721168586962,0.034223881048588,0.135520732270643
2017-02-16,2017-01,-1,,,0.395434001718635,0.214282424673231
2017-02-16,2017-02,0,0.0240953678510217,0.186721168586962,0.034223881048588,0.135520732270643
2017-02-17,2017-01,-1,,,0.395434001718635,0.214282424673231
2017-02-17,2017-02,0,0.0240953678510217,0.186721168586962,0.034223881048588,0.135520732270643
2017-02-21,2017-01,-1,,,0.395434001718635,0.214282424673231
2017-02-21,2017-02,0,0.0240953678510217,0.186721168586962,0.0342238810485879,0.135520732270643
2017-02-22,2017-01,-1,,,0.395434001718635,0.214282424673231
2017-02-22,2017-02,0,0.0252247984508116,0.186721168586962,0.034971650085378,0.135520732270643
2017-02-23,2017-01,-1,,,0.395434001718635,0.214282424673231
2017-02-23,2017-02,0,0.0252247984508116,0.186721168586962,0.034971650085378,0.135520732270643
2017-02-24,2017-01,-1,,,0.395434001718635,0.214282424673231
2017-02-24,2017-02,0,0.0252247984508116,0.186721168586962,0.0349716500853781,0.135520732270643
2017-02-27,2017-01,-1,,,0.395434001718635,0.214282424673231
2017-02-27,2017-02,0,0.0252247984508116,0.186721168586962,0.0349716500853781,0.135520732270643
2017-02-28,2017-01,-1,,,0.395434001718635,0.214282424673231
2017-02-28,2017-02,0,0.0301942930898873,0.186721168586962,0.0382618338472549,0.135520732270643
2017-03-01,2017-02,-1,0.0301942930898873,0.186721168586962,0.0454010265946585,0.143687296324389
2017-03-01,2017-03,0,-0.0689033407953579,0.181450651150045,-0.0189759336825467,0.139974111385288
2017-03-02,2017-02,-1,0.0301942930898873,0.186721168586962,0.0454010265946585,0.143687296324389
2017-03-02,2017-03,0,-0.0838746145775728,0.181450651150045,-0.0285092871087919,0.139974111385288
2017-03-03,2017-02,-1,0.0301942930898873,0.186721168586962,0.0454010265946585,0.143687296324389
2017-03-03,2017-03,0,-0.102444752249743,0.181450651150045,-0.0403343120317307,0.139974111385288
2017-03-06,2017-02,-1,0.0301942930898873,0.186721168586962,0.0454010265946585,0.143687296324389
2017-03-06,2017-03,0,-0.101533040064288,0.181450651150045,-0.0397537552525684,0.139974111385288
2017-03-07,2017-02,-1,0.0301942930898873,0.186721168586962,0.0454010265946585,0.143687296324389
2017-03-07,2017-03,0,-0.089300063389202,0.181450651150045,-0.0319640847278635,0.139974111385288
2017-03-08,2017-02,-1,0.0301942930898873,0.186721168586962,0.0454010265946585,0.143687296324389
2017-03-08,2017-03,0,-0.089300063389202,0.181450651150045,-0.0319640847278635,0.139974111385288
2017-03-09,2017-02,-1,0.0301942930898873,0.186721168586962,0.0454010265946585,0.143687296324389
2017-03-09,2017-03,0,-0.089300063389202,0.181450651150045,-0.0319640847278635,0.139974111385288
2017-03-10,2017-02,-1,0.0301942930898873,0.186721168586962,0.0454010265946585,0.143687296324389
2017-03-10,2017-03,0,-0.089300063389202,0.181450651150045,-0.0319640847278635,0.139974111385288
2017-03-13,2017-02,-1,0.0301942930898873,0.186721168586962,0.0454010265946585,0.143687296324389
2017-03-13,2017-03,0,-0.089300063389202,0.181450651150045,-0.0319640847278635,0.139974111385288
2017-03-14,2017-02,-1,0.0301942930898873,0.186721168586962,0.0454010265946585,0.143687296324389
2017-03-14,2017-03,0,-0.101711982103794,0.181450651150045,-0.039867701315558,0.139974111385288
2017-03-15,2017-02,-1,,,0.0970229600562529,0.155160110673897
2017-03-15,2017-03,0,-0.0961707992710034,0.183036851563105,-0.0358557517193734,0.140930179247747
2017-03-16,2017-02,-1,,,0.0970229600562529,0.155160110673897
2017-03-16,2017-03,0,-0.0961707992710033,0.183036851563105,-0.0358557517193734,0.140930179247747
2017-03-17,2017-02,-1,,,0.0970229600562529,0.155160110673897
2017-03-17,2017-03,0,-0.0961707992710034,0.183036851563105,-0.0358557517193734,0.140930179247747
2017-03-20,2017-02,-1,,,0.0970229600562529,0.155160110673897
2017-03-20,2017-03,0,-0.0961707992710034,0.183036851563105,-0.0358557517193734,0.140930179247747
2017-03-21,2017-02,-1,,,0.0970229600562529,0.155160110673897
2017-03-21,2017-03,0,-0.100726025122454,0.183036851563105,-0.0387814584251923,0.140930179247747
2017-03-22,2017-02,-1,,,0.0970229600562529,0.155160110673897
2017-03-22,2017-03,0,-0.100726025122454,0.183036851563105,-0.0387814584251923,0.140930179247747
2017-03-23,2017-02,-1,,,0.0970229600562529,0.155160110673897
2017-03-23,2017-03,0,-0.100726025122454,0.183036851563105,-0.0387814584251923,0.140930179247747
2017-03-24,2017-02,-1,,,0.0970229600562529,0.155160110673897
2017-03-24,2017-03,0,-0.100726025122454,0.183036851563105,-0.0387814584251923,0.140930179247747
2017-03-27,2017-02,-1,,,0.0970229600562529,0.155160110673897
2017-03-27,2017-03,0,-0.100726025122454,0.183036851563105,-0.0387814584251923,0.140930179247747
2017-03-28,2017-02,-1,,,0.0970229600562529,0.155160110673897
2017-03-28,2017-03,0,-0.104711847742474,0.183036851563105,-0.0413414517927844,0.140930179247747
2017-03-29,2017-02,-1,,,0.0970229600562529,0.155160110673897
2017-03-29,2017-03,0,-0.104711847742474,0.183036851563105,-0.0413414517927844,0.140930179247747
2017-03-30,2017-02,-1,,,0.0970229600562529,0.155160110673897
2017-03-30,2017-03,0,-0.104711847742474,0.183036851563105,-0.0413414517927844,0.140930179247747
2017-03-31,2017-03,0,-0.104711847742474,0.183036851563105,-0.03776974309894,0.144972264633366
2017-04-03,2017-03,-1,-0.104711847742474,0.183036851563105,-0.03776974309894,0.144972264633366
2017-04-03,2017-04,0,0.122337488387265,0.190934339401828,0.110243049182807,0.151482776066044
2017-04-04,2017-03,-1,-0.104711847742474,0.183036851563105,-0.03776974309894,0.144972264633366
2017-04-04,2017-04,0,0.133252912945025,0.190934339401828,0.117257377100948,0.151482776066044
2017-04-05,2017-03,-1,-0.104711847742474,0.183036851563105,-0.03776974309894,0.144972264633366
2017-04-05,2017-04,0,0.133252912945025,0.190934339401828,0.117257377100948,0.151482776066044
2017-04-06,2017-03,-1,-0.104711847742474,0.183036851563105,-0.03776974309894,0.144972264633366
2017-04-06,2017-04,0,0.133252912945025,0.190934339401828,0.117257377100948,0.151482776066044
2017-04-07,2017-03,-1,-0.104711847742474,0.183036851563105,-0.03776974309894,0.144972264633366
2017-04-07,2017-04,0,0.133252912945025,0.190934339401828,0.117257377100948,0.151482776066044
2017-04-10,2017-03,-1,-0.104711847742474,0.183036851563105,-0.03776974309894,0.144972264633366
2017-04-10,2017-04,0,0.133252912945025,0.190934339401828,0.117257377100948,0.151482776066044
2017-04-11,2017-03,-1,-0.104711847742474,0.183036851563105,-0.03776974309894,0.144972264633366
2017-04-11,2017-04,0,0.175933234052914,0.190934339401828,0.144684048992464,0.151482776066044
2017-04-12,2017-03,-1,-0.104711847742474,0.183036851563105,-0.03776974309894,0.144972264633366
2017-04-12,2017-04,0,0.175933234052914,0.190934339401828,0.144684048992464,0.151482776066044
2017-04-13,2017-03,-1,-0.104711847742474,0.183036851563105,-0.03776974309894,0.144972264633366
2017-04-13,2017-04,0,0.175933234052914,0.190934339401828,0.144684048992464,0.151482776066044
2017-04-14,2017-03,-1,,,-0.18161354310545,-0.108454427244972
2017-04-14,2017-04,0,0.160640669487344,0.165533993677891,0.131378056952421,0.130363885076182
2017-04-17,2017-03,-1,,,-0.18161354310545,-0.108454427244972
2017-04-17,2017-04,0,0.160640669487344,0.165533993677891,0.131378056952421,0.130363885076182
2017-04-18,2017-03,-1,,,-0.18161354310545,-0.108454427244972
2017-04-18,2017-04,0,0.180076298760041,0.165533993677891,0.143883030155564,0.130363885076182
2017-04-19,2017-03,-1,,,-0.18161354310545,-0.108454427244972
2017-04-19,2017-04,0,0.180076298760041,0.165533993677891,0.143883030155564,0.130363885076182
2017-04-20,2017-03,-1,,,-0.18161354310545,-0.108454427244972
2017-04-20,2017-04,0,0.180076298760041,0.165533993677891,0.143883030155564,0.130363885076182
2017-04-21,2017-03,-1,,,-0.18161354310545,-0.108454427244972
2017-04-21,2017-04,0,0.180076298760041,0.165533993677891,0.143883030155564,0.130363885076182
2017-04-24,2017-03,-1,,,-0.18161354310545,-0.108454427244972
2017-04-24,2017-04,0,0.180076298760041,0.165533993677891,0.143883030155564,0.130363885076182
2017-04-25,2017-03,-1,,,-0.18161354310545,-0.108454427244972
2017-04-25,2017-04,0,0.194150375129923,0.165533993677891,0.152938355578529,0.130363885076182
2017-04-26,2017-03,-1,,,-0.18161354310545,-0.108454427244972
2017-04-26,2017-04,0,0.194150375129923,0.165533993677891,0.152938355578529,0.130363885076182
2017-04-27,2017-03,-1,,,-0.18161354310545,-0.108454427244972
2017-04-27,2017-04,0,0.194150375129923,0.165533993677891,0.152938355578529,0.130363885076182
2017-04-28,2017-03,-1,,,-0.18161354310545,-0.108454427244972
2017-04-28,2017-04,0,0.194150375129923,0.165533993677891,0.152938355578529,0.130363885076182
2017-05-01,2017-04,-1,0.194150375129923,0.165533993677891,0.150762535798774,0.129347999442661
2017-05-01,2017-05,0,-0.0848408380003955,0.163919097687034,-0.0338130409876488,0.12365231173824
2017-05-02,2017-04,-1,0.194150375129923,0.165533993677891,0.150762535798774,0.129347999442661
2017-05-02,2017-05,0,-0.0177597167222245,0.163919097687034,0.0093725368371415,0.12365231173824
2017-05-03,2017-04,-1,0.194150375129923,0.165533993677891,0.150762535798774,0.129347999442661
2017-05-03,2017-05,0,-0.0177597167222245,0.163919097687034,0.0093725368371415,0.12365231173824
2017-05-04,2017-04,-1,0.194150375129923,0.165533993677891,0.150762535798774,0.129347999442661
2017-05-04,2017-05,0,-0.0177597167222245,0.163919097687034,0.0093725368371415,0.12365231173824
2017-05-05,2017-04,-1,0.194150375129923,0.165533993677891,0.150762535798774,0.129347999442661
2017-05-05,2017-05,0,-0.0177597167222245,0.163919097687034,0.0093725368371415,0.12365231173824
2017-05-08,2017-04,-1,0.194150375129923,0.165533993677891,0.150762535798774,0.129347999442661
2017-05-08,2017-05,0,-0.0177597167222245,0.163919097687034,0.0093725368371415,0.12365231173824
2017-05-09,2017-04,-1,0.194150375129923,0.165533993677891,0.150762535798774,0.129347999442661
2017-05-09,2017-05,0,-0.0423126857313878,0.163919097687034,-0.0064342077993696,0.12365231173824
2017-05-10,2017-04,-1,0.194150375129923,0.165533993677891,0.150762535798774,0.129347999442661
2017-05-10,2017-05,0,-0.0423126857313878,0.163919097687034,-0.0064342077993696,0.12365231173824
2017-05-11,2017-04,-1,0.194150375129923,0.165533993677891,0.150762535798774,0.129347999442661
2017-05-11,2017-05,0,-0.0423126857313879,0.163919097687034,-0.0064342077993696,0.12365231173824
2017-05-12,2017-04,-1,,,0.130185221967917,0.0387262107411796
2017-05-12,2017-05,0,-0.0432294876493652,0.15606765904293,-0.0106520061462895,0.116100496013116
2017-05-15,2017-04,-1,,,0.130185221967917,0.0387262107411795
2017-05-15,2017-05,0,-0.0432294876493653,0.15606765904293,-0.0106520061462895,0.116100496013116
2017-05-16,2017-04,-1,,,0.130185221967917,0.0387262107411795
2017-05-16,2017-05,0,-0.052699934657912,0.15606765904293,-0.0168260198476127,0.116100496013116
2017-05-17,2017-04,-1,,,0.130185221967917,0.0387262107411795
2017-05-17,2017-05,0,-0.052699934657912,0.15606765904293,-0.0168260198476127,0.116100496013116
2017-05-18,2017-04,-1,,,0.130185221967917,0.0387262107411795
2017-05-18,2017-05,0,-0.052699934657912,0.15606765904293,-0.0168260198476127,0.116100496013116
2017-05-19,2017-04,-1,,,0.130185221967917,0.0387262107411795
2017-05-19,2017-05,0,-0.052699934657912,0.15606765904293,-0.0168260198476127,0.116100496013116
2017-05-22,2017-04,-1,,,0.130185221967917,0.0387262107411795
2017-05-22,2017-05,0,-0.052699934657912,0.15606765904293,-0.0168260198476127,0.116100496013116
2017-05-23,2017-04,-1,,,0.130185221967917,0.0387262107411795
2017-05-23,2017-05,0,-0.0480723298696449,0.15606765904293,-0.0138091722435571,0.116100496013116
2017-05-24,2017-04,-1,,,0.130185221967917,0.0387262107411795
2017-05-24,2017-05,0,-0.0480723298696449,0.15606765904293,-0.0138091722435571,0.116100496013116
2017-05-25,2017-04,-1,,,0.130185221967917,0.0387262107411795
2017-05-25,2017-05,0,-0.0480723298696449,0.15606765904293,-0.0138091722435571,0.116100496013116
2017-05-26,2017-04,-1,,,0.130185221967917,0.0387262107411795
2017-05-26,2017-05,0,-0.0480723298696449,0.15606765904293,-0.0138091722435571,0.116100496013116
2017-05-30,2017-05,0,-0.0480723298696449,0.15606765904293,-0.0029623701084884,0.127316787858922
2017-05-31,2017-05,0,-0.0437460574861952,0.15606765904293,-0.0001916914216672,0.127316787858922
2017-06-01,2017-05,-1,-0.0437460574861952,0.15606765904293,-0.0001916914216672,0.127316787858922
2017-06-01,2017-06,0,0.0391528670163656,0.151866911259574,0.0529882050457904,0.123886848723826
2017-06-02,2017-05,-1,-0.0437460574861952,0.15606765904293,-0.0001916914216672,0.127316787858922
2017-06-02,2017-06,0,0.0402338887929297,0.151866911259574,0.0536805248377143,0.123886848723826
2017-06-05,2017-05,-1,-0.0437460574861952,0.15606765904293,-0.0001916914216672,0.127316787858922
2017-06-05,2017-06,0,0.0319910977466272,0.151866911259574,0.0484015864242942,0.123886848723826
2017-06-06,2017-05,-1,-0.0437460574861952,0.15606765904293,-0.0001916914216672,0.127316787858922
2017-06-06,2017-06,0,0.121959293925936,0.151866911259574,0.106020002823447,0.123886848723826
2017-06-07,2017-05,-1,-0.0437460574861952,0.15606765904293,-0.0001916914216672,0.127316787858922
2017-06-07,2017-06,0,0.121959293925936,0.151866911259574,0.106020002823447,0.123886848723826
2017-06-08,2017-05,-1,-0.0437460574861952,0.15606765904293,-0.0001916914216672,0.127316787858922
2017-06-08,2017-06,0,0.121959293925936,0.151866911259574,0.106020002823447,0.123886848723826
2017-06-09,2017-05,-1,-0.0437460574861952,0.15606765904293,-0.0001916914216672,0.127316787858922
2017-06-09,2017-06,0,0.121959293925936,0.151866911259574,0.106020002823447,0.123886848723826
2017-06-12,2017-05,-1,-0.0437460574861952,0.15606765904293,-0.0001916914216672,0.127316787858922
2017-06-12,2017-06,0,0.121959293925936,0.151866911259574,0.106020002823447,0.123886848723826
2017-06-13,2017-05,-1,-0.0437460574861952,0.15606765904293,-0.0001916914216672,0.127316787858922
2017-06-13,2017-06,0,0.0919609961161482,0.151866911259574,0.0868081647754183,0.123886848723826
2017-06-14,2017-05,-1,,,-0.0822824300470247,0.0429634293648177
2017-06-14,2017-06,0,0.0877942332191345,0.144070186950757,0.0823781888188488,0.116857402182651
2017-06-15,2017-05,-1,,,-0.0822824300470247,0.0429634293648177
2017-06-15,2017-06,0,0.0877942332191345,0.144070186950757,0.0823781888188488,0.116857402182651
2017-06-16,2017-05,-1,,,-0.0822824300470247,0.0429634293648177
2017-06-16,2017-06,0,0.0877942332191345,0.144070186950757,0.0823781888188488,0.116857402182651
2017-06-19,2017-05,-1,,,-0.0822824300470247,0.0429634293648177
2017-06-19,2017-06,0,0.0877942332191345,0.144070186950757,0.0823781888188488,0.116857402182651
2017-06-20,2017-05,-1,,,-0.0822824300470247,0.0429634293648177
2017-06-20,2017-06,0,0.0565858103932582,0.144070186950757,0.0621957423948464,0.116857402182651
2017-06-21,2017-05,-1,,,-0.0822824300470247,0.0429634293648177
2017-06-21,2017-06,0,0.0565858103932582,0.144070186950757,0.0621957423948464,0.116857402182651
2017-06-22,2017-05,-1,,,-0.0822824300470247,0.0429634293648177
2017-06-22,2017-06,0,0.0565858103932582,0.144070186950757,0.0621957423948464,0.116857402182651
2017-06-23,2017-05,-1,,,-0.0822824300470247,0.0429634293648177
2017-06-23,2017-06,0,0.0565858103932582,0.144070186950757,0.0621957423948464,0.116857402182651
2017-06-26,2017-05,-1,,,-0.0822824300470247,0.0429634293648177
2017-06-26,2017-06,0,0.0565858103932582,0.144070186950757,0.0621957423948464,0.116857402182651
2017-06-27,2017-05,-1,,,-0.0822824300470247,0.0429634293648177
2017-06-27,2017-06,0,0.0311441613504239,0.144070186950757,0.0457426610709311,0.116857402182651
2017-06-28,2017-05,-1,,,-0.0822824300470247,0.0429634293648177
2017-06-28,2017-06,0,0.0311441613504239,0.144070186950757,0.0457426610709311,0.116857402182651
2017-06-29,2017-05,-1,,,-0.0822824300470247,0.0429634293648177
2017-06-29,2017-06,0,0.0311441613504239,0.144070186950757,0.0457426610709311,0.116857402182651
2017-06-30,2017-06,0,0.0311441613504239,0.144070186950757,0.043867157304696,0.115415182481179
2017-07-03,2017-06,-1,0.0311441613504239,0.144070186950757,0.043867157304696,0.115415182481179
2017-07-03,2017-07,0,0.178316894440768,0.14383036131894,0.14207352536742,0.118212465928307
2017-07-05,2017-06,-1,0.0311441613504239,0.144070186950757,0.043867157304696,0.115415182481179
2017-07-05,2017-07,0,0.0707265718239116,0.14383036131894,0.0725167178856766,0.118212465928307
2017-07-06,2017-06,-1,0.0311441613504239,0.144070186950757,0.043867157304696,0.115415182481179
2017-07-06,2017-07,0,0.0707265718239116,0.14383036131894,0.0725167178856766,0.118212465928307
2017-07-07,2017-06,-1,0.0311441613504239,0.144070186950757,0.043867157304696,0.115415182481179
2017-07-07,2017-07,0,0.0707265718239116,0.14383036131894,0.0725167178856766,0.118212465928307
2017-07-10,2017-06,-1,0.0311441613504239,0.144070186950757,0.043867157304696,0.115415182481179
2017-07-10,2017-07,0,0.0707265718239116,0.14383036131894,0.0725167178856766,0.118212465928307
2017-07-11,2017-06,-1,0.0311441613504239,0.144070186950757,0.043867157304696,0.115415182481179
2017-07-11,2017-07,0,0.0948808594647167,0.14383036131894,0.0881323893924271,0.118212465928307
2017-07-12,2017-06,-1,0.0311441613504239,0.144070186950757,0.043867157304696,0.115415182481179
2017-07-12,2017-07,0,0.0948808594647167,0.14383036131894,0.0881323893924271,0.118212465928307
2017-07-13,2017-06,-1,0.0311441613504239,0.144070186950757,0.043867157304696,0.115415182481179
2017-07-13,2017-07,0,0.0948808594647167,0.14383036131894,0.0881323893924271,0.118212465928307
2017-07-14,2017-06,-1,,,-0.0041567016388184,0.08863143958955
2017-07-14,2017-07,0,0.0943066038264112,0.141705319369893,0.0876565078987505,0.115980487354004
2017-07-17,2017-06,-1,,,-0.0041567016388184,0.08863143958955
2017-07-17,2017-07,0,0.0943066038264112,0.141705319369893,0.0876565078987505,0.115980487354004
2017-07-18,2017-06,-1,,,-0.0041567016388184,0.08863143958955
2017-07-18,2017-07,0,0.0935896258610777,0.141705319369893,0.0871925608775163,0.115980487354004
2017-07-19,2017-06,-1,,,-0.0041567016388184,0.08863143958955
2017-07-19,2017-07,0,0.0935896258610777,0.141705319369893,0.0871925608775163,0.115980487354004
2017-07-20,2017-06,-1,,,-0.0041567016388184,0.08863143958955
2017-07-20,2017-07,0,0.0935896258610777,0.141705319369893,0.0871925608775163,0.115980487354004
2017-07-21,2017-06,-1,,,-0.0041567016388184,0.08863143958955
2017-07-21,2017-07,0,0.0935896258610777,0.141705319369893,0.0871925608775163,0.115980487354004
2017-07-24,2017-06,-1,,,-0.0041567016388184,0.08863143958955
2017-07-24,2017-07,0,0.0935896258610777,0.141705319369893,0.0871925608775163,0.115980487354004
2017-07-25,2017-06,-1,,,-0.0041567016388184,0.08863143958955
2017-07-25,2017-07,0,0.105419762289076,0.141705319369893,0.0948476867278783,0.115980487354004
2017-07-26,2017-06,-1,,,-0.0041567016388184,0.08863143958955
2017-07-26,2017-07,0,0.105419762289076,0.141705319369893,0.0948476867278783,0.115980487354004
2017-07-27,2017-06,-1,,,-0.0041567016388184,0.08863143958955
2017-07-27,2017-07,0,0.105419762289076,0.141705319369893,0.0948476867278783,0.115980487354004
2017-07-28,2017-06,-1,,,-0.0041567016388184,0.08863143958955
2017-07-28,2017-07,0,0.105419762289076,0.141705319369893,0.0948476867278783,0.115980487354004
2017-07-31,2017-06,-1,,,-0.0041567016388184,0.08863143958955
2017-07-31,2017-07,0,0.105419762289076,0.141705319369893,0.0948476867278783,0.115980487354004
2017-08-01,2017-07,-1,0.12427628277734,0.141705319369893,0.111975446337099,0.124609292799953
2017-08-01,2017-08,0,0.267870027403807,0.142869591445315,0.192213614774647,0.119344862211585
2017-08-02,2017-07,-1,0.12427628277734,0.141705319369893,0.111975446337099,0.124609292799953
2017-08-02,2017-08,0,0.243244685414434,0.142869591445315,0.177381895173614,0.119344862211585
2017-08-03,2017-07,-1,0.12427628277734,0.141705319369893,0.111975446337099,0.124609292799953
2017-08-03,2017-08,0,0.251503184252333,0.142869591445315,0.182355947478838,0.119344862211585
2017-08-04,2017-07,-1,0.12427628277734,0.141705319369893,0.111975446337099,0.124609292799953
2017-08-04,2017-08,0,0.250452102582055,0.142869591445315,0.181722886276355,0.119344862211585
2017-08-07,2017-07,-1,0.12427628277734,0.141705319369893,0.111975446337099,0.124609292799953
2017-08-07,2017-08,0,0.252479188660449,0.142869591445315,0.182943790024001,0.119344862211585
2017-08-08,2017-07,-1,0.12427628277734,0.141705319369893,0.111975446337099,0.124609292799953
2017-08-08,2017-08,0,0.289810134352089,0.142869591445315,0.205428030818657,0.119344862211585
2017-08-09,2017-07,-1,0.12427628277734,0.141705319369893,0.111975446337099,0.124609292799953
2017-08-09,2017-08,0,0.289810134352089,0.142869591445315,0.205428030818657,0.119344862211585
2017-08-10,2017-07,-1,0.12427628277734,0.141705319369893,0.111975446337099,0.124609292799953
2017-08-10,2017-08,0,0.289810134352089,0.142869591445315,0.205428030818657,0.119344862211585
2017-08-11,2017-07,-1,,,0.096761572946239,0.0951724270143192
2017-08-11,2017-08,0,0.290685128363675,0.140565624198461,0.206040252201846,0.116891790062782
2017-08-14,2017-07,-1,,,0.096761572946239,0.0951724270143192
2017-08-14,2017-08,0,0.290685128363675,0.140565624198461,0.206040252201846,0.116891790062782
2017-08-15,2017-07,-1,,,0.096761572946239,0.0951724270143192
2017-08-15,2017-08,0,0.294348153065009,0.140565624198461,0.208253631317441,0.116891790062782
2017-08-16,2017-07,-1,,,0.096761572946239,0.0951724270143192
2017-08-16,2017-08,0,0.294348153065009,0.140565624198461,0.208253631317441,0.116891790062782
2017-08-17,2017-07,-1,,,0.096761572946239,0.0951724270143192
2017-08-17,2017-08,0,0.294348153065009,0.140565624198461,0.208253631317441,0.116891790062782
2017-08-21,2017-07,-1,,,0.096761572946239,0.0951724270143192
2017-08-21,2017-08,0,0.294348153065009,0.140565624198461,0.208253631317441,0.116891790062782
2017-08-22,2017-07,-1,,,0.096761572946239,0.0951724270143192
2017-08-22,2017-08,0,0.284335885548029,0.140565624198461,0.20220372840148,0.116891790062782
2017-08-23,2017-07,-1,,,0.096761572946239,0.0951724270143192
2017-08-23,2017-08,0,0.284335885548029,0.140565624198461,0.20220372840148,0.116891790062782
2017-08-24,2017-07,-1,,,0.096761572946239,0.0951724270143192
2017-08-24,2017-08,0,0.284335885548029,0.140565624198461,0.20220372840148,0.116891790062782
2017-08-25,2017-07,-1,,,0.096761572946239,0.0951724270143192
2017-08-25,2017-08,0,0.284335885548029,0.140565624198461,0.20220372840148,0.116891790062782
2017-08-28,2017-07,-1,,,0.096761572946239,0.0951724270143192
2017-08-28,2017-08,0,0.284335885548029,0.140565624198461,0.20220372840148,0.116891790062782
2017-08-29,2017-07,-1,,,0.096761572946239,0.0951724270143192
2017-08-29,2017-08,0,0.293615548124742,0.140565624198461,0.207810955494322,0.116891790062782
2017-08-30,2017-07,-1,,,0.096761572946239,0.0951724270143192
2017-08-30,2017-08,0,0.293615548124742,0.140565624198461,0.207810955494322,0.116891790062782
2017-08-31,2017-08,0,0.293615548124742,0.140565624198461,0.207120501796701,0.11648540969046
2017-09-01,2017-08,-1,0.293615548124742,0.140565624198461,0.207120501796701,0.11648540969046
2017-09-01,2017-09,0,0.184524002103187,0.130546585403013,0.138862604714804,0.107733462942069
2017-09-05,2017-08,-1,0.293615548124742,0.140565624198461,0.207120501796701,0.11648540969046
2017-09-05,2017-09,0,0.179006169116573,0.130546585403013,0.135532255481977,0.107733462942069
2017-09-06,2017-08,-1,0.293615548124742,0.140565624198461,0.207120501796701,0.11648540969046
2017-09-06,2017-09,0,0.607887267746872,0.130546585403013,0.394388194264871,0.107733462942069
2017-09-07,2017-08,-1,0.293615548124742,0.140565624198461,0.207120501796701,0.11648540969046
2017-09-07,2017-09,0,0.607887267746872,0.130546585403013,0.394388194264871,0.107733462942069
2017-09-08,2017-08,-1,0.293615548124742,0.140565624198461,0.207120501796701,0.11648540969046
2017-09-08,2017-09,0,0.607887267746872,0.130546585403013,0.394388194264871,0.107733462942069
2017-09-11,2017-08,-1,0.293615548124742,0.140565624198461,0.207120501796701,0.11648540969046
2017-09-11,2017-09,0,0.607887267746872,0.130546585403013,0.394388194264871,0.107733462942069
2017-09-12,2017-08,-1,0.293615548124742,0.140565624198461,0.207120501796701,0.11648540969046
2017-09-12,2017-09,0,0.61214260383616,0.130546585403013,0.396956549507727,0.107733462942069
2017-09-13,2017-08,-1,0.293615548124742,0.140565624198461,0.207120501796701,0.11648540969046
2017-09-13,2017-09,0,0.61214260383616,0.130546585403013,0.396956549507727,0.107733462942069
2017-09-14,2017-08,-1,,,0.303684081331477,0.203505175230268
2017-09-14,2017-09,0,0.623147689179432,0.139540908646154,0.407581315414228,0.114985110070386
2017-09-15,2017-08,-1,,,0.303684081331477,0.203505175230268
2017-09-15,2017-09,0,0.623147689179432,0.139540908646154,0.407581315414228,0.114985110070386
2017-09-18,2017-08,-1,,,0.303684081331477,0.203505175230268
2017-09-18,2017-09,0,0.623147689179432,0.139540908646154,0.407581315414228,0.114985110070386
2017-09-19,2017-08,-1,,,0.303684081331477,0.203505175230268
2017-09-19,2017-09,0,0.600785905072668,0.139540908646154,0.393990912618159,0.114985110070386
2017-09-20,2017-08,-1,,,0.303684081331477,0.203505175230268
2017-09-20,2017-09,0,0.600785905072668,0.139540908646154,0.393990912618159,0.114985110070386
2017-09-21,2017-08,-1,,,0.303684081331477,0.203505175230268
2017-09-21,2017-09,0,0.600785905072668,0.139540908646154,0.393990912618159,0.114985110070386
2017-09-22,2017-08,-1,,,0.303684081331477,0.203505175230268
2017-09-22,2017-09,0,0.600785905072668,0.139540908646154,0.393990912618159,0.114985110070386
2017-09-25,2017-08,-1,,,0.303684081331477,0.203505175230268
2017-09-25,2017-09,0,0.600785905072668,0.139540908646154,0.393990912618159,0.114985110070386
2017-09-26,2017-08,-1,,,0.303684081331477,0.203505175230268
2017-09-26,2017-09,0,0.572120000978359,0.139540908646154,0.376569172863624,0.114985110070386
2017-09-27,2017-08,-1,,,0.303684081331477,0.203505175230268
2017-09-27,2017-09,0,0.572120000978359,0.139540908646154,0.376569172863624,0.114985110070386
2017-09-28,2017-08,-1,,,0.303684081331477,0.203505175230268
2017-09-28,2017-09,0,0.572120000978359,0.139540908646154,0.376569172863624,0.114985110070386
2017-09-29,2017-09,0,0.572120000978359,0.139540908646154,0.369377511591234,0.107165249510613
2017-10-02,2017-09,-1,0.572120000978359,0.139540908646154,0.369377511591234,0.107165249510613
2017-10-02,2017-10,0,0.201775762745699,0.141270693038399,0.14413203092944,0.107818652385248
2017-10-03,2017-09,-1,0.572120000978359,0.139540908646154,0.369377511591234,0.107165249510613
2017-10-03,2017-10,0,0.15164734268362,0.141270693038399,0.113728392036258,0.107818652385248
2017-10-04,2017-09,-1,0.572120000978359,0.139540908646154,0.369377511591234,0.107165249510613
2017-10-04,2017-10,0,0.15164734268362,0.141270693038399,0.113728392036258,0.107818652385248
2017-10-05,2017-09,-1,0.572120000978359,0.139540908646154,0.369377511591234,0.107165249510613
2017-10-05,2017-10,0,0.15164734268362,0.141270693038399,0.113728392036258,0.107818652385248
2017-10-06,2017-09,-1,0.572120000978359,0.139540908646154,0.369377511591234,0.107165249510613
2017-10-06,2017-10,0,0.15164734268362,0.141270693038399,0.113728392036258,0.107818652385248
2017-10-10,2017-09,-1,0.572120000978359,0.139540908646154,0.369377511591234,0.107165249510613
2017-10-10,2017-10,0,0.15164734268362,0.141270693038399,0.113728392036258,0.107818652385248
2017-10-11,2017-09,-1,0.572120000978359,0.139540908646154,0.369377511591234,0.107165249510613
2017-10-11,2017-10,0,0.112971318599521,0.141270693038399,0.0902708031351763,0.107818652385248
2017-10-12,2017-09,-1,0.572120000978359,0.139540908646154,0.369377511591234,0.107165249510613
2017-10-12,2017-10,0,0.112971318599521,0.141270693038399,0.0902708031351763,0.107818652385248
2017-10-13,2017-09,-1,,,0.3888590569959,0.103700583307857
2017-10-13,2017-10,0,0.119617074945668,0.140201667316568,0.09279549571032,0.107529930201685
2017-10-16,2017-09,-1,,,0.3888590569959,0.103700583307857
2017-10-16,2017-10,0,0.119617074945668,0.140201667316568,0.09279549571032,0.107529930201685
2017-10-17,2017-09,-1,,,0.3888590569959,0.103700583307857
2017-10-17,2017-10,0,0.100327920113384,0.140201667316568,0.0804908769564009,0.107529930201685
2017-10-18,2017-09,-1,,,0.3888590569959,0.103700583307857
2017-10-18,2017-10,0,0.100327920113384,0.140201667316568,0.0804908769564009,0.107529930201685
2017-10-19,2017-09,-1,,,0.3888590569959,0.103700583307857
2017-10-19,2017-10,0,0.100327920113384,0.140201667316568,0.0804908769564009,0.107529930201685
2017-10-20,2017-09,-1,,,0.3888590569959,0.103700583307857
2017-10-20,2017-10,0,0.100327920113384,0.140201667316568,0.0804908769564009,0.107529930201685
2017-10-23,2017-09,-1,,,0.3888590569959,0.103700583307857
2017-10-23,2017-10,0,0.100327920113384,0.140201667316568,0.0804908769564009,0.107529930201685
2017-10-24,2017-09,-1,,,0.3888590569959,0.103700583307857
2017-10-24,2017-10,0,0.0872974804128524,0.140201667316568,0.0721787142875297,0.107529930201685
2017-10-25,2017-09,-1,,,0.3888590569959,0.103700583307857
2017-10-25,2017-10,0,0.0872974804128524,0.140201667316568,0.0721787142875297,0.107529930201685
2017-10-26,2017-09,-1,,,0.3888590569959,0.103700583307857
2017-10-26,2017-10,0,0.0872974804128524,0.140201667316568,0.0721787142875297,0.107529930201685
2017-10-27,2017-09,-1,,,0.3888590569959,0.103700583307857
2017-10-27,2017-10,0,0.0872974804128524,0.140201667316568,0.0721787142875297,0.107529930201685
2017-10-30,2017-10,0,0.0872974804128524,0.140201667316568,0.0746320720606102,0.110077718046298
2017-10-31,2017-10,0,0.0814491728307241,0.140201667316568,0.0710801571027166,0.110077718046298
2017-11-01,2017-10,-1,0.0814491728307241,0.140201667316568,0.0710801571027166,0.110077718046298
2017-11-01,2017-11,0,0.352063337964572,0.139652219430683,0.233229656320154,0.109343174043479
2017-11-02,2017-10,-1,0.0814491728307241,0.140201667316568,0.0710801571027166,0.110077718046298
2017-11-02,2017-11,0,0.341384786355311,0.139652219430683,0.226744137790745,0.109343174043479
2017-11-03,2017-10,-1,0.0814491728307241,0.140201667316568,0.0710801571027166,0.110077718046298
2017-11-03,2017-11,0,0.34190569131186,0.139652219430683,0.227060504548278,0.109343174043479
2017-11-06,2017-10,-1,0.0814491728307241,0.140201667316568,0.0710801571027166,0.110077718046298
2017-11-06,2017-11,0,0.356230577616967,0.139652219430683,0.235760590380411,0.109343174043479
2017-11-07,2017-10,-1,0.0814491728307241,0.140201667316568,0.0710801571027166,0.110077718046298
2017-11-07,2017-11,0,0.355420284289306,0.139652219430683,0.235268466300003,0.109343174043479
2017-11-08,2017-10,-1,0.0814491728307241,0.140201667316568,0.0710801571027166,0.110077718046298
2017-11-08,2017-11,0,0.355420284289306,0.139652219430683,0.235268466300003,0.109343174043479
2017-11-09,2017-10,-1,0.0814491728307241,0.140201667316568,0.0710801571027166,0.110077718046298
2017-11-09,2017-11,0,0.355420284289306,0.139652219430683,0.235268466300003,0.109343174043479
2017-11-10,2017-10,-1,0.0814491728307241,0.140201667316568,0.0710801571027166,0.110077718046298
2017-11-10,2017-11,0,0.355420284289306,0.139652219430683,0.235268466300003,0.109343174043479
2017-11-13,2017-10,-1,0.0814491728307241,0.140201667316568,0.0710801571027166,0.110077718046298
2017-11-13,2017-11,0,0.355420284289306,0.139652219430683,0.235268466300003,0.109343174043479
2017-11-14,2017-10,-1,0.0814491728307241,0.140201667316568,0.0710801571027166,0.110077718046298
2017-11-14,2017-11,0,0.376822525188443,0.139652219430683,0.248266917307332,0.109343174043479
2017-11-15,2017-10,-1,,,0.0939497096666296,0.177812895601152
2017-11-15,2017-11,0,0.387277699429364,0.146687933001542,0.256929659357282,0.114987772173051
2017-11-16,2017-10,-1,,,0.0939497096666296,0.177812895601152
2017-11-16,2017-11,0,0.387277699429364,0.146687933001542,0.256929659357282,0.114987772173051
2017-11-17,2017-10,-1,,,0.0939497096666296,0.177812895601152
2017-11-17,2017-11,0,0.387277699429364,0.146687933001542,0.256929659357282,0.114987772173051
2017-11-20,2017-10,-1,,,0.0939497096666296,0.177812895601152
2017-11-20,2017-11,0,0.387277699429364,0.146687933001542,0.256929659357282,0.114987772173051
2017-11-21,2017-10,-1,,,0.0939497096666296,0.177812895601152
2017-11-21,2017-11,0,0.38444083554721,0.146687933001542,0.255195260758643,0.114987772173051
2017-11-22,2017-10,-1,,,0.0939497096666296,0.177812895601152
2017-11-22,2017-11,0,0.38444083554721,0.146687933001542,0.255195260758643,0.114987772173051
2017-11-24,2017-10,-1,,,0.0939497096666296,0.177812895601152
2017-11-24,2017-11,0,0.38444083554721,0.146687933001542,0.255195260758643,0.114987772173051
2017-11-27,2017-10,-1,,,0.0939497096666296,0.177812895601152
2017-11-27,2017-11,0,0.38444083554721,0.146687933001542,0.255195260758643,0.114987772173051
2017-11-28,2017-10,-1,,,0.0939497096666296,0.177812895601152
2017-11-28,2017-11,0,0.371565837928206,0.146687933001542,0.24732375942636,0.114987772173051
2017-11-29,2017-10,-1,,,0.0939497096666296,0.177812895601152
2017-11-29,2017-11,0,0.371565837928206,0.146687933001542,0.24732375942636,0.114987772173051
2017-11-30,2017-11,0,0.371565837928206,0.146687933001542,0.252724896905779,0.119870472861007
2017-12-01,2017-11,-1,0.371565837928206,0.146687933001542,0.252724896905779,0.119870472861007
2017-12-01,2017-12,0,0.154387432751264,0.143751954565731,0.128722193068654,0.126511434752006
2017-12-04,2017-11,-1,0.371565837928206,0.146687933001542,0.252724896905779,0.119870472861007
2017-12-04,2017-12,0,0.182532719121511,0.143751954565731,0.145878773748188,0.126511434752006
2017-12-05,2017-11,-1,0.371565837928206,0.146687933001542,0.252724896905779,0.119870472861007
2017-12-05,2017-12,0,0.0835710035022203,0.143751954565731,0.0855544751827879,0.126511434752006
2017-12-06,2017-11,-1,0.371565837928206,0.146687933001542,0.252724896905779,0.119870472861007
2017-12-06,2017-12,0,0.0835710035022203,0.143751954565731,0.0855544751827879,0.126511434752006
2017-12-07,2017-11,-1,0.371565837928206,0.146687933001542,0.252724896905779,0.119870472861007
2017-12-07,2017-12,0,0.0835710035022203,0.143751954565731,0.0855544751827879,0.126511434752006
2017-12-08,2017-11,-1,0.371565837928206,0.146687933001542,0.252724896905779,0.119870472861007
2017-12-08,2017-12,0,0.0835710035022203,0.143751954565731,0.0855544751827879,0.126511434752006
2017-12-11,2017-11,-1,0.371565837928206,0.146687933001542,0.252724896905779,0.119870472861007
2017-12-11,2017-12,0,0.0835710035022203,0.143751954565731,0.0855544751827879,0.126511434752006
2017-12-12,2017-11,-1,0.371565837928206,0.146687933001542,0.252724896905779,0.119870472861007
2017-12-12,2017-12,0,0.0733174612689092,0.143751954565731,0.0793042021437196,0.126511434752006
2017-12-13,2017-11,-1,,,0.288459734508267,0.103389491340219
2017-12-13,2017-12,0,0.0662097769361041,0.141261165109187,0.0753948774974248,0.125138019625274
2017-12-14,2017-11,-1,,,0.288459734508267,0.103389491340219
2017-12-14,2017-12,0,0.0662097769361041,0.141261165109187,0.0753948774974248,0.125138019625274
2017-12-15,2017-11,-1,,,0.288459734508267,0.103389491340219
2017-12-15,2017-12,0,0.0662097769361041,0.141261165109187,0.0753948774974248,0.125138019625274
2017-12-18,2017-11,-1,,,0.288459734508267,0.103389491340219
2017-12-18,2017-12,0,0.0662097769361041,0.141261165109187,0.0753948774974248,0.125138019625274
2017-12-19,2017-11,-1,,,0.288459734508267,0.103389491340219
2017-12-19,2017-12,0,0.0479064972452948,0.141261165109187,0.0640996191498042,0.125138019625274
2017-12-20,2017-11,-1,,,0.288459734508267,0.103389491340219
2017-12-20,2017-12,0,0.0479064972452948,0.141261165109187,0.0640996191498042,0.125138019625274
2017-12-21,2017-11,-1,,,0.288459734508267,0.103389491340219
2017-12-21,2017-12,0,0.0479064972452948,0.141261165109187,0.0640996191498042,0.125138019625274
2017-12-22,2017-12,0,0.0479064972452948,0.141261165109187,0.0611916405383623,0.12268322951797
2017-12-26,2017-12,0,0.0479064972452948,0.141261165109187,0.0611916405383623,0.12268322951797
2017-12-27,2017-12,0,0.0457859953298964,0.141261165109187,0.059900104444635,0.12268322951797
2017-12-28,2017-12,0,0.0457859953298964,0.141261165109187,0.059900104444635,0.12268322951797
2017-12-29,2017-12,0,0.0457859953298964,0.141261165109187,0.059900104444635,0.12268322951797
2018-01-02,2017-12,-1,0.0457859953298964,0.141261165109187,0.059900104444635,0.12268322951797
2018-01-02,2018-01,0,0.330223355892861,0.134693609367277,0.234425506654517,0.1207092429354
2018-01-03,2017-12,-1,0.0457859953298964,0.141261165109187,0.059900104444635,0.12268322951797
2018-01-03,2018-01,0,0.270589871532159,0.134693609367277,0.198104484311986,0.1207092429354
2018-01-04,2017-12,-1,0.0457859953298964,0.141261165109187,0.059900104444635,0.12268322951797
2018-01-04,2018-01,0,0.270589871532159,0.134693609367277,0.198104484311986,0.1207092429354
2018-01-05,2017-12,-1,0.0457859953298964,0.141261165109187,0.059900104444635,0.12268322951797
2018-01-05,2018-01,0,0.270589871532159,0.134693609367277,0.198104484311986,0.1207092429354
2018-01-08,2017-12,-1,0.0457859953298964,0.141261165109187,0.059900104444635,0.12268322951797
2018-01-08,2018-01,0,0.270589871532159,0.134693609367277,0.198104484311986,0.1207092429354
2018-01-09,2017-12,-1,0.0457859953298964,0.141261165109187,0.059900104444635,0.12268322951797
2018-01-09,2018-01,0,0.271972379616709,0.134693609367277,0.198946529809846,0.1207092429354
2018-01-10,2017-12,-1,0.0457859953298964,0.141261165109187,0.059900104444635,0.12268322951797
2018-01-10,2018-01,0,0.271972379616709,0.134693609367277,0.198946529809846,0.1207092429354
2018-01-11,2017-12,-1,0.0457859953298964,0.141261165109187,0.059900104444635,0.12268322951797
2018-01-11,2018-01,0,0.271972379616709,0.134693609367277,0.198946529809846,0.1207092429354
2018-01-12,2017-12,-1,,,0.127519444852173,0.229214562957719
2018-01-12,2018-01,0,0.280000710019835,0.145978395244791,0.205469797979315,0.129586854055379
2018-01-16,2017-12,-1,,,0.127519444852173,0.229214562957719
2018-01-16,2018-01,0,0.280000710019835,0.145978395244791,0.205469797979315,0.129586854055379
2018-01-17,2017-12,-1,,,0.127519444852173,0.229214562957719
2018-01-17,2018-01,0,0.295950397421431,0.145978395244791,0.215200430536037,0.129586854055379
2018-01-18,2017-12,-1,,,0.127519444852173,0.229214562957719
2018-01-18,2018-01,0,0.295950397421431,0.145978395244791,0.215200430536037,0.129586854055379
2018-01-19,2017-12,-1,,,0.127519444852173,0.229214562957719
2018-01-19,2018-01,0,0.295950397421431,0.145978395244791,0.215200430536037,0.129586854055379
2018-01-22,2017-12,-1,,,0.127519444852173,0.229214562957719
2018-01-22,2018-01,0,0.295950397421431,0.145978395244791,0.215200430536037,0.129586854055379
2018-01-23,2017-12,-1,,,0.127519444852173,0.229214562957719
2018-01-23,2018-01,0,0.307684810295461,0.145978395244791,0.222359395917052,0.129586854055379
2018-01-24,2017-12,-1,,,0.127519444852173,0.229214562957719
2018-01-24,2018-01,0,0.307684810295461,0.145978395244791,0.222359395917052,0.129586854055379
2018-01-25,2017-12,-1,,,0.127519444852173,0.229214562957719
2018-01-25,2018-01,0,0.307684810295461,0.145978395244791,0.222359395917052,0.129586854055379
2018-01-26,2017-12,-1,,,0.127519444852173,0.229214562957719
2018-01-26,2018-01,0,0.307684810295461,0.145978395244791,0.222359395917052,0.129586854055379
2018-01-29,2018-01,0,0.307684810295461,0.145978395244791,0.21982088875594,0.126168969215099
2018-01-30,2018-01,0,0.325388963311233,0.145978395244791,0.230531648998868,0.126168969215099
2018-01-31,2018-01,0,0.325388963311233,0.145978395244791,0.230531648998868,0.126168969215099
2018-02-01,2018-01,-1,0.325388963311233,0.145978395244791,0.230531648998868,0.126168969215099
2018-02-01,2018-02,0,0.143136440574083,0.132477929445792,0.116396699607675,0.113140462407568
2018-02-02,2018-01,-1,0.325388963311233,0.145978395244791,0.230531648998868,0.126168969215099
2018-02-02,2018-02,0,0.164795222501027,0.132477929445792,0.129499953977805,0.113140462407568
2018-02-05,2018-01,-1,0.325388963311233,0.145978395244791,0.230531648998868,0.126168969215099
2018-02-05,2018-02,0,0.150264647284217,0.132477929445792,0.120709163071262,0.113140462407568
2018-02-06,2018-01,-1,0.325388963311233,0.145978395244791,0.230531648998868,0.126168969215099
2018-02-06,2018-02,0,0.206469873121633,0.132477929445792,0.154712523627844,0.113140462407568
2018-02-07,2018-01,-1,0.313016334730286,0.145602265404728,0.230371449948399,0.126168969215099
2018-02-07,2018-02,0,0.157688242589191,0.135568766182782,0.125097083678882,0.113140462407568
2018-02-08,2018-01,-1,0.313016334730286,0.145602265404728,0.230371449948399,0.126168969215099
2018-02-08,2018-02,0,0.157688242589191,0.135568766182782,0.125097083678882,0.113140462407568
2018-02-09,2018-01,-1,0.313016334730286,0.145602265404728,0.230371449948399,0.126168969215099
2018-02-09,2018-02,0,0.157688242589191,0.135568766182782,0.125097083678882,0.113140462407568
2018-02-12,2018-01,-1,0.313016334730286,0.145602265404728,0.230371449948399,0.126168969215099
2018-02-12,2018-02,0,0.157688242589191,0.135568766182782,0.125097083678882,0.113140462407568
2018-02-13,2018-01,-1,0.313016334730286,0.145602265404728,0.230371449948399,0.126168969215099
2018-02-13,2018-02,0,0.138926907355425,0.135568766182782,0.113243393692584,0.113140462407568
2018-02-14,2018-01,-1,,,0.390114849947048,0.325589314984168
2018-02-14,2018-02,0,0.156338293715431,0.152556280132567,0.128084112386105,0.12975882455499
2018-02-15,2018-01,-1,,,0.390114849947048,0.325589314984168
2018-02-15,2018-02,0,0.156338293715431,0.152556280132567,0.128084112386105,0.12975882455499
2018-02-16,2018-01,-1,,,0.390114849947048,0.325589314984168
2018-02-16,2018-02,0,0.156338293715431,0.152556280132567,0.128084112386105,0.12975882455499
2018-02-20,2018-01,-1,,,0.390114849947048,0.325589314984168
2018-02-20,2018-02,0,0.156338293715431,0.152556280132567,0.128084112386105,0.12975882455499
2018-02-21,2018-01,-1,,,0.390114849947048,0.325589314984168
2018-02-21,2018-02,0,0.129088881543507,0.152556280132567,0.111193305002676,0.12975882455499
2018-02-22,2018-01,-1,,,0.390114849947048,0.325589314984168
2018-02-22,2018-02,0,0.129088881543507,0.152556280132567,0.111193305002676,0.12975882455499
2018-02-23,2018-01,-1,,,0.390114849947048,0.325589314984168
2018-02-23,2018-02,0,0.129088881543507,0.152556280132567,0.111193305002676,0.12975882455499
2018-02-26,2018-01,-1,,,0.390114849947048,0.325589314984168
2018-02-26,2018-02,0,0.129088881543507,0.152556280132567,0.111193305002676,0.12975882455499
2018-02-27,2018-01,-1,,,0.390114849947048,0.325589314984168
2018-02-27,2018-02,0,0.112194245996914,0.152556280132567,0.100721004424951,0.12975882455499
2018-02-28,2018-01,-1,,,0.390114849947048,0.325589314984168
2018-02-28,2018-02,0,0.112194245996914,0.152556280132567,0.100721004424951,0.12975882455499
2018-03-01,2018-02,-1,0.112194245996914,0.152556280132567,0.0992265476795753,0.125451365511521
2018-03-01,2018-03,0,-0.0518607129432655,0.151073503837861,-0.0035130464164411,0.122353102091676
2018-03-02,2018-02,-1,0.112194245996914,0.152556280132567,0.0992265476795753,0.125451365511521
2018-03-02,2018-03,0,-0.0748566095182783,0.151073503837861,-0.0176926495961173,0.122353102091676
2018-03-05,2018-02,-1,0.112194245996914,0.152556280132567,0.0992265476795753,0.125451365511521
2018-03-05,2018-03,0,-0.0717815768367359,0.151073503837861,-0.0157965398686025,0.122353102091676
2018-03-06,2018-02,-1,0.112194245996914,0.152556280132567,0.0992265476795753,0.125451365511521
2018-03-06,2018-03,0,-0.0752510908984544,0.151073503837861,-0.0179358925335876,0.122353102091676
2018-03-07,2018-02,-1,0.112194245996914,0.152556280132567,0.0992265476795753,0.125451365511521
2018-03-07,2018-03,0,-0.0752510908984544,0.151073503837861,-0.0179358925335876,0.122353102091676
2018-03-08,2018-02,-1,0.112194245996914,0.152556280132567,0.0992265476795753,0.125451365511521
2018-03-08,2018-03,0,-0.0752510908984544,0.151073503837861,-0.0179358925335876,0.122353102091676
2018-03-09,2018-02,-1,0.112194245996914,0.152556280132567,0.0992265476795753,0.125451365511521
2018-03-09,2018-03,0,-0.0752510908984544,0.151073503837861,-0.0179358925335876,0.122353102091676
2018-03-12,2018-02,-1,0.112194245996914,0.152556280132567,0.0992265476795753,0.125451365511521
2018-03-12,2018-03,0,-0.0752510908984544,0.151073503837861,-0.0179358925335876,0.122353102091676
2018-03-13,2018-02,-1,,,0.123427982380222,0.152095283954719
2018-03-13,2018-03,0,-0.0681604595911629,0.153506832116033,-0.0190407420635125,0.124573428628609
2018-03-14,2018-02,-1,,,0.123427982380222,0.152095283954719
2018-03-14,2018-03,0,-0.0681604595911629,0.153506832116033,-0.0190407420635125,0.124573428628609
2018-03-15,2018-02,-1,,,0.123427982380222,0.152095283954719
2018-03-15,2018-03,0,-0.0681604595911629,0.153506832116033,-0.0190407420635125,0.124573428628609
2018-03-16,2018-02,-1,,,0.123427982380222,0.152095283954719
2018-03-16,2018-03,0,-0.0681604595911629,0.153506832116033,-0.0190407420635125,0.124573428628609
2018-03-19,2018-02,-1,,,0.123427982380222,0.152095283954719
2018-03-19,2018-03,0,-0.0681604595911629,0.153506832116033,-0.0190407420635125,0.124573428628609
2018-03-20,2018-02,-1,,,0.123427982380222,0.152095283954719
2018-03-20,2018-03,0,-0.0522674830507329,0.153506832116033,-0.0089856012626363,0.124573428628609
2018-03-21,2018-02,-1,,,0.123427982380222,0.152095283954719
2018-03-21,2018-03,0,-0.0522674830507329,0.153506832116033,-0.0089856012626363,0.124573428628609
2018-03-22,2018-02,-1,,,0.123427982380222,0.152095283954719
2018-03-22,2018-03,0,-0.0522674830507329,0.153506832116033,-0.0089856012626363,0.124573428628609
2018-03-23,2018-02,-1,,,0.123427982380222,0.152095283954719
2018-03-23,2018-03,0,-0.0522674830507329,0.153506832116033,-0.0089856012626363,0.124573428628609
2018-03-26,2018-02,-1,,,0.123427982380222,0.152095283954719
2018-03-26,2018-03,0,-0.0522674830507329,0.153506832116033,-0.0089856012626363,0.124573428628609
2018-03-27,2018-02,-1,,,0.123427982380222,0.152095283954719
2018-03-27,2018-03,0,-0.0292644906895854,0.153506832116033,0.0055678920017889,0.124573428628609
2018-03-28,2018-02,-1,,,0.123427982380222,0.152095283954719
2018-03-28,2018-03,0,-0.0292644906895854,0.153506832116033,0.0055678920017889,0.124573428628609
2018-03-29,2018-03,0,-0.0292644906895854,0.153506832116033,0.0124834491063422,0.132107406406182
2018-03-30,2018-03,0,-0.0292644906895854,0.153506832116033,0.0124834491063422,0.132107406406182
2018-04-02,2018-03,-1,-0.0292644906895854,0.153506832116033,0.0124834491063422,0.132107406406182
2018-04-02,2018-04,0,0.184058801966348,0.172405824853755,0.159146485680664,0.155833584939226
2018-04-03,2018-03,-1,-0.0292644906895854,0.153506832116033,0.0124834491063422,0.132107406406182
2018-04-03,2018-04,0,0.238657123959985,0.172405824853755,0.193970982814952,0.155833584939226
2018-04-04,2018-03,-1,-0.0292644906895854,0.153506832116033,0.0124834491063422,0.132107406406182
2018-04-04,2018-04,0,0.238657123959985,0.172405824853755,0.193970982814952,0.155833584939226
2018-04-05,2018-03,-1,-0.0292644906895854,0.153506832116033,0.0124834491063422,0.132107406406182
2018-04-05,2018-04,0,0.238657123959985,0.172405824853755,0.193970982814952,0.155833584939226
2018-04-06,2018-03,-1,-0.0292644906895854,0.153506832116033,0.0124834491063422,0.132107406406182
2018-04-06,2018-04,0,0.238657123959985,0.172405824853755,0.193970982814952,0.155833584939226
2018-04-09,2018-03,-1,-0.0292644906895854,0.153506832116033,0.0124834491063422,0.132107406406182
2018-04-09,2018-04,0,0.238657123959985,0.172405824853755,0.193970982814952,0.155833584939226
2018-04-10,2018-03,-1,-0.0292644906895854,0.153506832116033,0.0124834491063422,0.132107406406182
2018-04-10,2018-04,0,0.234898903266006,0.172405824853755,0.191573873508136,0.155833584939226
2018-04-11,2018-03,-1,,,-0.0308104321184911,0.150671825633228
2018-04-11,2018-04,0,0.235080287479065,0.174243704334021,0.191323588283829,0.157380619874813
2018-04-12,2018-03,-1,,,-0.0308104321184911,0.150671825633228
2018-04-12,2018-04,0,0.235080287479065,0.174243704334021,0.191323588283829,0.157380619874813
2018-04-13,2018-03,-1,,,-0.0308104321184911,0.150671825633228
2018-04-13,2018-04,0,0.235080287479065,0.174243704334021,0.191323588283829,0.157380619874813
2018-04-16,2018-03,-1,,,-0.0308104321184911,0.150671825633228
2018-04-16,2018-04,0,0.235080287479065,0.174243704334021,0.191323588283829,0.157380619874813
2018-04-17,2018-03,-1,,,-0.0308104321184911,0.150671825633228
2018-04-17,2018-04,0,0.256128654958394,0.174243704334021,0.205065414398636,0.157380619874813
2018-04-18,2018-03,-1,,,-0.0308104321184911,0.150671825633228
2018-04-18,2018-04,0,0.256128654958394,0.174243704334021,0.205065414398636,0.157380619874813
2018-04-19,2018-03,-1,,,-0.0308104321184911,0.150671825633228
2018-04-19,2018-04,0,0.256128654958394,0.174243704334021,0.205065414398636,0.157380619874813
2018-04-20,2018-03,-1,,,-0.0308104321184911,0.150671825633228
2018-04-20,2018-04,0,0.256128654958394,0.174243704334021,0.205065414398636,0.157380619874813
2018-04-23,2018-03,-1,,,-0.0308104321184911,0.150671825633228
2018-04-23,2018-04,0,0.256128654958394,0.174243704334021,0.205065414398636,0.157380619874813
2018-04-24,2018-03,-1,,,-0.0308104321184911,0.150671825633228
2018-04-24,2018-04,0,0.283083452087535,0.174243704334021,0.222663365188518,0.157380619874813
2018-04-25,2018-03,-1,,,-0.0308104321184911,0.150671825633228
2018-04-25,2018-04,0,0.283083452087535,0.174243704334021,0.222663365188518,0.157380619874813
2018-04-26,2018-03,-1,,,-0.0308104321184911,0.150671825633228
2018-04-26,2018-04,0,0.283083452087535,0.174243704334021,0.222663365188518,0.157380619874813
2018-04-27,2018-03,-1,,,-0.0308104321184911,0.150671825633228
2018-04-27,2018-04,0,0.283083452087535,0.174243704334021,0.222663365188518,0.157380619874813
2018-04-30,2018-04,0,0.283083452087535,0.174243704334021,0.222116947972372,0.155521255135432
2018-05-01,2018-04,-1,0.311369880628634,0.174243704334021,0.239863919219068,0.155521255135432
2018-05-01,2018-05,0,0.109130370703084,0.181423888253043,0.104835490789427,0.153226981871707
2018-05-02,2018-04,-1,0.311369880628634,0.174243704334021,0.239863919219068,0.155521255135432
2018-05-02,2018-05,0,0.0738875901646104,0.181423888253043,0.0827240880734157,0.153226981871707
2018-05-03,2018-04,-1,0.311369880628634,0.174243704334021,0.239863919219068,0.155521255135432
2018-05-03,2018-05,0,0.0766176647133647,0.181423888253043,0.0844369432133879,0.153226981871707
2018-05-04,2018-04,-1,0.311369880628634,0.174243704334021,0.239863919219068,0.155521255135432
2018-05-04,2018-05,0,0.0794304687939003,0.181423888253043,0.0862017030545721,0.153226981871707
2018-05-07,2018-04,-1,0.311369880628634,0.174243704334021,0.239863919219068,0.155521255135432
2018-05-07,2018-05,0,0.0882204815455742,0.181423888253043,0.0917165775582725,0.153226981871707
2018-05-08,2018-04,-1,0.311369880628634,0.174243704334021,0.239863919219068,0.155521255135432
2018-05-08,2018-05,0,0.149504659269984,0.181423888253043,0.130166413612064,0.153226981871707
2018-05-09,2018-04,-1,0.311369880628634,0.174243704334021,0.239863919219068,0.155521255135432
2018-05-09,2018-05,0,0.149504659269984,0.181423888253043,0.130166413612064,0.153226981871707
2018-05-10,2018-04,-1,,,0.176075191075042,0.076932344565324
2018-05-10,2018-05,0,0.146068964857684,0.175035247526275,0.126820338389199,0.146677905990865
2018-05-11,2018-04,-1,,,0.176075191075042,0.076932344565324
2018-05-11,2018-05,0,0.146068964857684,0.175035247526275,0.126820338389199,0.146677905990865
2018-05-14,2018-04,-1,,,0.176075191075042,0.076932344565324
2018-05-14,2018-05,0,0.146068964857684,0.175035247526275,0.126820338389199,0.146677905990865
2018-05-15,2018-04,-1,,,0.176075191075042,0.076932344565324
2018-05-15,2018-05,0,0.139487794064578,0.175035247526275,0.122610813913643,0.146677905990865
2018-05-16,2018-04,-1,,,0.176075191075042,0.076932344565324
2018-05-16,2018-05,0,0.139487794064578,0.175035247526275,0.122610813913643,0.146677905990865
2018-05-17,2018-04,-1,,,0.176075191075042,0.076932344565324
2018-05-17,2018-05,0,0.139487794064578,0.175035247526275,0.122610813913643,0.146677905990865
2018-05-18,2018-04,-1,,,0.176075191075042,0.076932344565324
2018-05-18,2018-05,0,0.139487794064578,0.175035247526275,0.122610813913643,0.146677905990865
2018-05-21,2018-04,-1,,,0.176075191075042,0.076932344565324
2018-05-21,2018-05,0,0.139487794064578,0.175035247526275,0.122610813913643,0.146677905990865
2018-05-22,2018-04,-1,,,0.176075191075042,0.076932344565324
2018-05-22,2018-05,0,0.157237012264166,0.175035247526275,0.133963773862868,0.146677905990865
2018-05-23,2018-04,-1,,,0.176075191075042,0.076932344565324
2018-05-23,2018-05,0,0.157237012264166,0.175035247526275,0.133963773862868,0.146677905990865
2018-05-24,2018-04,-1,,,0.176075191075042,0.076932344565324
2018-05-24,2018-05,0,0.157237012264166,0.175035247526275,0.133963773862868,0.146677905990865
2018-05-25,2018-04,-1,,,0.176075191075042,0.076932344565324
2018-05-25,2018-05,0,0.157237012264166,0.175035247526275,0.133963773862868,0.146677905990865
2018-05-29,2018-04,-1,,,0.176075191075042,0.076932344565324
2018-05-29,2018-05,0,0.157237012264166,0.175035247526275,0.133963773862868,0.146677905990865
2018-05-30,2018-04,-1,,,0.176075191075042,0.076932344565324
2018-05-30,2018-05,0,0.178077386442332,0.175035247526275,0.147293934702127,0.146677905990865
2018-05-31,2018-05,0,0.178077386442332,0.175035247526275,0.148021845295399,0.149057082680165
2018-06-01,2018-05,-1,0.178077386442332,0.175035247526275,0.148021845295399,0.149057082680165
2018-06-01,2018-06,0,0.185812070568761,0.18278561305972,0.156009707578458,0.155417470124897
2018-06-04,2018-05,-1,0.178077386442332,0.175035247526275,0.148021845295399,0.149057082680165
2018-06-04,2018-06,0,0.163187921036042,0.18278561305972,0.14180077803347,0.155417470124897
2018-06-05,2018-05,-1,0.178077386442332,0.175035247526275,0.148021845295399,0.149057082680165
2018-06-05,2018-06,0,0.214837861152664,0.18278561305972,0.174239140370964,0.155417470124897
2018-06-06,2018-05,-1,0.178077386442332,0.175035247526275,0.148021845295399,0.149057082680165
2018-06-06,2018-06,0,0.214837861152664,0.18278561305972,0.174239140370964,0.155417470124897
2018-06-07,2018-05,-1,0.178077386442332,0.175035247526275,0.148021845295399,0.149057082680165
2018-06-07,2018-06,0,0.214837861152664,0.18278561305972,0.174239140370964,0.155417470124897
2018-06-08,2018-05,-1,0.178077386442332,0.175035247526275,0.148021845295399,0.149057082680165
2018-06-08,2018-06,0,0.214837861152664,0.18278561305972,0.174239140370964,0.155417470124897
2018-06-11,2018-05,-1,0.178077386442332,0.175035247526275,0.148021845295399,0.149057082680165
2018-06-11,2018-06,0,0.214837861152664,0.18278561305972,0.174239140370964,0.155417470124897
2018-06-12,2018-05,-1,,,0.165187169449093,0.144890393083802
2018-06-12,2018-06,0,0.200068603767181,0.182464631312755,0.164270215456637,0.155070245991867
2018-06-13,2018-05,-1,,,0.165187169449093,0.144890393083802
2018-06-13,2018-06,0,0.200068603767181,0.182464631312755,0.164270215456637,0.155070245991867
2018-06-14,2018-05,-1,,,0.165187169449093,0.144890393083802
2018-06-14,2018-06,0,0.200068603767181,0.182464631312755,0.164270215456637,0.155070245991867
2018-06-15,2018-05,-1,,,0.165187169449093,0.144890393083802
2018-06-15,2018-06,0,0.200068603767181,0.182464631312755,0.164270215456637,0.155070245991867
2018-06-18,2018-05,-1,,,0.165187169449093,0.144890393083802
2018-06-18,2018-06,0,0.200068603767181,0.182464631312755,0.164270215456637,0.155070245991867
2018-06-19,2018-05,-1,,,0.165187169449093,0.144890393083802
2018-06-19,2018-06,0,0.182557833673721,0.182464631312755,0.153326698375676,0.155070245991867
2018-06-20,2018-05,-1,,,0.165187169449093,0.144890393083802
2018-06-20,2018-06,0,0.182557833673721,0.182464631312755,0.153326698375676,0.155070245991867
2018-06-21,2018-05,-1,,,0.165187169449093,0.144890393083802
2018-06-21,2018-06,0,0.182557833673721,0.182464631312755,0.153326698375676,0.155070245991867
2018-06-22,2018-05,-1,,,0.165187169449093,0.144890393083802
2018-06-22,2018-06,0,0.182557833673721,0.182464631312755,0.153326698375676,0.155070245991867
2018-06-25,2018-05,-1,,,0.165187169449093,0.144890393083802
2018-06-25,2018-06,0,0.182557833673721,0.182464631312755,0.153326698375676,0.155070245991867
2018-06-26,2018-05,-1,,,0.165187169449093,0.144890393083802
2018-06-26,2018-06,0,0.160813690590632,0.182464631312755,0.139737495846571,0.155070245991867
2018-06-27,2018-05,-1,,,0.165187169449093,0.144890393083802
2018-06-27,2018-06,0,0.160813690590632,0.182464631312755,0.139737495846571,0.155070245991867
2018-06-28,2018-05,-1,,,0.165187169449093,0.144890393083802
2018-06-28,2018-06,0,0.160813690590632,0.182464631312755,0.139737495846571,0.155070245991867
2018-06-29,2018-06,0,0.160813690590632,0.182464631312755,0.145309806106938,0.161508974544359
2018-07-02,2018-06,-1,0.160813690590632,0.182464631312755,0.145309806106938,0.161508974544359
2018-07-02,2018-07,0,0.256602123069027,0.185766723723582,0.205708778534429,0.163888852749936
2018-07-03,2018-06,-1,0.160813690590632,0.182464631312755,0.145309806106938,0.161508974544359
2018-07-03,2018-07,0,0.142718736778319,0.185766723723582,0.134143758820374,0.163888852749936
2018-07-05,2018-06,-1,0.160813690590632,0.182464631312755,0.145309806106938,0.161508974544359
2018-07-05,2018-07,0,0.142718736778319,0.185766723723582,0.134143758820374,0.163888852749936
2018-07-06,2018-06,-1,0.160813690590632,0.182464631312755,0.145309806106938,0.161508974544359
2018-07-06,2018-07,0,0.142718736778319,0.185766723723582,0.134143758820374,0.163888852749936
2018-07-09,2018-06,-1,0.160813690590632,0.182464631312755,0.145309806106938,0.161508974544359
2018-07-09,2018-07,0,0.142718736778319,0.185766723723582,0.134143758820374,0.163888852749936
2018-07-10,2018-06,-1,0.160813690590632,0.182464631312755,0.145309806106938,0.161508974544359
2018-07-10,2018-07,0,0.150266947286577,0.185766723723582,0.138887100684572,0.163888852749936
2018-07-11,2018-06,-1,0.160813690590632,0.182464631312755,0.145309806106938,0.161508974544359
2018-07-11,2018-07,0,0.150266947286577,0.185766723723582,0.138887100684572,0.163888852749936
2018-07-12,2018-06,-1,,,0.114679008609125,0.140801598054192
2018-07-12,2018-07,0,0.14853351572327,0.184056141632581,0.137159293851911,0.162163238042422
2018-07-13,2018-06,-1,,,0.114679008609125,0.140801598054192
2018-07-13,2018-07,0,0.14853351572327,0.184056141632581,0.137159293851911,0.162163238042422
2018-07-16,2018-06,-1,,,0.114679008609125,0.140801598054192
2018-07-16,2018-07,0,0.14853351572327,0.184056141632581,0.137159293851911,0.162163238042422
2018-07-17,2018-06,-1,,,0.114679008609125,0.140801598054192
2018-07-17,2018-07,0,0.153409550132039,0.184056141632581,0.140257681385845,0.162163238042422
2018-07-18,2018-06,-1,,,0.114679008609125,0.140801598054192
2018-07-18,2018-07,0,0.153409550132039,0.184056141632581,0.140257681385845,0.162163238042422
2018-07-19,2018-06,-1,,,0.114679008609125,0.140801598054192
2018-07-19,2018-07,0,0.153409550132039,0.184056141632581,0.140257681385845,0.162163238042422
2018-07-20,2018-06,-1,,,0.114679008609125,0.140801598054192
2018-07-20,2018-07,0,0.153409550132039,0.184056141632581,0.140257681385845,0.162163238042422
2018-07-23,2018-06,-1,,,0.114679008609125,0.140801598054192
2018-07-23,2018-07,0,0.153409550132039,0.184056141632581,0.140257681385845,0.162163238042422
2018-07-24,2018-06,-1,,,0.114679008609125,0.140801598054192
2018-07-24,2018-07,0,0.146485581271588,0.184056141632581,0.135857971087659,0.162163238042422
2018-07-25,2018-06,-1,,,0.114679008609125,0.140801598054192
2018-07-25,2018-07,0,0.146485581271588,0.184056141632581,0.135857971087659,0.162163238042422
2018-07-26,2018-06,-1,,,0.114679008609125,0.140801598054192
2018-07-26,2018-07,0,0.146485581271588,0.184056141632581,0.135857971087659,0.162163238042422
2018-07-31,2018-07,0,0.145373845426389,0.184056141632581,0.127223244874696,0.157015263630524
2018-08-01,2018-07,-1,0.145373845426389,0.184056141632581,0.127223244874696,0.157015263630524
2018-08-01,2018-08,0,0.268554505013007,0.187474728746194,0.205715512379469,0.162142981358482
2018-08-02,2018-07,-1,0.145373845426389,0.184056141632581,0.127223244874696,0.157015263630524
2018-08-02,2018-08,0,0.224915705307061,0.187474728746194,0.178692688473718,0.162142981358482
2018-08-03,2018-07,-1,0.145373845426389,0.184056141632581,0.127223244874696,0.157015263630524
2018-08-03,2018-08,0,0.236418323707813,0.187474728746194,0.185815552383658,0.162142981358482
2018-08-06,2018-07,-1,0.145373845426389,0.184056141632581,0.127223244874696,0.157015263630524
2018-08-06,2018-08,0,0.239699139265416,0.187474728746194,0.187847159615702,0.162142981358482
2018-08-07,2018-07,-1,0.145373845426389,0.184056141632581,0.127223244874696,0.157015263630524
2018-08-07,2018-08,0,0.295371966479131,0.187474728746194,0.222321916397947,0.162142981358482
2018-08-08,2018-07,-1,0.145373845426389,0.184056141632581,0.127223244874696,0.157015263630524
2018-08-08,2018-08,0,0.295371966479131,0.187474728746194,0.222321916397947,0.162142981358482
2018-08-09,2018-07,-1,0.145373845426389,0.184056141632581,0.127223244874696,0.157015263630524
2018-08-09,2018-08,0,0.295371966479131,0.187474728746194,0.222321916397947,0.162142981358482
2018-08-10,2018-07,-1,,,0.147216822204911,0.198635237291357
2018-08-10,2018-08,0,0.29886207785352,0.192378582952043,0.224661785285446,0.165611312496885
2018-08-13,2018-07,-1,,,0.147216822204911,0.198635237291357
2018-08-13,2018-08,0,0.29886207785352,0.192378582952043,0.224661785285446,0.165611312496885
2018-08-14,2018-07,-1,,,0.147216822204911,0.198635237291357
2018-08-14,2018-08,0,0.293474683769668,0.192378582952043,0.221370269336828,0.165611312496885
2018-08-15,2018-07,-1,,,0.147216822204911,0.198635237291357
2018-08-15,2018-08,0,0.293474683769668,0.192378582952043,0.221370269336828,0.165611312496885
2018-08-16,2018-07,-1,,,0.147216822204911,0.198635237291357
2018-08-16,2018-08,0,0.293474683769668,0.192378582952043,0.221370269336828,0.165611312496885
2018-08-17,2018-07,-1,,,0.147216822204911,0.198635237291357
2018-08-17,2018-08,0,0.293474683769668,0.192378582952043,0.221370269336828,0.165611312496885
2018-08-20,2018-07,-1,,,0.147216822204911,0.198635237291357
2018-08-20,2018-08,0,0.293474683769668,0.192378582952043,0.221370269336828,0.165611312496885
2018-08-21,2018-07,-1,,,0.147216822204911,0.198635237291357
2018-08-21,2018-08,0,0.283298494944612,0.192378582952043,0.215152961433884,0.165611312496885
2018-08-22,2018-07,-1,,,0.147216822204911,0.198635237291357
2018-08-22,2018-08,0,0.283298494944612,0.192378582952043,0.215152961433884,0.165611312496885
2018-08-23,2018-07,-1,,,0.147216822204911,0.198635237291357
2018-08-23,2018-08,0,0.283298494944612,0.192378582952043,0.215152961433884,0.165611312496885
2018-08-24,2018-07,-1,,,0.147216822204911,0.198635237291357
2018-08-24,2018-08,0,0.283298494944612,0.192378582952043,0.215152961433884,0.165611312496885
2018-08-27,2018-07,-1,,,0.147216822204911,0.198635237291357
2018-08-27,2018-08,0,0.283298494944612,0.192378582952043,0.215152961433884,0.165611312496885
2018-08-28,2018-07,-1,,,0.147216822204911,0.198635237291357
2018-08-28,2018-08,0,0.280006198560035,0.192378582952043,0.213141479465284,0.165611312496885
2018-08-29,2018-07,-1,,,0.147216822204911,0.198635237291357
2018-08-29,2018-08,0,0.280006198560035,0.192378582952043,0.213141479465284,0.165611312496885
2018-08-30,2018-08,0,0.280006198560035,0.192378582952043,0.212244415633587,0.163840841307868
2018-08-31,2018-08,0,0.280006198560035,0.192378582952043,0.212244415633587,0.163840841307868
2018-09-04,2018-08,-1,0.280006198560035,0.192378582952043,0.212244415633587,0.163840841307868
2018-09-04,2018-09,0,0.259128158864636,0.189895286593205,0.205135970124419,0.169004703864561
2018-09-05,2018-08,-1,0.280006198560035,0.192378582952043,0.212244415633587,0.163840841307868
2018-09-05,2018-09,0,0.154635877782849,0.189895286593205,0.141449886479505,0.169004703864561
2018-09-06,2018-08,-1,0.280006198560035,0.192378582952043,0.212244415633587,0.163840841307868
2018-09-06,2018-09,0,0.154635877782849,0.189895286593205,0.141449886479505,0.169004703864561
2018-09-07,2018-08,-1,0.280006198560035,0.192378582952043,0.212244415633587,0.163840841307868
2018-09-07,2018-09,0,0.154635877782849,0.189895286593205,0.141449886479505,0.169004703864561
2018-09-10,2018-08,-1,0.280006198560035,0.192378582952043,0.212244415633587,0.163840841307868
2018-09-10,2018-09,0,0.154635877782849,0.189895286593205,0.141449886479505,0.169004703864561
2018-09-11,2018-08,-1,0.280006198560035,0.192378582952043,0.212244415633587,0.163840841307868
2018-09-11,2018-09,0,0.160048320915285,0.189895286593205,0.144748668958815,0.169004703864561
2018-09-12,2018-08,-1,0.280006198560035,0.192378582952043,0.212244415633587,0.163840841307868
2018-09-12,2018-09,0,0.160048320915285,0.189895286593205,0.144748668958815,0.169004703864561
2018-09-13,2018-08,-1,,,0.175938505157349,0.0887927876016787
2018-09-13,2018-09,0,0.151115650982928,0.180680833091346,0.13944400436119,0.162750699389045
2018-09-14,2018-08,-1,,,0.175938505157349,0.0887927876016787
2018-09-14,2018-09,0,0.151115650982928,0.180680833091346,0.13944400436119,0.162750699389045
2018-09-17,2018-08,-1,,,0.175938505157349,0.0887927876016787
2018-09-17,2018-09,0,0.151115650982928,0.180680833091346,0.13944400436119,0.162750699389045
2018-09-18,2018-08,-1,,,0.175938505157349,0.0887927876016787
2018-09-18,2018-09,0,0.156601515024919,0.180680833091346,0.142782113705798,0.162750699389045
2018-09-19,2018-08,-1,,,0.175938505157349,0.0887927876016787
2018-09-19,2018-09,0,0.156601515024919,0.180680833091346,0.142782113705798,0.162750699389045
2018-09-20,2018-08,-1,,,0.175938505157349,0.0887927876016787
2018-09-20,2018-09,0,0.156601515024919,0.180680833091346,0.142782113705798,0.162750699389045
2018-09-21,2018-08,-1,,,0.175938505157349,0.0887927876016787
2018-09-21,2018-09,0,0.156601515024919,0.180680833091346,0.142782113705798,0.162750699389045
2018-09-24,2018-08,-1,,,0.175938505157349,0.0887927876016787
2018-09-24,2018-09,0,0.156601515024919,0.180680833091346,0.142782113705798,0.162750699389045
2018-09-25,2018-08,-1,,,0.175938505157349,0.0887927876016787
2018-09-25,2018-09,0,0.159953987495026,0.180680833091346,0.144822069416392,0.162750699389045
2018-09-26,2018-08,-1,,,0.175938505157349,0.0887927876016787
2018-09-26,2018-09,0,0.159953987495026,0.180680833091346,0.144822069416392,0.162750699389045
2018-09-27,2018-08,-1,,,0.175938505157349,0.0887927876016787
2018-09-27,2018-09,0,0.159953987495026,0.180680833091346,0.144822069416392,0.162750699389045
2018-09-28,2018-09,0,0.159953987495026,0.180680833091346,0.143365929359648,0.161787607761765
2018-10-01,2018-09,-1,0.159953987495026,0.180680833091346,0.143365929359648,0.161787607761765
2018-10-01,2018-10,0,0.380912640495391,0.184752255853445,0.275947478412828,0.162934052392691
2018-10-02,2018-09,-1,0.159953987495026,0.180680833091346,0.143365929359648,0.161787607761765
2018-10-02,2018-10,0,0.304058232111938,0.184752255853445,0.229421860545306,0.162934052392691
2018-10-03,2018-09,-1,0.159953987495026,0.180680833091346,0.143365929359648,0.161787607761765
2018-10-03,2018-10,0,0.304058232111938,0.184752255853445,0.229421860545306,0.162934052392691
2018-10-04,2018-09,-1,0.159953987495026,0.180680833091346,0.143365929359648,0.161787607761765
2018-10-04,2018-10,0,0.304058232111938,0.184752255853445,0.229421860545306,0.162934052392691
2018-10-05,2018-09,-1,0.159953987495026,0.180680833091346,0.143365929359648,0.161787607761765
2018-10-05,2018-10,0,0.304058232111938,0.184752255853445,0.229421860545306,0.162934052392691
2018-10-09,2018-09,-1,0.159953987495026,0.180680833091346,0.143365929359648,0.161787607761765
2018-10-09,2018-10,0,0.304058232111938,0.184752255853445,0.229421860545306,0.162934052392691
2018-10-10,2018-09,-1,0.159953987495026,0.180680833091346,0.143365929359648,0.161787607761765
2018-10-10,2018-10,0,0.326607359958686,0.184752255853445,0.243072503722588,0.162934052392691
2018-10-11,2018-09,-1,,,0.0750571669084566,0.109410783317614
2018-10-11,2018-10,0,0.319410318108963,0.179380149480364,0.238423622823196,0.158569317022345
2018-10-12,2018-09,-1,,,0.0750571669084566,0.109410783317614
2018-10-12,2018-10,0,0.319410318108963,0.179380149480364,0.238423622823196,0.158569317022345
2018-10-15,2018-09,-1,,,0.0750571669084566,0.109410783317614
2018-10-15,2018-10,0,0.319410318108963,0.179380149480364,0.238423622823196,0.158569317022345
2018-10-16,2018-09,-1,,,0.0750571669084566,0.109410783317614
2018-10-16,2018-10,0,0.317570749927901,0.179380149480364,0.237309467398959,0.158569317022345
2018-10-17,2018-09,-1,,,0.0750571669084566,0.109410783317614
2018-10-17,2018-10,0,0.317570749927901,0.179380149480364,0.237309467398959,0.158569317022345
2018-10-18,2018-09,-1,,,0.0750571669084566,0.109410783317614
2018-10-18,2018-10,0,0.317570749927901,0.179380149480364,0.237309467398959,0.158569317022345
2018-10-19,2018-09,-1,,,0.0750571669084566,0.109410783317614
2018-10-19,2018-10,0,0.317570749927901,0.179380149480364,0.237309467398959,0.158569317022345
2018-10-22,2018-09,-1,,,0.0750571669084566,0.109410783317614
2018-10-22,2018-10,0,0.317570749927901,0.179380149480364,0.237309467398959,0.158569317022345
2018-10-23,2018-09,-1,,,0.0750571669084566,0.109410783317614
2018-10-23,2018-10,0,0.305613556750996,0.179380149480364,0.230067457141418,0.158569317022345
2018-10-24,2018-09,-1,,,0.0750571669084566,0.109410783317614
2018-10-24,2018-10,0,0.305613556750996,0.179380149480364,0.230067457141418,0.158569317022345
2018-10-25,2018-09,-1,,,0.0750571669084566,0.109410783317614
2018-10-25,2018-10,0,0.305613556750996,0.179380149480364,0.230067457141418,0.158569317022345
2018-10-26,2018-09,-1,,,0.0750571669084566,0.109410783317614
2018-10-26,2018-10,0,0.305613556750996,0.179380149480364,0.230067457141418,0.158569317022345
2018-10-29,2018-10,0,0.305613556750996,0.179380149480364,0.233609808225111,0.16238265770376
2018-10-30,2018-10,0,0.291326243878078,0.179380149480364,0.224980885590086,0.16238265770376
2018-10-31,2018-10,0,0.291326243878078,0.179380149480364,0.224980885590086,0.16238265770376
2018-11-01,2018-10,-1,0.291326243878078,0.179380149480364,0.224980885590086,0.16238265770376
2018-11-01,2018-11,0,0.208224704702365,0.176504980354649,0.169229060984825,0.154281721846085
2018-11-02,2018-10,-1,0.291326243878078,0.179380149480364,0.224980885590086,0.16238265770376
2018-11-02,2018-11,0,0.15790516214696,0.176504980354649,0.138838220971549,0.154281721846085
2018-11-05,2018-10,-1,0.291326243878078,0.179380149480364,0.224980885590086,0.16238265770376
2018-11-05,2018-11,0,0.156432395047777,0.176504980354649,0.137948732971161,0.154281721846085
2018-11-06,2018-10,-1,0.291326243878078,0.179380149480364,0.224980885590086,0.16238265770376
2018-11-06,2018-11,0,0.193386712179242,0.176504980354649,0.160267551519752,0.154281721846085
2018-11-07,2018-10,-1,0.291326243878078,0.179380149480364,0.224980885590086,0.16238265770376
2018-11-07,2018-11,0,0.193386712179242,0.176504980354649,0.160267551519752,0.154281721846085
2018-11-08,2018-10,-1,0.291326243878078,0.179380149480364,0.224980885590086,0.16238265770376
2018-11-08,2018-11,0,0.193386712179242,0.176504980354649,0.160267551519752,0.154281721846085
2018-11-09,2018-10,-1,0.291326243878078,0.179380149480364,0.224980885590086,0.16238265770376
2018-11-09,2018-11,0,0.193386712179242,0.176504980354649,0.160267551519752,0.154281721846085
2018-11-13,2018-10,-1,0.291326243878078,0.179380149480364,0.224980885590086,0.16238265770376
2018-11-13,2018-11,0,0.193386712179242,0.176504980354649,0.160267551519752,0.154281721846085
2018-11-14,2018-10,-1,,,0.24226441072739,0.163794515907828
2018-11-14,2018-11,0,0.154129161158864,0.177614458207154,0.13653494088272,0.154399376696424
2018-11-15,2018-10,-1,,,0.24226441072739,0.163794515907828
2018-11-15,2018-11,0,0.154129161158864,0.177614458207154,0.13653494088272,0.154399376696424
2018-11-16,2018-10,-1,,,0.24226441072739,0.163794515907828
2018-11-16,2018-11,0,0.154129161158864,0.177614458207154,0.13653494088272,0.154399376696424
2018-11-19,2018-10,-1,,,0.24226441072739,0.163794515907828
2018-11-19,2018-11,0,0.154129161158864,0.177614458207154,0.13653494088272,0.154399376696424
2018-11-20,2018-10,-1,,,0.24226441072739,0.163794515907828
2018-11-20,2018-11,0,0.110631348195475,0.177614458207154,0.110284690793268,0.154399376696424
2018-11-21,2018-10,-1,,,0.24226441072739,0.163794515907828
2018-11-21,2018-11,0,0.110631348195475,0.177614458207154,0.110284690793268,0.154399376696424
2018-11-23,2018-10,-1,,,0.24226441072739,0.163794515907828
2018-11-23,2018-11,0,0.110631348195475,0.177614458207154,0.110284690793268,0.154399376696424
2018-11-26,2018-10,-1,,,0.24226441072739,0.163794515907828
2018-11-26,2018-11,0,0.110631348195475,0.177614458207154,0.110284690793268,0.154399376696424
2018-11-27,2018-10,-1,,,0.24226441072739,0.163794515907828
2018-11-27,2018-11,0,0.0674398578585887,0.177614458207154,0.0842193016199386,0.154399376696424
2018-11-28,2018-10,-1,,,0.24226441072739,0.163794515907828
2018-11-28,2018-11,0,0.0674398578585887,0.177614458207154,0.0842193016199386,0.154399376696424
2018-11-29,2018-11,0,0.0674398578585887,0.177614458207154,0.0773486759811839,0.146941510517619
2018-11-30,2018-11,0,0.0674398578585887,0.177614458207154,0.0773486759811839,0.146941510517619
2018-12-03,2018-11,-1,0.0674398578585887,0.177614458207154,0.0773486759811839,0.146941510517619
2018-12-03,2018-12,0,0.0412655533755332,0.182322981336879,0.0625451066257413,0.151508055641525
2018-12-04,2018-11,-1,0.0674398578585887,0.177614458207154,0.0773486759811839,0.146941510517619
2018-12-04,2018-12,0,-0.0278299442913497,0.182322981336879,0.0207676729806738,0.151508055641525
2018-12-05,2018-11,-1,0.0674398578585887,0.177614458207154,0.0773486759811839,0.146941510517619
2018-12-05,2018-12,0,-0.0278299442913497,0.182322981336879,0.0207676729806738,0.151508055641525
2018-12-06,2018-11,-1,0.0674398578585887,0.177614458207154,0.0773486759811839,0.146941510517619
2018-12-06,2018-12,0,-0.0278299442913497,0.182322981336879,0.0207676729806738,0.151508055641525
2018-12-07,2018-11,-1,0.0674398578585887,0.177614458207154,0.0773486759811839,0.146941510517619
2018-12-07,2018-12,0,-0.0278299442913497,0.182322981336879,0.0207676729806738,0.151508055641525
2018-12-10,2018-11,-1,0.0674398578585887,0.177614458207154,0.0773486759811839,0.146941510517619
2018-12-10,2018-12,0,-0.0278299442913497,0.182322981336879,0.0207676729806738,0.151508055641525
2018-12-11,2018-11,-1,0.0674398578585887,0.177614458207154,0.0773486759811839,0.146941510517619
2018-12-11,2018-12,0,-0.049575866765735,0.182322981336879,0.0076193657262078,0.151508055641525
2018-12-12,2018-11,-1,,,0.0538692568504224,0.169631508276561
2018-12-12,2018-12,0,-0.0541226785531112,0.184964752116321,0.0066940281122384,0.153398888788104
2018-12-13,2018-11,-1,,,0.0538692568504224,0.169631508276561
2018-12-13,2018-12,0,-0.0541226785531112,0.184964752116321,0.0066940281122384,0.153398888788104
2018-12-14,2018-11,-1,,,0.0538692568504224,0.169631508276561
2018-12-14,2018-12,0,-0.0541226785531112,0.184964752116321,0.0066940281122384,0.153398888788104
2018-12-17,2018-11,-1,,,0.0538692568504224,0.169631508276561
2018-12-17,2018-12,0,-0.0541226785531112,0.184964752116321,0.0066940281122384,0.153398888788104
2018-12-18,2018-11,-1,,,0.0538692568504224,0.169631508276561
2018-12-18,2018-12,0,-0.0842922820389146,0.184964752116321,-0.0114306966437885,0.153398888788104
2018-12-19,2018-11,-1,,,0.0538692568504224,0.169631508276561
2018-12-19,2018-12,0,-0.0842922820389146,0.184964752116321,-0.0114306966437885,0.153398888788104
2018-12-20,2018-11,-1,,,0.0538692568504224,0.169631508276561
2018-12-20,2018-12,0,-0.0842922820389146,0.184964752116321,-0.0114306966437885,0.153398888788104
2018-12-21,2018-11,-1,,,0.0538692568504224,0.169631508276561
2018-12-21,2018-12,0,-0.0842922820389146,0.184964752116321,-0.0114306966437885,0.153398888788104
2018-12-24,2018-12,0,-0.0842922820389146,0.184964752116321,-0.0072811199844258,0.155105838524979
2018-12-26,2018-12,0,-0.0842922820389146,0.184964752116321,-0.0072811199844258,0.155105838524979
2018-12-27,2018-12,0,-0.115132321157736,0.184964752116321,-0.0256174427271116,0.155105838524979
2018-12-28,2018-12,0,-0.115132321157736,0.184964752116321,-0.0256174427271116,0.155105838524979
2018-12-31,2018-12,0,-0.115132321157736,0.184964752116321,-0.0256174427271116,0.155105838524979
2019-01-02,2018-12,-1,-0.148385928555422,0.184964752116321,-0.0453887820322686,0.155105838524979
2019-01-02,2019-01,0,0.228280761053876,0.180447383298525,0.180252960092418,0.154145888360235
2019-01-03,2018-12,-1,-0.148385928555422,0.184964752116321,-0.0453887820322686,0.155105838524979
2019-01-03,2019-01,0,0.236324764798083,0.180447383298525,0.185035620977798,0.154145888360235
2019-01-04,2018-12,-1,-0.148385928555422,0.184964752116321,-0.0453887820322686,0.155105838524979
2019-01-04,2019-01,0,0.25088809183825,0.180447383298525,0.193694425325838,0.154145888360235
2019-01-07,2018-12,-1,-0.148385928555422,0.184964752116321,-0.0453887820322686,0.155105838524979
2019-01-07,2019-01,0,0.267869877520464,0.180447383298525,0.203791153861638,0.154145888360235
2019-01-08,2018-12,-1,-0.148385928555422,0.184964752116321,-0.0453887820322686,0.155105838524979
2019-01-08,2019-01,0,0.0777985062324878,0.180447383298525,0.0907818935733064,0.154145888360235
2019-01-09,2018-12,-1,-0.148385928555422,0.184964752116321,-0.0453887820322686,0.155105838524979
2019-01-09,2019-01,0,0.0777985062324878,0.180447383298525,0.0907818935733064,0.154145888360235
2019-01-10,2018-12,-1,-0.148385928555422,0.184964752116321,-0.0453887820322686,0.155105838524979
2019-01-10,2019-01,0,0.0777985062324878,0.180447383298525,0.0907818935733064,0.154145888360235
2019-01-11,2018-12,-1,,,0.0144018050331647,0.175630730224118
2019-01-11,2019-01,0,0.0871403917236,0.182568656518306,0.0965193610546314,0.15585629600183
2019-01-14,2018-12,-1,,,0.0144018050331647,0.175630730224118
2019-01-14,2019-01,0,0.0871403917236,0.182568656518306,0.0965193610546314,0.15585629600183
2019-01-15,2018-12,-1,,,0.0144018050331647,0.175630730224118
2019-01-15,2019-01,0,0.0937616917748593,0.182568656518306,0.100432468037004,0.15585629600183
2019-01-16,2018-12,-1,,,0.0144018050331647,0.175630730224118
2019-01-16,2019-01,0,0.0937616917748593,0.182568656518306,0.100432468037004,0.15585629600183
2019-01-17,2018-12,-1,,,0.0144018050331647,0.175630730224118
2019-01-17,2019-01,0,0.0937616917748593,0.182568656518306,0.100432468037004,0.15585629600183
2019-01-18,2018-12,-1,,,0.0144018050331647,0.175630730224118
2019-01-18,2019-01,0,0.0937616917748593,0.182568656518306,0.100432468037004,0.15585629600183
2019-01-22,2018-12,-1,,,0.0144018050331647,0.175630730224118
2019-01-22,2019-01,0,0.0937616917748593,0.182568656518306,0.100432468037004,0.15585629600183
2019-01-23,2018-12,-1,,,0.0144018050331647,0.175630730224118
2019-01-23,2019-01,0,0.0969497251328732,0.182568656518306,0.102316556584072,0.15585629600183
2019-01-24,2018-12,-1,,,0.0144018050331647,0.175630730224118
2019-01-24,2019-01,0,0.0969497251328732,0.182568656518306,0.102316556584072,0.15585629600183
2019-01-25,2018-12,-1,,,0.0144018050331647,0.175630730224118
2019-01-25,2019-01,0,0.0969497251328732,0.182568656518306,0.102316556584072,0.15585629600183
2019-01-28,2018-12,-1,,,0.0144018050331647,0.175630730224118
2019-01-28,2019-01,0,0.0969497251328732,0.182568656518306,0.102316556584072,0.15585629600183
2019-01-29,2018-12,-1,,,0.0144018050331647,0.175630730224118
2019-01-29,2019-01,0,0.099647291820423,0.182568656518306,0.103910785354668,0.15585629600183
2019-01-30,2018-12,-1,,,0.0144018050331647,0.175630730224118
2019-01-30,2019-01,0,0.099647291820423,0.182568656518306,0.103910785354668,0.15585629600183
2019-01-31,2018-12,-1,,,0.0144018050331647,0.175630730224118
2019-01-31,2019-01,0,0.099647291820423,0.182568656518306,0.103910785354668,0.15585629600183
2019-02-01,2018-12,-2,,,0.0144018050331647,0.175630730224118
2019-02-01,2019-01,-1,0.099647291820423,0.182568656518306,0.103910785354668,0.15585629600183
2019-02-01,2019-02,0,0.264006652693236,0.168661675161319,0.203908467320107,0.15000379423677
2019-02-04,2018-12,-2,,,0.0144018050331647,0.175630730224118
2019-02-04,2019-01,-1,0.099647291820423,0.182568656518306,0.103910785354668,0.15585629600183
2019-02-04,2019-02,0,0.325811023855779,0.168661675161319,0.240434091361457,0.15000379423677
2019-02-05,2018-12,-2,,,0.0144018050331647,0.175630730224118
2019-02-05,2019-01,-1,0.099647291820423,0.182568656518306,0.103910785354668,0.15585629600183
2019-02-05,2019-02,0,0.0737042915752947,0.168661675161319,0.0914421099148275,0.15000379423677
2019-02-06,2018-12,-2,,,0.0144018050331647,0.175630730224118
2019-02-06,2019-01,-1,0.099647291820423,0.182568656518306,0.103910785354668,0.15585629600183
2019-02-06,2019-02,0,0.0737042915752947,0.168661675161319,0.0914421099148275,0.15000379423677
2019-02-07,2018-12,-2,,,0.0144018050331647,0.175630730224118
2019-02-07,2019-01,-1,0.099647291820423,0.182568656518306,0.103910785354668,0.15585629600183
2019-02-07,2019-02,0,0.0737042915752947,0.168661675161319,0.0914421099148275,0.15000379423677
2019-02-08,2018-12,-2,,,0.0144018050331647,0.175630730224118
2019-02-08,2019-01,-1,0.099647291820423,0.182568656518306,0.103910785354668,0.15585629600183
2019-02-08,2019-02,0,0.0737042915752947,0.168661675161319,0.0914421099148275,0.15000379423677
2019-02-11,2018-12,-2,,,0.0169792053197575,0.15661502577738
2019-02-11,2019-01,-1,0.0349899290800341,0.182655327415191,0.0437865044497357,0.154271653964602
2019-02-11,2019-02,0,0.121536426012952,0.172560066089613,0.109609270094729,0.148287098696439
2019-02-12,2018-12,-2,,,0.0169792053197575,0.15661502577738
2019-02-12,2019-01,-1,0.0349899290800341,0.182655327415191,0.0437865044497357,0.154271653964602
2019-02-12,2019-02,0,0.135174941020704,0.172560066089613,0.119833750325401,0.148287098696439
2019-02-13,2018-12,-2,,,0.0169792053197575,0.15661502577738
2019-02-13,2019-01,-1,,,0.0133930499561319,0.202450404239971
2019-02-13,2019-02,0,0.130383294770353,0.177300748934924,0.116597163253016,0.15230199455272
2019-02-14,2018-12,-2,,,0.0169792053197575,0.15661502577738
2019-02-14,2019-01,-1,,,0.0133930499561319,0.202450404239971
2019-02-14,2019-02,0,0.130383294770353,0.177300748934924,0.116597163253016,0.15230199455272
2019-02-15,2018-12,-2,,,0.0169792053197575,0.15661502577738
2019-02-15,2019-01,-1,,,0.0133930499561319,0.202450404239971
2019-02-15,2019-02,0,0.130383294770353,0.177300748934924,0.116597163253016,0.15230199455272
2019-02-19,2018-12,-2,,,0.0169792053197575,0.15661502577738
2019-02-19,2019-01,-1,,,0.0133930499561319,0.202450404239971
2019-02-19,2019-02,0,0.130383294770353,0.177300748934924,0.116597163253016,0.15230199455272
2019-02-20,2018-12,-2,,,0.0169792053197575,0.15661502577738
2019-02-20,2019-01,-1,,,0.0133930499561319,0.202450404239971
2019-02-20,2019-02,0,0.152761287271184,0.177300748934924,0.133261535270926,0.15230199455272
2019-02-21,2018-12,-2,,,0.0169792053197575,0.15661502577738
2019-02-21,2019-01,-1,,,0.0133930499561319,0.202450404239971
2019-02-21,2019-02,0,0.152761287271184,0.177300748934924,0.133261535270926,0.15230199455272
2019-02-22,2018-12,-2,,,0.0169792053197575,0.15661502577738
2019-02-22,2019-01,-1,,,0.0133930499561319,0.202450404239971
2019-02-22,2019-02,0,0.152761287271184,0.177300748934924,0.133261535270926,0.15230199455272
2019-02-25,2018-12,-2,,,0.0169792053197575,0.15661502577738
2019-02-25,2019-01,-1,,,0.0133930499561319,0.202450404239971
2019-02-25,2019-02,0,0.152761287271184,0.177300748934924,0.133261535270926,0.15230199455272
2019-02-26,2018-12,-2,,,0.0169792053197575,0.15661502577738
2019-02-26,2019-01,-1,,,0.0133930499561319,0.202450404239971
2019-02-26,2019-02,0,0.188269224351583,0.177300748934924,0.159703472503426,0.15230199455272
2019-02-27,2018-12,-2,,,0.0169792053197575,0.15661502577738
2019-02-27,2019-01,-1,,,0.0133930499561319,0.202450404239971
2019-02-27,2019-02,0,0.188269224351583,0.177300748934924,0.159703472503426,0.15230199455272
2019-02-28,2018-12,-2,,,0.0169792053197575,0.15661502577738
2019-02-28,2019-01,-1,,,0.0133930499561319,0.202450404239971
2019-02-28,2019-02,0,0.188269224351583,0.177300748934924,0.159703472503426,0.15230199455272
2019-03-01,2019-01,-2,,,0.0167304620108681,0.207993390208619
2019-03-01,2019-02,-1,0.188269224351583,0.177300748934924,0.163266895900829,0.158987688362249
2019-03-01,2019-03,0,0.246990857057078,0.177578401288883,0.204893459609763,0.158023520279356
2019-03-04,2019-01,-2,,,0.0167304620108681,0.207993390208619
2019-03-04,2019-02,-1,0.188269224351583,0.177300748934924,0.163266895900829,0.158987688362249
2019-03-04,2019-03,0,0.206257140989184,0.177578401288883,0.175369284145267,0.158023520279356
2019-03-05,2019-01,-2,,,0.0167304620108681,0.207993390208619
2019-03-05,2019-02,-1,0.188269224351583,0.177300748934924,0.163266895900829,0.158987688362249
2019-03-05,2019-03,0,0.208952768771784,0.177578401288883,0.177323100180803,0.158023520279356
2019-03-06,2019-01,-2,,,0.0167304620108681,0.207993390208619
2019-03-06,2019-02,-1,0.188269224351583,0.177300748934924,0.163266895900829,0.158987688362249
2019-03-06,2019-03,0,0.208952768771784,0.177578401288883,0.177323100180803,0.158023520279356
2019-03-07,2019-01,-2,,,0.0167304620108681,0.207993390208619
2019-03-07,2019-02,-1,0.188269224351583,0.177300748934924,0.163266895900829,0.158987688362249
2019-03-07,2019-03,0,0.208952768771784,0.177578401288883,0.177323100180803,0.158023520279356
2019-03-08,2019-01,-2,,,0.0167304620108681,0.207993390208619
2019-03-08,2019-02,-1,0.188269224351583,0.177300748934924,0.163266895900829,0.158987688362249
2019-03-08,2019-03,0,0.208952768771784,0.177578401288883,0.177323100180803,0.158023520279356
2019-03-11,2019-01,-2,,,0.0167304620108681,0.207993390208619
2019-03-11,2019-02,-1,0.188269224351583,0.177300748934924,0.163266895900829,0.158987688362249
2019-03-11,2019-03,0,0.208952768771784,0.177578401288883,0.177323100180803,0.158023520279356
2019-03-12,2019-01,-2,,,0.0167304620108681,0.207993390208619
2019-03-12,2019-02,-1,,,0.151706807892983,0.105068891928856
2019-03-12,2019-03,0,0.23854083787331,0.172009287454744,0.199513242215715,0.15353028724324
2019-03-13,2019-01,-2,,,0.0167304620108681,0.207993390208619
2019-03-13,2019-02,-1,,,0.151706807892983,0.105068891928856
2019-03-13,2019-03,0,0.23854083787331,0.172009287454744,0.199513242215715,0.15353028724324
2019-03-14,2019-01,-2,,,0.0167304620108681,0.207993390208619
2019-03-14,2019-02,-1,,,0.151706807892983,0.105068891928856
2019-03-14,2019-03,0,0.23854083787331,0.172009287454744,0.199513242215715,0.15353028724324
2019-03-15,2019-01,-2,,,0.0167304620108681,0.207993390208619
2019-03-15,2019-02,-1,,,0.151706807892983,0.105068891928856
2019-03-15,2019-03,0,0.23854083787331,0.172009287454744,0.199513242215715,0.15353028724324
2019-03-18,2019-01,-2,,,0.0167304620108681,0.207993390208619
2019-03-18,2019-02,-1,,,0.151706807892983,0.105068891928856
2019-03-18,2019-03,0,0.23854083787331,0.172009287454744,0.199513242215715,0.15353028724324
2019-03-19,2019-01,-2,,,0.0167304620108681,0.207993390208619
2019-03-19,2019-02,-1,,,0.151706807892983,0.105068891928856
2019-03-19,2019-03,0,0.283556088882532,0.172009287454744,0.232041018564998,0.15353028724324
2019-03-20,2019-01,-2,,,0.0167304620108681,0.207993390208619
2019-03-20,2019-02,-1,,,0.151706807892983,0.105068891928856
2019-03-20,2019-03,0,0.283556088882532,0.172009287454744,0.232041018564998,0.15353028724324
2019-03-21,2019-01,-2,,,0.0167304620108681,0.207993390208619
2019-03-21,2019-02,-1,,,0.151706807892983,0.105068891928856
2019-03-21,2019-03,0,0.283556088882532,0.172009287454744,0.232041018564998,0.15353028724324
2019-03-22,2019-01,-2,,,0.0167304620108681,0.207993390208619
2019-03-22,2019-02,-1,,,0.151706807892983,0.105068891928856
2019-03-22,2019-03,0,0.283556088882532,0.172009287454744,0.232041018564998,0.15353028724324
2019-03-25,2019-01,-2,,,0.0167304620108681,0.207993390208619
2019-03-25,2019-02,-1,,,0.151706807892983,0.105068891928856
2019-03-25,2019-03,0,0.283556088882532,0.172009287454744,0.232041018564998,0.15353028724324
2019-03-26,2019-01,-2,,,0.0167304620108681,0.207993390208619
2019-03-26,2019-02,-1,,,0.151706807892983,0.105068891928856
2019-03-26,2019-03,0,0.331851345618556,0.172009287454744,0.266938909271389,0.15353028724324
2019-03-27,2019-01,-2,,,0.0167304620108681,0.207993390208619
2019-03-27,2019-02,-1,,,0.151706807892983,0.105068891928856
2019-03-27,2019-03,0,0.331851345618556,0.172009287454744,0.266938909271389,0.15353028724324
2019-03-28,2019-01,-2,,,0.0167304620108681,0.207993390208619
2019-03-28,2019-02,-1,,,0.151706807892983,0.105068891928856
2019-03-28,2019-03,0,0.331851345618556,0.172009287454744,0.266938909271389,0.15353028724324
2019-03-29,2019-02,-1,,,0.145953204593452,0.10364419805488
2019-03-29,2019-03,0,0.331851345618556,0.172009287454744,0.256799420431516,0.142239973044505
2019-04-01,2019-02,-2,,,0.145953204593452,0.10364419805488
2019-04-01,2019-03,-1,0.331851345618556,0.172009287454744,0.256799420431516,0.142239973044505
2019-04-01,2019-04,0,0.143695235673769,0.170632547347772,0.122198577477351,0.139522939185862
2019-04-02,2019-02,-2,,,0.145953204593452,0.10364419805488
2019-04-02,2019-03,-1,0.331851345618556,0.172009287454744,0.256799420431516,0.142239973044505
2019-04-02,2019-04,0,0.278577156896597,0.170632547347772,0.217390967030071,0.139522939185862
2019-04-03,2019-02,-2,,,0.145953204593452,0.10364419805488
2019-04-03,2019-03,-1,0.331851345618556,0.172009287454744,0.256799420431516,0.142239973044505
2019-04-03,2019-04,0,0.278577156896597,0.170632547347772,0.217390967030071,0.139522939185862
2019-04-04,2019-02,-2,,,0.145953204593452,0.10364419805488
2019-04-04,2019-03,-1,0.331851345618556,0.172009287454744,0.256799420431516,0.142239973044505
2019-04-04,2019-04,0,0.278577156896597,0.170632547347772,0.217390967030071,0.139522939185862
2019-04-05,2019-02,-2,,,0.145953204593452,0.10364419805488
2019-04-05,2019-03,-1,0.331851345618556,0.172009287454744,0.256799420431516,0.142239973044505
2019-04-05,2019-04,0,0.278577156896597,0.170632547347772,0.217390967030071,0.139522939185862
2019-04-08,2019-02,-2,,,0.145953204593452,0.10364419805488
2019-04-08,2019-03,-1,0.331851345618556,0.172009287454744,0.256799420431516,0.142239973044505
2019-04-08,2019-04,0,0.278577156896597,0.170632547347772,0.217390967030071,0.139522939185862
2019-04-09,2019-02,-2,,,0.145953204593452,0.10364419805488
2019-04-09,2019-03,-1,0.331851345618556,0.172009287454744,0.256799420431516,0.142239973044505
2019-04-09,2019-04,0,0.313635559466009,0.170632547347772,0.242133297834881,0.139522939185862
2019-04-10,2019-02,-2,,,0.145953204593452,0.10364419805488
2019-04-10,2019-03,-1,,,0.30727361672023,0.129492992187665
2019-04-10,2019-04,0,0.327163560667434,0.168591423033619,0.249252682312971,0.138460690781125
2019-04-11,2019-02,-2,,,0.145953204593452,0.10364419805488
2019-04-11,2019-03,-1,,,0.30727361672023,0.129492992187665
2019-04-11,2019-04,0,0.327163560667434,0.168591423033619,0.249252682312971,0.138460690781125
2019-04-12,2019-02,-2,,,0.145953204593452,0.10364419805488
2019-04-12,2019-03,-1,,,0.30727361672023,0.129492992187665
2019-04-12,2019-04,0,0.327163560667434,0.168591423033619,0.249252682312971,0.138460690781125
2019-04-15,2019-02,-2,,,0.145953204593452,0.10364419805488
2019-04-15,2019-03,-1,,,0.30727361672023,0.129492992187665
2019-04-15,2019-04,0,0.327163560667434,0.168591423033619,0.249252682312971,0.138460690781125
2019-04-16,2019-02,-2,,,0.145953204593452,0.10364419805488
2019-04-16,2019-03,-1,,,0.30727361672023,0.129492992187665
2019-04-16,2019-04,0,0.37872002228528,0.168591423033619,0.284701964079085,0.138460690781125
2019-04-17,2019-02,-2,,,0.145953204593452,0.10364419805488
2019-04-17,2019-03,-1,,,0.30727361672023,0.129492992187665
2019-04-17,2019-04,0,0.37872002228528,0.168591423033619,0.284701964079085,0.138460690781125
2019-04-18,2019-02,-2,,,0.145953204593452,0.10364419805488
2019-04-18,2019-03,-1,,,0.30727361672023,0.129492992187665
2019-04-18,2019-04,0,0.37872002228528,0.168591423033619,0.284701964079085,0.138460690781125
2019-04-19,2019-02,-2,,,0.145953204593452,0.10364419805488
2019-04-19,2019-03,-1,,,0.30727361672023,0.129492992187665
2019-04-19,2019-04,0,0.37872002228528,0.168591423033619,0.284701964079085,0.138460690781125
2019-04-22,2019-02,-2,,,0.145953204593452,0.10364419805488
2019-04-22,2019-03,-1,,,0.30727361672023,0.129492992187665
2019-04-22,2019-04,0,0.37872002228528,0.168591423033619,0.284701964079085,0.138460690781125
2019-04-23,2019-02,-2,,,0.145953204593452,0.10364419805488
2019-04-23,2019-03,-1,,,0.30727361672023,0.129492992187665
2019-04-23,2019-04,0,0.409246874559005,0.168591423033619,0.30569167038797,0.138460690781125
2019-04-24,2019-02,-2,,,0.145953204593452,0.10364419805488
2019-04-24,2019-03,-1,,,0.30727361672023,0.129492992187665
2019-04-24,2019-04,0,0.409246874559005,0.168591423033619,0.30569167038797,0.138460690781125
2019-04-25,2019-02,-2,,,0.145953204593452,0.10364419805488
2019-04-25,2019-03,-1,,,0.30727361672023,0.129492992187665
2019-04-25,2019-04,0,0.409246874559005,0.168591423033619,0.30569167038797,0.138460690781125
2019-04-26,2019-02,-2,,,0.145953204593452,0.10364419805488
2019-04-26,2019-03,-1,,,0.30727361672023,0.129492992187665
2019-04-26,2019-04,0,0.409246874559005,0.168591423033619,0.30569167038797,0.138460690781125
2019-04-29,2019-04,0,0.409246874559005,0.168591423033619,0.289905461672577,0.128564258195259
2019-04-30,2019-04,0,0.440045076630718,0.168591423033619,0.310410212766533,0.128564258195259
2019-05-01,2019-04,-1,0.440045076630718,0.168591423033619,0.310410212766533,0.128564258195259
2019-05-01,2019-05,0,0.0662604296157076,0.173661384156242,0.055785192672115,0.125037618378514
2019-05-02,2019-04,-1,0.440045076630718,0.168591423033619,0.310410212766533,0.128564258195259
2019-05-02,2019-05,0,0.0697481430850508,0.173661384156242,0.0581072339526223,0.125037618378514
2019-05-03,2019-04,-1,0.440045076630718,0.168591423033619,0.310410212766533,0.128564258195259
2019-05-03,2019-05,0,0.0500291477006891,0.173661384156242,0.0449787697897552,0.125037618378514
2019-05-06,2019-04,-1,0.440045076630718,0.168591423033619,0.310410212766533,0.128564258195259
2019-05-06,2019-05,0,0.0459601486531227,0.173661384156242,0.0422697216291638,0.125037618378514
2019-05-07,2019-04,-1,0.440045076630718,0.168591423033619,0.310410212766533,0.128564258195259
2019-05-07,2019-05,0,0.188628505346176,0.173661384156242,0.137255108638549,0.125037618378514
2019-05-08,2019-04,-1,0.440045076630718,0.168591423033619,0.310410212766533,0.128564258195259
2019-05-08,2019-05,0,0.188628505346176,0.173661384156242,0.137255108638549,0.125037618378514
2019-05-09,2019-04,-1,0.440045076630718,0.168591423033619,0.310410212766533,0.128564258195259
2019-05-09,2019-05,0,0.188628505346176,0.173661384156242,0.137255108638549,0.125037618378514
2019-05-10,2019-04,-1,,,0.226923015403546,0.130396623020064
2019-05-10,2019-05,0,0.183554629359631,0.171121787446804,0.133106392161366,0.125190315447248
2019-05-13,2019-04,-1,,,0.226923015403546,0.130396623020064
2019-05-13,2019-05,0,0.183554629359631,0.171121787446804,0.133106392161366,0.125190315447248
2019-05-14,2019-04,-1,,,0.226923015403546,0.130396623020064
2019-05-14,2019-05,0,0.166251426579381,0.171121787446804,0.121600847964978,0.125190315447248
2019-05-15,2019-04,-1,,,0.226923015403546,0.130396623020064
2019-05-15,2019-05,0,0.166251426579381,0.171121787446804,0.121600847964978,0.125190315447248
2019-05-16,2019-04,-1,,,0.226923015403546,0.130396623020064
2019-05-16,2019-05,0,0.166251426579381,0.171121787446804,0.121600847964978,0.125190315447248
2019-05-17,2019-04,-1,,,0.226923015403546,0.130396623020064
2019-05-17,2019-05,0,0.166251426579381,0.171121787446804,0.121600847964978,0.125190315447248
2019-05-20,2019-04,-1,,,0.226923015403546,0.130396623020064
2019-05-20,2019-05,0,0.166251426579381,0.171121787446804,0.121600847964978,0.125190315447248
2019-05-21,2019-04,-1,,,0.226923015403546,0.130396623020064
2019-05-21,2019-05,0,0.154517070670934,0.171121787446804,0.113798237532944,0.125190315447248
2019-05-22,2019-04,-1,,,0.226923015403546,0.130396623020064
2019-05-22,2019-05,0,0.154517070670934,0.171121787446804,0.113798237532944,0.125190315447248
2019-05-23,2019-04,-1,,,0.226923015403546,0.130396623020064
2019-05-23,2019-05,0,0.154517070670934,0.171121787446804,0.113798237532944,0.125190315447248
2019-05-24,2019-04,-1,,,0.226923015403546,0.130396623020064
2019-05-24,2019-05,0,0.154517070670934,0.171121787446804,0.113798237532944,0.125190315447248
2019-05-28,2019-04,-1,,,0.226923015403546,0.130396623020064
2019-05-28,2019-05,0,0.154517070670934,0.171121787446804,0.113798237532944,0.125190315447248
2019-05-29,2019-04,-1,,,0.226923015403546,0.130396623020064
2019-05-29,2019-05,0,0.139699960244168,0.171121787446804,0.103945788767071,0.125190315447248
2019-05-30,2019-04,-1,,,0.226923015403546,0.130396623020064
2019-05-30,2019-05,0,0.139699960244168,0.171121787446804,0.103945788767071,0.125190315447248
2019-05-31,2019-05,0,0.139699960244168,0.171121787446804,0.109019675097652,0.129629774088208
2019-06-03,2019-05,-1,0.139699960244168,0.171121787446804,0.109019675097652,0.129629774088208
2019-06-03,2019-06,0,-0.0474118176133747,0.169587536587897,-0.0158065298850844,0.12317535706424
2019-06-04,2019-05,-1,0.139699960244168,0.171121787446804,0.109019675097652,0.129629774088208
2019-06-04,2019-06,0,0.147468296408505,0.169587536587897,0.110503678757082,0.12317535706424
2019-06-05,2019-05,-1,0.139699960244168,0.171121787446804,0.109019675097652,0.129629774088208
2019-06-05,2019-06,0,0.147468296408505,0.169587536587897,0.110503678757082,0.12317535706424
2019-06-06,2019-05,-1,0.139699960244168,0.171121787446804,0.109019675097652,0.129629774088208
2019-06-06,2019-06,0,0.147468296408505,0.169587536587897,0.110503678757082,0.12317535706424
2019-06-07,2019-05,-1,0.139699960244168,0.171121787446804,0.109019675097652,0.129629774088208
2019-06-07,2019-06,0,0.147468296408505,0.169587536587897,0.110503678757082,0.12317535706424
2019-06-10,2019-05,-1,0.139699960244168,0.171121787446804,0.109019675097652,0.129629774088208
2019-06-10,2019-06,0,0.147468296408505,0.169587536587897,0.110503678757082,0.12317535706424
2019-06-11,2019-05,-1,0.139699960244168,0.171121787446804,0.109019675097652,0.129629774088208
2019-06-11,2019-06,0,0.105457123523828,0.169587536587897,0.0832744253312048,0.12317535706424
2019-06-12,2019-05,-1,,,0.0829067846779424,0.112244708501962
2019-06-12,2019-06,0,0.102222592159129,0.164783516925073,0.0842087231931158,0.12172660159872
2019-06-13,2019-05,-1,,,0.0829067846779424,0.112244708501962
2019-06-13,2019-06,0,0.102222592159129,0.164783516925073,0.0842087231931158,0.12172660159872
2019-06-14,2019-05,-1,,,0.0829067846779424,0.112244708501962
2019-06-14,2019-06,0,0.102222592159129,0.164783516925073,0.0842087231931158,0.12172660159872
2019-06-17,2019-05,-1,,,0.0829067846779424,0.112244708501962
2019-06-17,2019-06,0,0.102222592159129,0.164783516925073,0.0842087231931158,0.12172660159872
2019-06-18,2019-05,-1,,,0.0829067846779424,0.112244708501962
2019-06-18,2019-06,0,0.0642724983459763,0.164783516925073,0.0600430864149832,0.12172660159872
2019-06-19,2019-05,-1,,,0.0829067846779424,0.112244708501962
2019-06-19,2019-06,0,0.0642724983459763,0.164783516925073,0.0600430864149832,0.12172660159872
2019-06-20,2019-05,-1,,,0.0829067846779424,0.112244708501962
2019-06-20,2019-06,0,0.0642724983459763,0.164783516925073,0.0600430864149832,0.12172660159872
2019-06-21,2019-05,-1,,,0.0829067846779424,0.112244708501962
2019-06-21,2019-06,0,0.0642724983459763,0.164783516925073,0.0600430864149832,0.12172660159872
2019-06-24,2019-05,-1,,,0.0829067846779424,0.112244708501962
2019-06-24,2019-06,0,0.0642724983459763,0.164783516925073,0.0600430864149832,0.12172660159872
2019-06-25,2019-05,-1,,,0.0829067846779424,0.112244708501962
2019-06-25,2019-06,0,0.0400696323937111,0.164783516925073,0.0446313282656642,0.12172660159872
2019-06-26,2019-05,-1,,,0.0829067846779424,0.112244708501962
2019-06-26,2019-06,0,0.0400696323937111,0.164783516925073,0.0446313282656642,0.12172660159872
2019-06-27,2019-05,-1,,,0.0829067846779424,0.112244708501962
2019-06-27,2019-06,0,0.0400696323937111,0.164783516925073,0.0446313282656642,0.12172660159872
2019-06-28,2019-06,0,0.0400696323937111,0.164783516925073,0.0547907320349475,0.132425884036669
2019-07-01,2019-06,-1,0.0400696323937111,0.164783516925073,0.0547907320349475,0.132425884036669
2019-07-01,2019-07,0,0.178850457572063,0.164859379367352,0.14306945565075,0.133371399104877
2019-07-02,2019-06,-1,0.0400696323937111,0.164783516925073,0.0547907320349475,0.132425884036669
2019-07-02,2019-07,0,0.187981234938245,0.164859379367352,0.148867488270627,0.133371399104877
2019-07-03,2019-06,-1,0.0400696323937111,0.164783516925073,0.0547907320349475,0.132425884036669
2019-07-03,2019-07,0,0.187981234938245,0.164859379367352,0.148867488270627,0.133371399104877
2019-07-05,2019-06,-1,0.0400696323937111,0.164783516925073,0.0547907320349475,0.132425884036669
2019-07-05,2019-07,0,0.187981234938245,0.164859379367352,0.148867488270627,0.133371399104877
2019-07-08,2019-06,-1,0.0400696323937111,0.164783516925073,0.0547907320349475,0.132425884036669
2019-07-08,2019-07,0,0.187981234938245,0.164859379367352,0.148867488270627,0.133371399104877
2019-07-09,2019-06,-1,0.0400696323937111,0.164783516925073,0.0547907320349475,0.132425884036669
2019-07-09,2019-07,0,0.205684161598868,0.164859379367352,0.160108825358281,0.133371399104877
2019-07-10,2019-06,-1,0.0400696323937111,0.164783516925073,0.0547907320349475,0.132425884036669
2019-07-10,2019-07,0,0.205684161598868,0.164859379367352,0.160108825358281,0.133371399104877
2019-07-11,2019-06,-1,,,0.0813708530508972,0.207123430662002
2019-07-11,2019-07,0,0.211242369363347,0.175647325589281,0.163764730416453,0.139596194656988
2019-07-12,2019-06,-1,,,0.0813708530508972,0.207123430662002
2019-07-12,2019-07,0,0.211242369363347,0.175647325589281,0.163764730416453,0.139596194656988
2019-07-15,2019-06,-1,,,0.0813708530508972,0.207123430662002
2019-07-15,2019-07,0,0.211242369363347,0.175647325589281,0.163764730416453,0.139596194656988
2019-07-16,2019-06,-1,,,0.0813708530508972,0.207123430662002
2019-07-16,2019-07,0,0.231275521035339,0.175647325589281,0.17612218908362,0.139596194656988
2019-07-17,2019-06,-1,,,0.0813708530508972,0.207123430662002
2019-07-17,2019-07,0,0.231275521035339,0.175647325589281,0.17612218908362,0.139596194656988
2019-07-18,2019-06,-1,,,0.0813708530508972,0.207123430662002
2019-07-18,2019-07,0,0.231275521035339,0.175647325589281,0.17612218908362,0.139596194656988
2019-07-19,2019-06,-1,,,0.0813708530508972,0.207123430662002
2019-07-19,2019-07,0,0.231275521035339,0.175647325589281,0.17612218908362,0.139596194656988
2019-07-22,2019-06,-1,,,0.0813708530508972,0.207123430662002
2019-07-22,2019-07,0,0.231275521035339,0.175647325589281,0.17612218908362,0.139596194656988
2019-07-23,2019-06,-1,,,0.0813708530508972,0.207123430662002
2019-07-23,2019-07,0,0.232751648000643,0.175647325589281,0.177032738669621,0.139596194656988
2019-07-24,2019-06,-1,,,0.0813708530508972,0.207123430662002
2019-07-24,2019-07,0,0.232751648000643,0.175647325589281,0.177032738669621,0.139596194656988
2019-07-25,2019-06,-1,,,0.0813708530508972,0.207123430662002
2019-07-25,2019-07,0,0.232751648000643,0.175647325589281,0.177032738669621,0.139596194656988
2019-07-26,2019-06,-1,,,0.0813708530508972,0.207123430662002
2019-07-26,2019-07,0,0.232751648000643,0.175647325589281,0.177032738669621,0.139596194656988
2019-07-29,2019-06,-1,,,0.0813708530508972,0.207123430662002
2019-07-29,2019-07,0,0.232751648000643,0.175647325589281,0.177032738669621,0.139596194656988
2019-07-30,2019-07,0,0.224780562387998,0.175647325589281,0.161834266997515,0.132761769109531
2019-07-31,2019-07,0,0.224780562387998,0.175647325589281,0.161834266997515,0.132761769109531
2019-08-01,2019-07,-1,0.224780562387998,0.175647325589281,0.161834266997515,0.132761769109531
2019-08-01,2019-08,0,0.182242672218585,0.172505667747934,0.136787094358083,0.12971869532635
2019-08-02,2019-07,-1,0.224780562387998,0.175647325589281,0.161834266997515,0.132761769109531
2019-08-02,2019-08,0,0.0800542245258651,0.172505667747934,0.0800879525839752,0.12971869532635
2019-08-05,2019-07,-1,0.224780562387998,0.175647325589281,0.161834266997515,0.132761769109531
2019-08-05,2019-08,0,0.0903543863622668,0.172505667747934,0.0858029854418429,0.12971869532635
2019-08-06,2019-07,-1,0.224780562387998,0.175647325589281,0.161834266997515,0.132761769109531
2019-08-06,2019-08,0,0.153281577955343,0.172505667747934,0.120718064769703,0.12971869532635
2019-08-07,2019-07,-1,0.224780562387998,0.175647325589281,0.161834266997515,0.132761769109531
2019-08-07,2019-08,0,0.153281577955343,0.172505667747934,0.120718064769703,0.12971869532635
2019-08-08,2019-07,-1,0.224780562387998,0.175647325589281,0.161834266997515,0.132761769109531
2019-08-08,2019-08,0,0.153281577955343,0.172505667747934,0.120718064769703,0.12971869532635
2019-08-09,2019-07,-1,0.224780562387998,0.175647325589281,0.161834266997515,0.132761769109531
2019-08-09,2019-08,0,0.153281577955343,0.172505667747934,0.120718064769703,0.12971869532635
2019-08-12,2019-07,-1,0.224780562387998,0.175647325589281,0.161834266997515,0.132761769109531
2019-08-12,2019-08,0,0.153281577955343,0.172505667747934,0.120718064769703,0.12971869532635
2019-08-13,2019-07,-1,,,0.23413430896295,0.222774211489164
2019-08-13,2019-08,0,0.12074515315759,0.182157813998535,0.10483323380104,0.137219732191319
2019-08-14,2019-07,-1,,,0.23413430896295,0.222774211489164
2019-08-14,2019-08,0,0.12074515315759,0.182157813998535,0.10483323380104,0.137219732191319
2019-08-15,2019-07,-1,,,0.23413430896295,0.222774211489164
2019-08-15,2019-08,0,0.12074515315759,0.182157813998535,0.10483323380104,0.137219732191319
2019-08-16,2019-07,-1,,,0.23413430896295,0.222774211489164
2019-08-16,2019-08,0,0.12074515315759,0.182157813998535,0.10483323380104,0.137219732191319
2019-08-19,2019-07,-1,,,0.23413430896295,0.222774211489164
2019-08-19,2019-08,0,0.12074515315759,0.182157813998535,0.10483323380104,0.137219732191319
2019-08-20,2019-07,-1,,,0.23413430896295,0.222774211489164
2019-08-20,2019-08,0,0.0966836165870297,0.182157813998535,0.0915893984238768,0.137219732191319
2019-08-21,2019-07,-1,,,0.23413430896295,0.222774211489164
2019-08-21,2019-08,0,0.0966836165870297,0.182157813998535,0.0915893984238768,0.137219732191319
2019-08-22,2019-07,-1,,,0.23413430896295,0.222774211489164
2019-08-22,2019-08,0,0.0966836165870297,0.182157813998535,0.0915893984238768,0.137219732191319
2019-08-23,2019-07,-1,,,0.23413430896295,0.222774211489164
2019-08-23,2019-08,0,0.0966836165870297,0.182157813998535,0.0915893984238768,0.137219732191319
2019-08-26,2019-07,-1,,,0.23413430896295,0.222774211489164
2019-08-26,2019-08,0,0.0966836165870297,0.182157813998535,0.0915893984238768,0.137219732191319
2019-08-27,2019-07,-1,,,0.23413430896295,0.222774211489164
2019-08-27,2019-08,0,0.0773710674975021,0.182157813998535,0.0809594779237859,0.137219732191319
2019-08-28,2019-07,-1,,,0.23413430896295,0.222774211489164
2019-08-28,2019-08,0,0.0773710674975021,0.182157813998535,0.0809594779237859,0.137219732191319
2019-08-29,2019-07,-1,,,0.23413430896295,0.222774211489164
2019-08-29,2019-08,0,0.0773710674975021,0.182157813998535,0.0809594779237859,0.137219732191319
2019-08-30,2019-08,0,0.0773710674975021,0.182157813998535,0.0763941258844089,0.131047261297451
2019-09-03,2019-08,-1,0.0773710674975021,0.182157813998535,0.0763941258844089,0.131047261297451
2019-09-03,2019-09,0,0.0657130796797963,0.190519109234322,0.0740852515901168,0.140302168872015
2019-09-04,2019-08,-1,0.0773710674975021,0.182157813998535,0.0763941258844089,0.131047261297451
2019-09-04,2019-09,0,0.063894408033243,0.190519109234322,0.0730842323918642,0.140302168872015
2019-09-05,2019-08,-1,0.0773710674975021,0.182157813998535,0.0763941258844089,0.131047261297451
2019-09-05,2019-09,0,0.063894408033243,0.190519109234322,0.0730842323918642,0.140302168872015
2019-09-06,2019-08,-1,0.0773710674975021,0.182157813998535,0.0763941258844089,0.131047261297451
2019-09-06,2019-09,0,0.063894408033243,0.190519109234322,0.0730842323918642,0.140302168872015
2019-09-09,2019-08,-1,0.0773710674975021,0.182157813998535,0.0763941258844089,0.131047261297451
2019-09-09,2019-09,0,0.063894408033243,0.190519109234322,0.0730842323918642,0.140302168872015
2019-09-10,2019-08,-1,0.0773710674975021,0.182157813998535,0.0763941258844089,0.131047261297451
2019-09-10,2019-09,0,0.0553086901583588,0.190519109234322,0.0683585478848082,0.140302168872015
2019-09-11,2019-08,-1,0.0773710674975021,0.182157813998535,0.0763941258844089,0.131047261297451
2019-09-11,2019-09,0,0.0553086901583588,0.190519109234322,0.0683585478848082,0.140302168872015
2019-09-12,2019-08,-1,,,0.0819128396887145,0.194270534403368
2019-09-12,2019-09,0,0.0536511801870865,0.196712568733927,0.0686299438813238,0.145570774964174
2019-09-13,2019-08,-1,,,0.0819128396887145,0.194270534403368
2019-09-13,2019-09,0,0.0536511801870865,0.196712568733927,0.0686299438813238,0.145570774964174
2019-09-16,2019-08,-1,,,0.0819128396887145,0.194270534403368
2019-09-16,2019-09,0,0.0536511801870865,0.196712568733927,0.0686299438813238,0.145570774964174
2019-09-17,2019-08,-1,,,0.0819128396887145,0.194270534403368
2019-09-17,2019-09,0,0.051631171500192,0.196712568733927,0.0675160966533547,0.145570774964174
2019-09-18,2019-08,-1,,,0.0819128396887145,0.194270534403368
2019-09-18,2019-09,0,0.051631171500192,0.196712568733927,0.0675160966533547,0.145570774964174
2019-09-19,2019-08,-1,,,0.0819128396887145,0.194270534403368
2019-09-19,2019-09,0,0.051631171500192,0.196712568733927,0.0675160966533547,0.145570774964174
2019-09-20,2019-08,-1,,,0.0819128396887145,0.194270534403368
2019-09-20,2019-09,0,0.051631171500192,0.196712568733927,0.0675160966533547,0.145570774964174
2019-09-23,2019-08,-1,,,0.0819128396887145,0.194270534403368
2019-09-23,2019-09,0,0.051631171500192,0.196712568733927,0.0675160966533547,0.145570774964174
2019-09-24,2019-08,-1,,,0.0819128396887145,0.194270534403368
2019-09-24,2019-09,0,0.0846246467194628,0.196712568733927,0.0857089347101814,0.145570774964174
2019-09-25,2019-08,-1,,,0.0819128396887145,0.194270534403368
2019-09-25,2019-09,0,0.0846246467194628,0.196712568733927,0.0857089347101814,0.145570774964174
2019-09-26,2019-08,-1,,,0.0819128396887145,0.194270534403368
2019-09-26,2019-09,0,0.0846246467194628,0.196712568733927,0.0857089347101814,0.145570774964174
2019-09-27,2019-09,0,0.0846246467194628,0.196712568733927,0.086291339017053,0.146675745098292
2019-09-30,2019-09,0,0.0846246467194628,0.196712568733927,0.086291339017053,0.146675745098292
2019-10-01,2019-09,-1,0.103343393884681,0.196712568733927,0.096664183448166,0.146675745098292
2019-10-01,2019-10,0,0.162133243208795,0.199899141713463,0.126571188254784,0.145954298588964
2019-10-02,2019-09,-1,0.103343393884681,0.196712568733927,0.096664183448166,0.146675745098292
2019-10-02,2019-10,0,0.151286753594059,0.199899141713463,0.120560692552038,0.145954298588964
2019-10-03,2019-09,-1,0.103343393884681,0.196712568733927,0.096664183448166,0.146675745098292
2019-10-03,2019-10,0,0.130307359207661,0.199899141713463,0.10893512849541,0.145954298588964
2019-10-04,2019-09,-1,0.103343393884681,0.196712568733927,0.096664183448166,0.146675745098292
2019-10-04,2019-10,0,0.125026831368908,0.199899141713463,0.106008966113809,0.145954298588964
2019-10-07,2019-09,-1,0.103343393884681,0.196712568733927,0.096664183448166,0.146675745098292
2019-10-07,2019-10,0,0.126525359539365,0.199899141713463,0.106839363546426,0.145954298588964
2019-10-08,2019-09,-1,0.103343393884681,0.196712568733927,0.096664183448166,0.146675745098292
2019-10-08,2019-10,0,0.337879195697225,0.199899141713463,0.223959405984846,0.145954298588964
2019-10-09,2019-09,-1,0.103343393884681,0.196712568733927,0.096664183448166,0.146675745098292
2019-10-09,2019-10,0,0.337879195697225,0.199899141713463,0.223959405984846,0.145954298588964
2019-10-10,2019-09,-1,,,0.0606633738249475,0.121205801617345
2019-10-10,2019-10,0,0.34779197513813,0.194544164096387,0.224169154895356,0.143831803298885
2019-10-11,2019-09,-1,,,0.0606633738249475,0.121205801617345
2019-10-11,2019-10,0,0.34779197513813,0.194544164096387,0.224169154895356,0.143831803298885
2019-10-15,2019-09,-1,,,0.0606633738249475,0.121205801617345
2019-10-15,2019-10,0,0.34779197513813,0.194544164096387,0.224169154895356,0.143831803298885
2019-10-16,2019-09,-1,,,0.0606633738249475,0.121205801617345
2019-10-16,2019-10,0,0.336822867935537,0.194544164096387,0.218372654227893,0.143831803298885
2019-10-17,2019-09,-1,,,0.0606633738249475,0.121205801617345
2019-10-17,2019-10,0,0.336822867935537,0.194544164096387,0.218372654227893,0.143831803298885
2019-10-18,2019-09,-1,,,0.0606633738249475,0.121205801617345
2019-10-18,2019-10,0,0.336822867935537,0.194544164096387,0.218372654227893,0.143831803298885
2019-10-21,2019-09,-1,,,0.0606633738249475,0.121205801617345
2019-10-21,2019-10,0,0.336822867935537,0.194544164096387,0.218372654227893,0.143831803298885
2019-10-22,2019-09,-1,,,0.0606633738249475,0.121205801617345
2019-10-22,2019-10,0,0.337066625873372,0.194544164096387,0.218501465353837,0.143831803298885
2019-10-23,2019-09,-1,,,0.0606633738249475,0.121205801617345
2019-10-23,2019-10,0,0.337066625873372,0.194544164096387,0.218501465353837,0.143831803298885
2019-10-24,2019-09,-1,,,0.0606633738249475,0.121205801617345
2019-10-24,2019-10,0,0.337066625873372,0.194544164096387,0.218501465353837,0.143831803298885
2019-10-25,2019-09,-1,,,0.0606633738249475,0.121205801617345
2019-10-25,2019-10,0,0.337066625873372,0.194544164096387,0.218501465353837,0.143831803298885
2019-10-28,2019-09,-1,,,0.0606633738249475,0.121205801617345
2019-10-28,2019-10,0,0.337066625873372,0.194544164096387,0.218501465353837,0.143831803298885
2019-10-29,2019-09,-1,,,0.0606633738249475,0.121205801617345
2019-10-29,2019-10,0,0.321466117851907,0.194544164096387,0.210257553293445,0.143831803298885
2019-10-30,2019-09,-1,,,0.0606633738249475,0.121205801617345
2019-10-30,2019-10,0,0.321466117851907,0.194544164096387,0.210257553293445,0.143831803298885
2019-10-31,2019-10,0,0.321466117851907,0.194544164096387,0.205002935450069,0.137822805370989
2019-11-01,2019-10,-1,0.321466117851907,0.194544164096387,0.205002935450069,0.137822805370989
2019-11-01,2019-11,0,0.2115886886852,0.194443868618654,0.146051855957509,0.137819728507984
2019-11-04,2019-10,-1,0.321466117851907,0.194544164096387,0.205002935450069,0.137822805370989
2019-11-04,2019-11,0,0.276110853797353,0.194443868618654,0.180294273625825,0.137819728507984
2019-11-05,2019-10,-1,0.321466117851907,0.194544164096387,0.205002935450069,0.137822805370989
2019-11-05,2019-11,0,0.241166289004659,0.194443868618654,0.161748919780537,0.137819728507984
2019-11-06,2019-10,-1,0.321466117851907,0.194544164096387,0.205002935450069,0.137822805370989
2019-11-06,2019-11,0,0.241166289004659,0.194443868618654,0.161748919780537,0.137819728507984
2019-11-07,2019-10,-1,0.321466117851907,0.194544164096387,0.205002935450069,0.137822805370989
2019-11-07,2019-11,0,0.241166289004659,0.194443868618654,0.161748919780537,0.137819728507984
2019-11-08,2019-10,-1,0.321466117851907,0.194544164096387,0.205002935450069,0.137822805370989
2019-11-08,2019-11,0,0.241166289004659,0.194443868618654,0.161748919780537,0.137819728507984
2019-11-12,2019-10,-1,0.321466117851907,0.194544164096387,0.205002935450069,0.137822805370989
2019-11-12,2019-11,0,0.241166289004659,0.194443868618654,0.161748919780537,0.137819728507984
2019-11-13,2019-10,-1,,,0.251288556177981,0.131342948869585
2019-11-13,2019-11,0,0.251566659835894,0.191333639432199,0.169700774235461,0.137279740466201
2019-11-14,2019-10,-1,,,0.251288556177981,0.131342948869585
2019-11-14,2019-11,0,0.251566659835894,0.191333639432199,0.169700774235461,0.137279740466201
2019-11-15,2019-10,-1,,,0.251288556177981,0.131342948869585
2019-11-15,2019-11,0,0.251566659835894,0.191333639432199,0.169700774235461,0.137279740466201
2019-11-18,2019-10,-1,,,0.251288556177981,0.131342948869585
2019-11-18,2019-11,0,0.251566659835894,0.191333639432199,0.169700774235461,0.137279740466201
2019-11-19,2019-10,-1,,,0.251288556177981,0.131342948869585
2019-11-19,2019-11,0,0.242567767801481,0.191333639432199,0.164889757768638,0.137279740466201
2019-11-20,2019-10,-1,,,0.251288556177981,0.131342948869585
2019-11-20,2019-11,0,0.242567767801481,0.191333639432199,0.164889757768638,0.137279740466201
2019-11-21,2019-10,-1,,,0.251288556177981,0.131342948869585
2019-11-21,2019-11,0,0.242567767801481,0.191333639432199,0.164889757768638,0.137279740466201
2019-11-22,2019-10,-1,,,0.251288556177981,0.131342948869585
2019-11-22,2019-11,0,0.242567767801481,0.191333639432199,0.164889757768638,0.137279740466201
2019-11-25,2019-10,-1,,,0.251288556177981,0.131342948869585
2019-11-25,2019-11,0,0.242567767801481,0.191333639432199,0.164889757768638,0.137279740466201
2019-11-26,2019-10,-1,,,0.251288556177981,0.131342948869585
2019-11-26,2019-11,0,0.232231202626817,0.191333639432199,0.159363590205395,0.137279740466201
2019-11-27,2019-11,0,0.232231202626817,0.191333639432199,0.152798548517607,0.131908818298619
2019-11-29,2019-11,0,0.232231202626817,0.191333639432199,0.152798548517607,0.131908818298619
2019-12-02,2019-11,-1,0.232231202626817,0.191333639432199,0.152798548517607,0.131908818298619
2019-12-02,2019-12,0,0.243200680556158,0.18771584088245,0.155623987508272,0.127277493496846
2019-12-03,2019-11,-1,0.232231202626817,0.191333639432199,0.152798548517607,0.131908818298619
2019-12-03,2019-12,0,0.276841056758824,0.18771584088245,0.173452603900313,0.127277493496846
2019-12-04,2019-11,-1,0.232231202626817,0.191333639432199,0.152798548517607,0.131908818298619
2019-12-04,2019-12,0,0.276841056758824,0.18771584088245,0.173452603900313,0.127277493496846
2019-12-05,2019-11,-1,0.232231202626817,0.191333639432199,0.152798548517607,0.131908818298619
2019-12-05,2019-12,0,0.276841056758824,0.18771584088245,0.173452603900313,0.127277493496846
2019-12-06,2019-11,-1,0.232231202626817,0.191333639432199,0.152798548517607,0.131908818298619
2019-12-06,2019-12,0,0.276841056758824,0.18771584088245,0.173452603900313,0.127277493496846
2019-12-09,2019-11,-1,0.232231202626817,0.191333639432199,0.152798548517607,0.131908818298619
2019-12-09,2019-12,0,0.276841056758824,0.18771584088245,0.173452603900313,0.127277493496846
2019-12-10,2019-11,-1,0.232231202626817,0.191333639432199,0.152798548517607,0.131908818298619
2019-12-10,2019-12,0,0.265771499125217,0.18771584088245,0.167585996003593,0.127277493496846
2019-12-11,2019-11,-1,,,0.186034170485894,0.171591973515367
2019-12-11,2019-12,0,0.26765807779127,0.190921519414169,0.169341687218901,0.130584423098241
2019-12-12,2019-11,-1,,,0.186034170485894,0.171591973515367
2019-12-12,2019-12,0,0.26765807779127,0.190921519414169,0.169341687218901,0.130584423098241
2019-12-13,2019-11,-1,,,0.186034170485894,0.171591973515367
2019-12-13,2019-12,0,0.26765807779127,0.190921519414169,0.169341687218901,0.130584423098241
2019-12-16,2019-11,-1,,,0.186034170485894,0.171591973515367
2019-12-16,2019-12,0,0.26765807779127,0.190921519414169,0.169341687218901,0.130584423098241
2019-12-17,2019-11,-1,,,0.186034170485894,0.171591973515367
2019-12-17,2019-12,0,0.25167494464407,0.190921519414169,0.160955790722436,0.130584423098241
2019-12-18,2019-11,-1,,,0.186034170485894,0.171591973515367
2019-12-18,2019-12,0,0.25167494464407,0.190921519414169,0.160955790722436,0.130584423098241
2019-12-19,2019-11,-1,,,0.186034170485894,0.171591973515367
2019-12-19,2019-12,0,0.25167494464407,0.190921519414169,0.160955790722436,0.130584423098241
2019-12-20,2019-12,0,0.25167494464407,0.190921519414169,0.16335362048645,0.133368745874061
2019-12-23,2019-12,0,0.25167494464407,0.190921519414169,0.163195463767615,0.133368745874061
2019-12-24,2019-12,0,0.241470328865473,0.190921519414169,0.157842014506152,0.133368745874061
2019-12-26,2019-12,0,0.241470328865473,0.190921519414169,0.157842014506152,0.133368745874061
2019-12-27,2019-12,0,0.241470328865473,0.190921519414169,0.157842014506152,0.133368745874061
2019-12-30,2019-12,0,0.241470328865473,0.190921519414169,0.157842014506152,0.133368745874061
2019-12-31,2019-12,0,0.246265268809632,0.190921519414169,0.160357490665152,0.133368745874061
2020-01-02,2019-12,-1,0.246265268809632,0.190921519414169,0.160357490665152,0.133368745874061
2020-01-02,2020-01,0,0.25242843864702,0.191809112231316,0.161181308198027,0.129717011641524
2020-01-03,2019-12,-1,0.246265268809632,0.190921519414169,0.160357490665152,0.133368745874061
2020-01-03,2020-01,0,0.253924573062445,0.191809112231316,0.161966196120814,0.129717011641524
2020-01-06,2019-12,-1,0.246265268809632,0.190921519414169,0.160357490665152,0.133368745874061
2020-01-06,2020-01,0,0.278565798539121,0.191809112231316,0.174893243369993,0.129717011641524
2020-01-07,2019-12,-1,0.246265268809632,0.190921519414169,0.160357490665152,0.133368745874061
2020-01-07,2020-01,0,0.216268742379749,0.191809112231316,0.142211549465636,0.129717011641524
2020-01-08,2019-12,-1,0.246265268809632,0.190921519414169,0.160357490665152,0.133368745874061
2020-01-08,2020-01,0,0.216268742379749,0.191809112231316,0.142211549465636,0.129717011641524
2020-01-09,2019-12,-1,0.246265268809632,0.190921519414169,0.160357490665152,0.133368745874061
2020-01-09,2020-01,0,0.216268742379749,0.191809112231316,0.142211549465636,0.129717011641524
2020-01-10,2019-12,-1,0.246265268809632,0.190921519414169,0.160357490665152,0.133368745874061
2020-01-10,2020-01,0,0.216268742379749,0.191809112231316,0.142211549465636,0.129717011641524
2020-01-13,2019-12,-1,0.246265268809632,0.190921519414169,0.160357490665152,0.133368745874061
2020-01-13,2020-01,0,0.216268742379749,0.191809112231316,0.142211549465636,0.129717011641524
2020-01-14,2019-12,-1,,,0.166167782819696,0.10405871860938
2020-01-14,2020-01,0,0.203830317009685,0.185342300624887,0.137339552395044,0.127274509369467
2020-01-15,2019-12,-1,,,0.166167782819696,0.10405871860938
2020-01-15,2020-01,0,0.203830317009685,0.185342300624887,0.137339552395044,0.127274509369467
2020-01-16,2019-12,-1,,,0.166167782819696,0.10405871860938
2020-01-16,2020-01,0,0.203830317009685,0.185342300624887,0.137339552395044,0.127274509369467
2020-01-17,2019-12,-1,,,0.166167782819696,0.10405871860938
2020-01-17,2020-01,0,0.203830317009685,0.185342300624887,0.137339552395044,0.127274509369467
2020-01-21,2019-12,-1,,,0.166167782819696,0.10405871860938
2020-01-21,2020-01,0,0.203830317009685,0.185342300624887,0.137339552395044,0.127274509369467
2020-01-22,2019-12,-1,,,0.166167782819696,0.10405871860938
2020-01-22,2020-01,0,0.185796299210065,0.185342300624887,0.127751823927554,0.127274509369467
2020-01-23,2019-12,-1,,,0.166167782819696,0.10405871860938
2020-01-23,2020-01,0,0.185796299210065,0.185342300624887,0.127751823927554,0.127274509369467
2020-01-24,2019-12,-1,,,0.166167782819696,0.10405871860938
2020-01-24,2020-01,0,0.185796299210065,0.185342300624887,0.127751823927554,0.127274509369467
2020-01-27,2019-12,-1,,,0.166167782819696,0.10405871860938
2020-01-27,2020-01,0,0.185796299210065,0.185342300624887,0.127751823927554,0.127274509369467
2020-01-28,2019-12,-1,,,0.166167782819696,0.10405871860938
2020-01-28,2020-01,0,0.165508029185494,0.185342300624887,0.116965629401627,0.127274509369467
2020-01-29,2019-12,-1,,,0.166167782819696,0.10405871860938
2020-01-29,2020-01,0,0.165508029185494,0.185342300624887,0.116965629401627,0.127274509369467
2020-01-30,2019-12,-1,,,0.166167782819696,0.10405871860938
2020-01-30,2020-01,0,0.165508029185494,0.185342300624887,0.116965629401627,0.127274509369467
2020-01-31,2020-01,0,0.165508029185494,0.185342300624887,0.119109009213077,0.131063607266372
2020-02-03,2020-01,-1,0.165508029185494,0.185342300624887,0.119109009213077,0.131063607266372
2020-02-03,2020-02,0,-0.0691845786089159,0.180825532213717,0.0040130999763621,0.138977476739293
2020-02-04,2020-01,-1,0.165508029185494,0.185342300624887,0.119109009213077,0.131063607266372
2020-02-04,2020-02,0,-0.0141572306114053,0.180825532213717,0.0332044257841501,0.138977476739293
2020-02-05,2020-01,-1,0.165508029185494,0.185342300624887,0.119109009213077,0.131063607266372
2020-02-05,2020-02,0,-0.0141572306114053,0.180825532213717,0.0332044257841501,0.138977476739293
2020-02-06,2020-01,-1,0.165508029185494,0.185342300624887,0.119109009213077,0.131063607266372
2020-02-06,2020-02,0,-0.0141572306114053,0.180825532213717,0.0332044257841501,0.138977476739293
2020-02-07,2020-01,-1,0.165508029185494,0.185342300624887,0.119109009213077,0.131063607266372
2020-02-07,2020-02,0,-0.0141572306114053,0.180825532213717,0.0332044257841501,0.138977476739293
2020-02-10,2020-01,-1,0.165508029185494,0.185342300624887,0.119109009213077,0.131063607266372
2020-02-10,2020-02,0,-0.0141572306114053,0.180825532213717,0.0332044257841501,0.138977476739293
2020-02-11,2020-01,-1,0.165952033920822,0.18549081549909,0.11872666815484,0.131063607266372
2020-02-11,2020-02,0,0.0459619585153066,0.182357638827508,0.0554348415509577,0.138977476739293
2020-02-12,2020-01,-1,0.165952033920822,0.18549081549909,0.11872666815484,0.131063607266372
2020-02-12,2020-02,0,0.0459619585153066,0.182357638827508,0.0554348415509577,0.138977476739293
2020-02-13,2020-01,-1,,,0.122680707614654,0.189161365247634
2020-02-13,2020-02,0,0.0530688136021168,0.187088259900919,0.0580077339592734,0.143818956571065
2020-02-14,2020-01,-1,,,0.122680707614654,0.189161365247634
2020-02-14,2020-02,0,0.0530688136021168,0.187088259900919,0.0580077339592734,0.143818956571065
2020-02-18,2020-01,-1,,,0.122680707614654,0.189161365247634
2020-02-18,2020-02,0,0.0530688136021168,0.187088259900919,0.0580077339592734,0.143818956571065
2020-02-19,2020-01,-1,,,0.122680707614654,0.189161365247634
2020-02-19,2020-02,0,0.0490702040067534,0.187088259900919,0.0553741136363763,0.143818956571065
2020-02-20,2020-01,-1,,,0.122680707614654,0.189161365247634
2020-02-20,2020-02,0,0.0490702040067534,0.187088259900919,0.0553741136363763,0.143818956571065
2020-02-21,2020-01,-1,,,0.122680707614654,0.189161365247634
2020-02-21,2020-02,0,0.0490702040067534,0.187088259900919,0.0553741136363763,0.143818956571065
2020-02-24,2020-01,-1,,,0.122680707614654,0.189161365247634
2020-02-24,2020-02,0,0.0490702040067534,0.187088259900919,0.0553741136363763,0.143818956571065
2020-02-25,2020-01,-1,,,0.122680707614654,0.189161365247634
2020-02-25,2020-02,0,0.0576386531396749,0.187088259900919,0.0610175857568702,0.143818956571065
2020-02-26,2020-01,-1,,,0.122680707614654,0.189161365247634
2020-02-26,2020-02,0,0.0576386531396749,0.187088259900919,0.0610175857568702,0.143818956571065
2020-02-27,2020-01,-1,,,0.122680707614654,0.189161365247634
2020-02-27,2020-02,0,0.0576386531396749,0.187088259900919,0.0610175857568702,0.143818956571065
2020-02-28,2020-02,0,0.0576386531396749,0.187088259900919,0.0550556410637127,0.134865212941176
2020-03-02,2020-02,-1,0.0576386531396749,0.187088259900919,0.0550556410637127,0.134865212941176
2020-03-02,2020-03,0,-0.0862065271732493,0.192061036961031,-0.0325155458425642,0.142946617715826
2020-03-03,2020-02,-1,0.0576386531396749,0.187088259900919,0.0550556410637127,0.134865212941176
2020-03-03,2020-03,0,0.028628711154606,0.192061036961031,0.0411034547751257,0.142946617715826
2020-03-04,2020-02,-1,0.0576386531396749,0.187088259900919,0.0550556410637127,0.134865212941176
2020-03-04,2020-03,0,0.028628711154606,0.192061036961031,0.0411034547751257,0.142946617715826
2020-03-05,2020-02,-1,0.0576386531396749,0.187088259900919,0.0550556410637127,0.134865212941176
2020-03-05,2020-03,0,0.028628711154606,0.192061036961031,0.0411034547751257,0.142946617715826
2020-03-06,2020-02,-1,0.0576386531396749,0.187088259900919,0.0550556410637127,0.134865212941176
2020-03-06,2020-03,0,0.028628711154606,0.192061036961031,0.0411034547751257,0.142946617715826
2020-03-09,2020-02,-1,0.0576386531396749,0.187088259900919,0.0550556410637127,0.134865212941176
2020-03-09,2020-03,0,0.028628711154606,0.192061036961031,0.0411034547751257,0.142946617715826
2020-03-10,2020-02,-1,0.0576386531396749,0.187088259900919,0.0550556410637127,0.134865212941176
2020-03-10,2020-03,0,0.0012834319514088,0.192061036961031,0.0235728417345225,0.142946617715826
2020-03-11,2020-02,-1,,,0.0856350148506713,0.167110890380228
2020-03-11,2020-03,0,-0.0038646718526639,0.195046130319857,0.0271331247768113,0.145633757502414
2020-03-12,2020-02,-1,,,0.0856350148506713,0.167110890380228
2020-03-12,2020-03,0,-0.0038646718526639,0.195046130319857,0.0271331247768113,0.145633757502414
2020-03-13,2020-02,-1,,,0.0856350148506713,0.167110890380228
2020-03-13,2020-03,0,-0.0038646718526639,0.195046130319857,0.0271331247768113,0.145633757502414
2020-03-16,2020-02,-1,,,0.0856350148506713,0.167110890380228
2020-03-16,2020-03,0,-0.0038646718526639,0.195046130319857,0.0271331247768113,0.145633757502414
2020-03-17,2020-02,-1,,,0.0856350148506713,0.167110890380228
2020-03-17,2020-03,0,-0.0637948282693098,0.195046130319857,-0.0105668758535963,0.145633757502414
2020-03-18,2020-02,-1,,,0.0856350148506713,0.167110890380228
2020-03-18,2020-03,0,-0.0637948282693098,0.195046130319857,-0.0105668758535963,0.145633757502414
2020-03-19,2020-02,-1,,,0.0856350148506713,0.167110890380228
2020-03-19,2020-03,0,-0.0637948282693098,0.195046130319857,-0.0105668758535963,0.145633757502414
2020-03-20,2020-02,-1,,,0.0856350148506713,0.167110890380228
2020-03-20,2020-03,0,-0.0637948282693098,0.195046130319857,-0.0105668758535963,0.145633757502414
2020-03-23,2020-02,-1,,,0.0856350148506713,0.167110890380228
2020-03-23,2020-03,0,-0.0637948282693098,0.195046130319857,-0.0105668758535963,0.145633757502414
2020-03-24,2020-02,-1,,,0.0856350148506713,0.167110890380228
2020-03-24,2020-03,0,-0.132026121216639,0.195046130319857,-0.0534888360307831,0.145633757502414
2020-03-25,2020-02,-1,,,0.0856350148506713,0.167110890380228
2020-03-25,2020-03,0,-0.132026121216639,0.195046130319857,-0.0534888360307831,0.145633757502414
2020-03-26,2020-02,-1,,,0.0856350148506713,0.167110890380228
2020-03-26,2020-03,0,-0.132026121216639,0.195046130319857,-0.0534888360307831,0.145633757502414
2020-03-27,2020-03,0,-0.132026121216639,0.195046130319857,-0.0478657228036736,0.150790471853065
2020-03-30,2020-03,0,-0.132026121216639,0.195046130319857,-0.0478657228036736,0.150790471853065
2020-03-31,2020-03,0,-0.132026121216639,0.195046130319857,-0.0478657228036736,0.150790471853065
2020-04-01,2020-03,-1,-0.200662347653271,0.195046130319857,-0.0909145523921115,0.150790471853065
2020-04-01,2020-04,0,-0.275018864326885,0.197916711066673,-0.131473468980856,0.158396653270811
2020-04-02,2020-03,-1,-0.200662347653271,0.195046130319857,-0.0909145523921115,0.150790471853065
2020-04-02,2020-04,0,-0.312537064588733,0.197916711066673,-0.155004987151196,0.158396653270811
2020-04-03,2020-03,-1,-0.200662347653271,0.195046130319857,-0.0909145523921115,0.150790471853065
2020-04-03,2020-04,0,-0.247140757187873,0.197916711066673,-0.113988243673728,0.158396653270811
2020-04-06,2020-03,-1,-0.200662347653271,0.195046130319857,-0.0909145523921115,0.150790471853065
2020-04-06,2020-04,0,-0.186781615562909,0.197916711066673,-0.0761308243950556,0.158396653270811
2020-04-07,2020-03,-1,-0.200662347653271,0.195046130319857,-0.0909145523921115,0.150790471853065
2020-04-07,2020-04,0,-0.164939422586394,0.197916711066673,-0.0624313410157952,0.158396653270811
2020-04-08,2020-03,-1,-0.200662347653271,0.195046130319857,-0.0909145523921115,0.150790471853065
2020-04-08,2020-04,0,-0.387828661122662,0.197916711066673,-0.202228083129863,0.158396653270811
2020-04-09,2020-03,-1,-0.200662347653271,0.195046130319857,-0.0909145523921115,0.150790471853065
2020-04-09,2020-04,0,-0.387828661122662,0.197916711066673,-0.202228083129863,0.158396653270811
2020-04-10,2020-03,-1,,,-0.214988687267208,-0.0440758224329542
2020-04-10,2020-04,0,-0.468179768256775,0.173082095290372,-0.213490354415002,0.142157795413643
2020-04-13,2020-03,-1,,,-0.214988687267208,-0.0440758224329542
2020-04-13,2020-04,0,-0.468179768256775,0.173082095290372,-0.213490354415002,0.142157795413643
2020-04-14,2020-03,-1,,,-0.214988687267208,-0.0440758224329542
2020-04-14,2020-04,0,-0.52110614208656,0.173082095290372,-0.242661969759639,0.142157795413643
2020-04-15,2020-03,-1,,,-0.214988687267208,-0.0440758224329542
2020-04-15,2020-04,0,-0.52110614208656,0.173082095290372,-0.242661969759639,0.142157795413643
2020-04-16,2020-03,-1,,,-0.214988687267208,-0.0440758224329542
2020-04-16,2020-04,0,-0.52110614208656,0.173082095290372,-0.242661969759639,0.142157795413643
2020-04-17,2020-03,-1,,,-0.214988687267208,-0.0440758224329542
2020-04-17,2020-04,0,-0.52110614208656,0.173082095290372,-0.242661969759639,0.142157795413643
2020-04-20,2020-03,-1,,,-0.214988687267208,-0.0440758224329542
2020-04-20,2020-04,0,-0.52110614208656,0.173082095290372,-0.242661969759639,0.142157795413643
2020-04-21,2020-03,-1,,,-0.214988687267208,-0.0440758224329542
2020-04-21,2020-04,0,-0.559123678217813,0.173082095290372,-0.263616228669166,0.142157795413643
2020-04-22,2020-03,-1,,,-0.214988687267208,-0.0440758224329542
2020-04-22,2020-04,0,-0.559123678217813,0.173082095290372,-0.263616228669166,0.142157795413643
2020-04-23,2020-03,-1,,,-0.214988687267208,-0.0440758224329542
2020-04-23,2020-04,0,-0.559123678217813,0.173082095290372,-0.263616228669166,0.142157795413643
2020-04-24,2020-03,-1,,,-0.214988687267208,-0.0440758224329542
2020-04-24,2020-04,0,-0.559123678217813,0.173082095290372,-0.263616228669166,0.142157795413643
2020-04-27,2020-03,-1,,,-0.214988687267208,-0.0440758224329542
2020-04-27,2020-04,0,-0.559123678217813,0.173082095290372,-0.263616228669166,0.142157795413643
2020-04-28,2020-03,-1,,,-0.214988687267208,-0.0440758224329542
2020-04-28,2020-04,0,-0.593041283981971,0.173082095290372,-0.282310714559038,0.142157795413643
2020-04-29,2020-03,-1,,,-0.214988687267208,-0.0440758224329542
2020-04-29,2020-04,0,-0.593041283981971,0.173082095290372,-0.282310714559038,0.142157795413643
2020-04-30,2020-04,0,-0.593041283981971,0.173082095290372,-0.297733789503901,0.140224772103896
2020-05-01,2020-04,-1,-0.593041283981971,0.173082095290372,-0.297733789503901,0.140224772103896
2020-05-01,2020-05,0,0.0331857062850048,0.170986713657782,0.0526267481546724,0.131482387995995
2020-05-04,2020-04,-1,-0.593041283981971,0.173082095290372,-0.297733789503901,0.140224772103896
2020-05-04,2020-05,0,0.0410048513171371,0.170986713657782,0.0570791220828222,0.131482387995995
2020-05-05,2020-04,-1,-0.593041283981971,0.173082095290372,-0.297733789503901,0.140224772103896
2020-05-05,2020-05,0,-0.0505170995825512,0.170986713657782,0.0049647353609201,0.131482387995995
2020-05-06,2020-04,-1,-0.593041283981971,0.173082095290372,-0.297733789503901,0.140224772103896
2020-05-06,2020-05,0,-0.0505170995825512,0.170986713657782,0.0049647353609201,0.131482387995995
2020-05-07,2020-04,-1,-0.593041283981971,0.173082095290372,-0.297733789503901,0.140224772103896
2020-05-07,2020-05,0,-0.0505170995825512,0.170986713657782,0.0049647353609201,0.131482387995995
2020-05-08,2020-04,-1,-0.593041283981971,0.173082095290372,-0.297733789503901,0.140224772103896
2020-05-08,2020-05,0,-0.0505170995825512,0.170986713657782,0.0049647353609201,0.131482387995995
2020-05-11,2020-04,-1,-0.593041283981971,0.173082095290372,-0.297733789503901,0.140224772103896
2020-05-11,2020-05,0,-0.0505170995825512,0.170986713657782,0.0049647353609201,0.131482387995995
2020-05-12,2020-04,-1,,,-0.51455779975335,-0.316498171159186
2020-05-12,2020-05,0,-0.0155311719994642,0.119268653720066,0.0167102636655445,0.0934221427240718
2020-05-13,2020-04,-1,,,-0.51455779975335,-0.316498171159186
2020-05-13,2020-05,0,-0.0155311719994642,0.119268653720066,0.0167102636655445,0.0934221427240718
2020-05-14,2020-04,-1,,,-0.51455779975335,-0.316498171159186
2020-05-14,2020-05,0,-0.0155311719994642,0.119268653720066,0.0167102636655445,0.0934221427240718
2020-05-15,2020-04,-1,,,-0.51455779975335,-0.316498171159186
2020-05-15,2020-05,0,-0.0155311719994642,0.119268653720066,0.0167102636655445,0.0934221427240718
2020-05-18,2020-04,-1,,,-0.51455779975335,-0.316498171159186
2020-05-18,2020-05,0,-0.0155311719994642,0.119268653720066,0.0167102636655445,0.0934221427240718
2020-05-19,2020-04,-1,,,-0.51455779975335,-0.316498171159186
2020-05-19,2020-05,0,0.0206404309669693,0.119268653720066,0.0369655849629184,0.0934221427240718
2020-05-20,2020-04,-1,,,-0.51455779975335,-0.316498171159186
2020-05-20,2020-05,0,0.0206404309669693,0.119268653720066,0.0369655849629184,0.0934221427240718
2020-05-21,2020-04,-1,,,-0.51455779975335,-0.316498171159186
2020-05-21,2020-05,0,0.0206404309669693,0.119268653720066,0.0369655849629184,0.0934221427240718
2020-05-22,2020-04,-1,,,-0.51455779975335,-0.316498171159186
2020-05-22,2020-05,0,0.0206404309669693,0.119268653720066,0.0369655849629184,0.0934221427240718
2020-05-26,2020-04,-1,,,-0.51455779975335,-0.316498171159186
2020-05-26,2020-05,0,0.0206404309669693,0.119268653720066,0.0369655849629184,0.0934221427240718
2020-05-27,2020-04,-1,,,-0.51455779975335,-0.316498171159186
2020-05-27,2020-05,0,0.0768016039938002,0.119268653720066,0.0684146364509463,0.0934221427240718
2020-05-28,2020-04,-1,,,-0.51455779975335,-0.316498171159186
2020-05-28,2020-05,0,0.0768016039938002,0.119268653720066,0.0684146364509463,0.0934221427240718
2020-05-29,2020-05,0,0.0768016039938002,0.119268653720066,0.0725443219176828,0.086481095427754
2020-06-01,2020-05,-1,0.0768016039938002,0.119268653720066,0.0725443219176828,0.086481095427754
2020-06-01,2020-06,0,0.469348158367358,0.117622804217769,0.289590480562186,0.0839484498511072
2020-06-02,2020-05,-1,0.0768016039938002,0.119268653720066,0.0725443219176828,0.086481095427754
2020-06-02,2020-06,0,0.41743622543454,0.117622804217769,0.260666702035384,0.0839484498511072
2020-06-03,2020-05,-1,0.0768016039938002,0.119268653720066,0.0725443219176828,0.086481095427754
2020-06-03,2020-06,0,0.41743622543454,0.117622804217769,0.260666702035384,0.0839484498511072
2020-06-04,2020-05,-1,0.0768016039938002,0.119268653720066,0.0725443219176828,0.086481095427754
2020-06-04,2020-06,0,0.41743622543454,0.117622804217769,0.260666702035384,0.0839484498511072
2020-06-05,2020-05,-1,0.0768016039938002,0.119268653720066,0.0725443219176828,0.086481095427754
2020-06-05,2020-06,0,0.41743622543454,0.117622804217769,0.260666702035384,0.0839484498511072
2020-06-08,2020-05,-1,0.0768016039938002,0.119268653720066,0.0725443219176828,0.086481095427754
2020-06-08,2020-06,0,0.41743622543454,0.117622804217769,0.260666702035384,0.0839484498511072
2020-06-09,2020-05,-1,0.0768016039938002,0.119268653720066,0.0725443219176828,0.086481095427754
2020-06-09,2020-06,0,0.472960017130156,0.117622804217769,0.291602900385976,0.0839484498511072
2020-06-10,2020-05,-1,,,-0.0088447365524666,-0.0542958118252911
2020-06-10,2020-06,0,0.44282055647229,0.102663688320645,0.280021152691631,0.0722170409133534
2020-06-11,2020-05,-1,,,-0.0088447365524666,-0.0542958118252911
2020-06-11,2020-06,0,0.44282055647229,0.102663688320645,0.280021152691631,0.0722170409133534
2020-06-12,2020-05,-1,,,-0.0088447365524666,-0.0542958118252911
2020-06-12,2020-06,0,0.44282055647229,0.102663688320645,0.280021152691631,0.0722170409133534
2020-06-15,2020-05,-1,,,-0.0088447365524666,-0.0542958118252911
2020-06-15,2020-06,0,0.44282055647229,0.102663688320645,0.280021152691631,0.0722170409133534
2020-06-16,2020-05,-1,,,-0.0088447365524666,-0.0542958118252911
2020-06-16,2020-06,0,0.497802090591049,0.102663688320645,0.31157413621965,0.0722170409133534
2020-06-17,2020-05,-1,,,-0.0088447365524666,-0.0542958118252911
2020-06-17,2020-06,0,0.497802090591049,0.102663688320645,0.31157413621965,0.0722170409133534
2020-06-18,2020-05,-1,,,-0.0088447365524666,-0.0542958118252911
2020-06-18,2020-06,0,0.497802090591049,0.102663688320645,0.31157413621965,0.0722170409133534
2020-06-19,2020-05,-1,,,-0.0088447365524666,-0.0542958118252911
2020-06-19,2020-06,0,0.497802090591049,0.102663688320645,0.31157413621965,0.0722170409133534
2020-06-22,2020-05,-1,,,-0.0088447365524666,-0.0542958118252911
2020-06-22,2020-06,0,0.497802090591049,0.102663688320645,0.31157413621965,0.0722170409133534
2020-06-23,2020-05,-1,,,-0.0088447365524666,-0.0542958118252911
2020-06-23,2020-06,0,0.539263575336344,0.102663688320645,0.335368189371927,0.0722170409133534
2020-06-24,2020-05,-1,,,-0.0088447365524666,-0.0542958118252911
2020-06-24,2020-06,0,0.539263575336344,0.102663688320645,0.335368189371927,0.0722170409133534
2020-06-25,2020-05,-1,,,-0.0088447365524666,-0.0542958118252911
2020-06-25,2020-06,0,0.539263575336344,0.102663688320645,0.335368189371927,0.0722170409133534
2020-06-26,2020-06,0,0.539263575336344,0.102663688320645,0.345882462431724,0.084826581022925
2020-06-29,2020-06,0,0.539263575336344,0.102663688320645,0.345882462431724,0.084826581022925
2020-06-30,2020-06,0,0.58000399078172,0.102663688320645,0.369318038136742,0.084826581022925
2020-07-01,2020-06,-1,0.58000399078172,0.102663688320645,0.369318038136742,0.084826581022925
2020-07-01,2020-07,0,0.199506063729234,0.08814491835775,0.146049530714271,0.0704937877570248
2020-07-02,2020-06,-1,0.58000399078172,0.102663688320645,0.369318038136742,0.084826581022925
2020-07-02,2020-07,0,0.223615942207757,0.08814491835775,0.159918532199536,0.0704937877570248
2020-07-03,2020-06,-1,0.58000399078172,0.102663688320645,0.369318038136742,0.084826581022925
2020-07-03,2020-07,0,0.238440259380362,0.08814491835775,0.168446093923583,0.0704937877570248
2020-07-06,2020-06,-1,0.58000399078172,0.102663688320645,0.369318038136742,0.084826581022925
2020-07-06,2020-07,0,0.242512873988221,0.08814491835775,0.170788830660959,0.0704937877570248
2020-07-07,2020-06,-1,0.58000399078172,0.102663688320645,0.369318038136742,0.084826581022925
2020-07-07,2020-07,0,0.301959569856769,0.08814491835775,0.204985034263951,0.0704937877570248
2020-07-08,2020-06,-1,0.58000399078172,0.102663688320645,0.369318038136742,0.084826581022925
2020-07-08,2020-07,0,0.301959569856769,0.08814491835775,0.204985034263951,0.0704937877570248
2020-07-09,2020-06,-1,0.58000399078172,0.102663688320645,0.369318038136742,0.084826581022925
2020-07-09,2020-07,0,0.301959569856769,0.08814491835775,0.204985034263951,0.0704937877570248
2020-07-10,2020-06,-1,0.58000399078172,0.102663688320645,0.369318038136742,0.084826581022925
2020-07-10,2020-07,0,0.301959569856769,0.08814491835775,0.204985034263951,0.0704937877570248
2020-07-13,2020-06,-1,0.58000399078172,0.102663688320645,0.369318038136742,0.084826581022925
2020-07-13,2020-07,0,0.301959569856769,0.08814491835775,0.204985034263951,0.0704937877570248
2020-07-14,2020-06,-1,,,0.372902799247184,0.178679336011591
2020-07-14,2020-07,0,0.291587746226915,0.0991796517223781,0.192736119260853,0.0783148506727469
2020-07-15,2020-06,-1,,,0.372902799247184,0.178679336011591
2020-07-15,2020-07,0,0.291587746226915,0.0991796517223781,0.192736119260853,0.0783148506727469
2020-07-16,2020-06,-1,,,0.372902799247184,0.178679336011591
2020-07-16,2020-07,0,0.291587746226915,0.0991796517223781,0.192736119260853,0.0783148506727469
2020-07-17,2020-06,-1,,,0.372902799247184,0.178679336011591
2020-07-17,2020-07,0,0.291587746226915,0.0991796517223781,0.192736119260853,0.0783148506727469
2020-07-20,2020-06,-1,,,0.372902799247184,0.178679336011591
2020-07-20,2020-07,0,0.291587746226915,0.0991796517223781,0.192736119260853,0.0783148506727469
2020-07-21,2020-06,-1,,,0.372902799247184,0.178679336011591
2020-07-21,2020-07,0,0.292082483370359,0.0991796517223781,0.193002713436681,0.0783148506727469
2020-07-22,2020-06,-1,,,0.372902799247184,0.178679336011591
2020-07-22,2020-07,0,0.292082483370359,0.0991796517223781,0.193002713436681,0.0783148506727469
2020-07-23,2020-06,-1,,,0.372902799247184,0.178679336011591
2020-07-23,2020-07,0,0.292082483370359,0.0991796517223781,0.193002713436681,0.0783148506727469
2020-07-24,2020-06,-1,,,0.372902799247184,0.178679336011591
2020-07-24,2020-07,0,0.292082483370359,0.0991796517223781,0.193002713436681,0.0783148506727469
2020-07-27,2020-06,-1,,,0.372902799247184,0.178679336011591
2020-07-27,2020-07,0,0.292082483370359,0.0991796517223781,0.193002713436681,0.0783148506727469
2020-07-28,2020-06,-1,,,0.372902799247184,0.178679336011591
2020-07-28,2020-07,0,0.288619323366245,0.0991796517223781,0.191136554205883,0.0783148506727469
2020-07-29,2020-06,-1,,,0.372902799247184,0.178679336011591
2020-07-29,2020-07,0,0.288619323366245,0.0991796517223781,0.191136554205883,0.0783148506727469
2020-07-30,2020-06,-1,,,0.372902799247184,0.178679336011591
2020-07-30,2020-07,0,0.288619323366245,0.0991796517223781,0.191136554205883,0.0783148506727469
2020-07-31,2020-07,0,0.288619323366245,0.0991796517223781,0.185564991941869,0.0787661287786938
2020-08-03,2020-07,-1,0.288619323366245,0.0991796517223781,0.185564991941869,0.0787661287786938
2020-08-03,2020-08,0,0.197979521037791,0.0864627203823592,0.136980644117142,0.0716985660824073
2020-08-04,2020-07,-1,0.288619323366245,0.0991796517223781,0.185564991941869,0.0787661287786938
2020-08-04,2020-08,0,0.186383067645692,0.0864627203823592,0.130801613047152,0.0716985660824073
2020-08-05,2020-07,-1,0.288619323366245,0.0991796517223781,0.185564991941869,0.0787661287786938
2020-08-05,2020-08,0,0.186383067645692,0.0864627203823592,0.130801613047152,0.0716985660824073
2020-08-06,2020-07,-1,0.288619323366245,0.0991796517223781,0.185564991941869,0.0787661287786938
2020-08-06,2020-08,0,0.186383067645692,0.0864627203823592,0.130801613047152,0.0716985660824073
2020-08-07,2020-07,-1,0.288619323366245,0.0991796517223781,0.185564991941869,0.0787661287786938
2020-08-07,2020-08,0,0.186383067645692,0.0864627203823592,0.130801613047152,0.0716985660824073
2020-08-10,2020-07,-1,0.288619323366245,0.0991796517223781,0.185564991941869,0.0787661287786938
2020-08-10,2020-08,0,0.186383067645692,0.0864627203823592,0.130801613047152,0.0716985660824073
2020-08-11,2020-07,-1,0.288619323366245,0.0991796517223781,0.185564991941869,0.0787661287786938
2020-08-11,2020-08,0,0.179296480675501,0.0864627203823592,0.127025610196242,0.0716985660824073
2020-08-12,2020-07,-1,,,0.408940511902505,0.48266865043292
2020-08-12,2020-08,0,0.198573255305018,0.129876850377061,0.145202061878355,0.105357109553593
2020-08-13,2020-07,-1,,,0.408940511902505,0.48266865043292
2020-08-13,2020-08,0,0.198573255305018,0.129876850377061,0.145202061878355,0.105357109553593
2020-08-14,2020-07,-1,,,0.408940511902505,0.48266865043292
2020-08-14,2020-08,0,0.198573255305018,0.129876850377061,0.145202061878355,0.105357109553593
2020-08-17,2020-07,-1,,,0.408940511902505,0.48266865043292
2020-08-17,2020-08,0,0.198573255305018,0.129876850377061,0.145202061878355,0.105357109553593
2020-08-18,2020-07,-1,,,0.408940511902505,0.48266865043292
2020-08-18,2020-08,0,0.196251147780451,0.129876850377061,0.143946122778692,0.105357109553593
2020-08-19,2020-07,-1,,,0.408940511902505,0.48266865043292
2020-08-19,2020-08,0,0.196251147780451,0.129876850377061,0.143946122778692,0.105357109553593
2020-08-20,2020-07,-1,,,0.408940511902505,0.48266865043292
2020-08-20,2020-08,0,0.196251147780451,0.129876850377061,0.143946122778692,0.105357109553593
2020-08-21,2020-07,-1,,,0.408940511902505,0.48266865043292
2020-08-21,2020-08,0,0.196251147780451,0.129876850377061,0.143946122778692,0.105357109553593
2020-08-24,2020-07,-1,,,0.408940511902505,0.48266865043292
2020-08-24,2020-08,0,0.196251147780451,0.129876850377061,0.143946122778692,0.105357109553593
2020-08-25,2020-07,-1,,,0.408940511902505,0.48266865043292
2020-08-25,2020-08,0,0.200663152077128,0.129876850377061,0.146332407068051,0.105357109553593
2020-08-26,2020-07,-1,,,0.408940511902505,0.48266865043292
2020-08-26,2020-08,0,0.200663152077128,0.129876850377061,0.146332407068051,0.105357109553593
2020-08-27,2020-07,-1,,,0.408940511902505,0.48266865043292
2020-08-27,2020-08,0,0.200663152077128,0.129876850377061,0.146332407068051,0.105357109553593
2020-08-28,2020-08,0,0.200663152077128,0.129876850377061,0.150084552384064,0.104167178250241
2020-08-31,2020-08,0,0.200663152077128,0.129876850377061,0.150084552384064,0.104167178250241
2020-09-01,2020-08,-1,0.214177817870108,0.129876850377061,0.157735517552225,0.104167178250241
2020-09-01,2020-09,0,0.136100310926637,0.121952158011206,0.114952961495059,0.101023437039062
2020-09-02,2020-08,-1,0.214177817870108,0.129876850377061,0.157735517552225,0.104167178250241
2020-09-02,2020-09,0,0.140345234690849,0.121952158011206,0.117356111107413,0.101023437039062
2020-09-03,2020-08,-1,0.214177817870108,0.129876850377061,0.157735517552225,0.104167178250241
2020-09-03,2020-09,0,0.121243077751894,0.121952158011206,0.106541937851822,0.101023437039062
2020-09-04,2020-08,-1,0.214177817870108,0.129876850377061,0.157735517552225,0.104167178250241
2020-09-04,2020-09,0,0.113083390960687,0.121952158011206,0.101922550263632,0.101023437039062
2020-09-08,2020-08,-1,0.214177817870108,0.129876850377061,0.157735517552225,0.104167178250241
2020-09-08,2020-09,0,0.0870289922123449,0.121952158011206,0.087172551976254,0.101023437039062
2020-09-09,2020-08,-1,0.214177817870108,0.129876850377061,0.157735517552225,0.104167178250241
2020-09-09,2020-09,0,0.153570685403738,0.121952158011206,0.124843344923443,0.101023437039062
2020-09-10,2020-08,-1,0.214177817870108,0.129876850377061,0.157735517552225,0.104167178250241
2020-09-10,2020-09,0,0.153570685403738,0.121952158011206,0.124843344923443,0.101023437039062
2020-09-11,2020-08,-1,,,0.272369568870637,0.289344077061932
2020-09-11,2020-09,0,0.165111907025936,0.143252800797162,0.134117011819205,0.11645484527337
2020-09-14,2020-08,-1,,,0.272369568870637,0.289344077061932
2020-09-14,2020-09,0,0.165111907025936,0.143252800797162,0.134117011819205,0.11645484527337
2020-09-15,2020-08,-1,,,0.272369568870637,0.289344077061932
2020-09-15,2020-09,0,0.145723601333817,0.143252800797162,0.123089546090634,0.11645484527337
2020-09-16,2020-08,-1,,,0.272369568870637,0.289344077061932
2020-09-16,2020-09,0,0.145723601333817,0.143252800797162,0.123089546090634,0.11645484527337
2020-09-17,2020-08,-1,,,0.272369568870637,0.289344077061932
2020-09-17,2020-09,0,0.145723601333817,0.143252800797162,0.123089546090634,0.11645484527337
2020-09-18,2020-08,-1,,,0.272369568870637,0.289344077061932
2020-09-18,2020-09,0,0.145723601333817,0.143252800797162,0.123089546090634,0.11645484527337
2020-09-21,2020-08,-1,,,0.272369568870637,0.289344077061932
2020-09-21,2020-09,0,0.145723601333817,0.143252800797162,0.123089546090634,0.11645484527337
2020-09-22,2020-08,-1,,,0.272369568870637,0.289344077061932
2020-09-22,2020-09,0,0.132336437879734,0.143252800797162,0.115475343563762,0.11645484527337
2020-09-23,2020-08,-1,,,0.272369568870637,0.289344077061932
2020-09-23,2020-09,0,0.132336437879734,0.143252800797162,0.115475343563762,0.11645484527337
2020-09-24,2020-08,-1,,,0.272369568870637,0.289344077061932
2020-09-24,2020-09,0,0.132336437879734,0.143252800797162,0.115475343563762,0.11645484527337
2020-09-25,2020-08,-1,,,0.272369568870637,0.289344077061932
2020-09-25,2020-09,0,0.132336437879734,0.143252800797162,0.115475343563762,0.11645484527337
2020-09-28,2020-08,-1,,,0.272369568870637,0.289344077061932
2020-09-28,2020-09,0,0.132336437879734,0.143252800797162,0.115475343563762,0.11645484527337
2020-09-29,2020-08,-1,,,0.272369568870637,0.289344077061932
2020-09-29,2020-09,0,0.125642856152693,0.143252800797162,0.111668242300327,0.11645484527337
2020-09-30,2020-08,-1,,,0.272369568870637,0.289344077061932
2020-09-30,2020-09,0,0.125642856152693,0.143252800797162,0.111668242300327,0.11645484527337
2020-10-01,2020-09,-1,0.125642856152693,0.143252800797162,0.124401272262716,0.132055824083066
2020-10-01,2020-10,0,0.147823006267016,0.139355371302939,0.142162928713931,0.136673983373559
2020-10-02,2020-09,-1,0.125642856152693,0.143252800797162,0.124401272262716,0.132055824083066
2020-10-02,2020-10,0,0.116038515697226,0.139355371302939,0.124340051616438,0.136673983373559
2020-10-05,2020-09,-1,0.125642856152693,0.143252800797162,0.124401272262716,0.132055824083066
2020-10-05,2020-10,0,0.0894576806631983,0.139355371302939,0.109435079176498,0.136673983373559
2020-10-06,2020-09,-1,0.125642856152693,0.143252800797162,0.124401272262716,0.132055824083066
2020-10-06,2020-10,0,0.154918078803442,0.139355371302939,0.14614142903115,0.136673983373559
2020-10-07,2020-09,-1,0.125642856152693,0.143252800797162,0.124401272262716,0.132055824083066
2020-10-07,2020-10,0,0.154918078803442,0.139355371302939,0.14614142903115,0.136673983373559
2020-10-08,2020-09,-1,0.125642856152693,0.143252800797162,0.124401272262716,0.132055824083066
2020-10-08,2020-10,0,0.154918078803442,0.139355371302939,0.14614142903115,0.136673983373559
2020-10-09,2020-09,-1,0.125642856152693,0.143252800797162,0.124401272262716,0.132055824083066
2020-10-09,2020-10,0,0.154918078803442,0.139355371302939,0.14614142903115,0.136673983373559
2020-10-13,2020-09,-1,,,0.172103127125217,0.160317666135845
2020-10-13,2020-10,0,0.157633098968719,0.143448824607896,0.145131417454365,0.139029136877957
2020-10-14,2020-09,-1,,,0.172103127125217,0.160317666135845
2020-10-14,2020-10,0,0.154183875332269,0.143448824607896,0.143211139782084,0.139029136877957
2020-10-15,2020-09,-1,,,0.172103127125217,0.160317666135845
2020-10-15,2020-10,0,0.154183875332269,0.143448824607896,0.143211139782084,0.139029136877957
2020-10-16,2020-09,-1,,,0.172103127125217,0.160317666135845
2020-10-16,2020-10,0,0.154183875332269,0.143448824607896,0.143211139782084,0.139029136877957
2020-10-19,2020-09,-1,,,0.172103127125217,0.160317666135845
2020-10-19,2020-10,0,0.154183875332269,0.143448824607896,0.143211139782084,0.139029136877957
2020-10-20,2020-09,-1,,,0.172103127125217,0.160317666135845
2020-10-20,2020-10,0,0.1452158938775,0.143448824607896,0.138218417834155,0.139029136877957
2020-10-21,2020-09,-1,,,0.172103127125217,0.160317666135845
2020-10-21,2020-10,0,0.1452158938775,0.143448824607896,0.138218417834155,0.139029136877957
2020-10-22,2020-09,-1,,,0.172103127125217,0.160317666135845
2020-10-22,2020-10,0,0.1452158938775,0.143448824607896,0.138218417834155,0.139029136877957
2020-10-23,2020-09,-1,,,0.172103127125217,0.160317666135845
2020-10-23,2020-10,0,0.1452158938775,0.143448824607896,0.138218417834155,0.139029136877957
2020-10-26,2020-09,-1,,,0.172103127125217,0.160317666135845
2020-10-26,2020-10,0,0.1452158938775,0.143448824607896,0.138218417834155,0.139029136877957
2020-10-27,2020-09,-1,,,0.172103127125217,0.160317666135845
2020-10-27,2020-10,0,0.138662368968245,0.143448824607896,0.134569890256822,0.139029136877957
2020-10-28,2020-09,-1,,,0.172103127125217,0.160317666135845
2020-10-28,2020-10,0,0.138662368968245,0.143448824607896,0.134569890256822,0.139029136877957
2020-10-29,2020-09,-1,,,0.172103127125217,0.160317666135845
2020-10-29,2020-10,0,0.138662368968245,0.143448824607896,0.134569890256822,0.139029136877957
2020-10-30,2020-10,0,0.138662368968245,0.143448824607896,0.126784335794619,0.128343979840456
2020-11-02,2020-10,-1,0.138662368968245,0.143448824607896,0.126784335794619,0.128343979840456
2020-11-02,2020-11,0,0.100154974130023,0.14580017509479,0.104757577603136,0.128205429045905
2020-11-03,2020-10,-1,0.138662368968245,0.143448824607896,0.126784335794619,0.128343979840456
2020-11-03,2020-11,0,0.161695308885237,0.14580017509479,0.139389255274995,0.128205429045905
2020-11-04,2020-10,-1,0.138662368968245,0.143448824607896,0.126784335794619,0.128343979840456
2020-11-04,2020-11,0,0.161695308885237,0.14580017509479,0.139389255274995,0.128205429045905
2020-11-05,2020-10,-1,0.138662368968245,0.143448824607896,0.126784335794619,0.128343979840456
2020-11-05,2020-11,0,0.161695308885237,0.14580017509479,0.139389255274995,0.128205429045905
2020-11-06,2020-10,-1,0.138662368968245,0.143448824607896,0.126784335794619,0.128343979840456
2020-11-06,2020-11,0,0.161695308885237,0.14580017509479,0.139389255274995,0.128205429045905
2020-11-09,2020-10,-1,0.138662368968245,0.143448824607896,0.126784335794619,0.128343979840456
2020-11-09,2020-11,0,0.161695308885237,0.14580017509479,0.139389255274995,0.128205429045905
2020-11-10,2020-10,-1,0.138662368968245,0.143448824607896,0.126784335794619,0.128343979840456
2020-11-10,2020-11,0,0.150533831380556,0.14580017509479,0.133108160236735,0.128205429045905
2020-11-12,2020-10,-1,,,0.059324462857975,0.0314972209312909
2020-11-12,2020-11,0,0.143193555458525,0.134836460329967,0.127025643194791,0.120134865803474
2020-11-13,2020-10,-1,,,0.059324462857975,0.0314972209312909
2020-11-13,2020-11,0,0.143193555458525,0.134836460329967,0.127025643194791,0.120134865803474
2020-11-16,2020-10,-1,,,0.059324462857975,0.0314972209312909
2020-11-16,2020-11,0,0.143193555458525,0.134836460329967,0.127025643194791,0.120134865803474
2020-11-17,2020-10,-1,,,0.059324462857975,0.0314972209312909
2020-11-17,2020-11,0,0.143193555458525,0.134836460329967,0.127025643194791,0.120134865803474
2020-11-18,2020-10,-1,,,0.059324462857975,0.0314972209312909
2020-11-18,2020-11,0,0.145981913874125,0.134836460329967,0.128607753395074,0.120134865803474
2020-11-19,2020-10,-1,,,0.059324462857975,0.0314972209312909
2020-11-19,2020-11,0,0.145981913874125,0.134836460329967,0.128607753395074,0.120134865803474
2020-11-20,2020-10,-1,,,0.059324462857975,0.0314972209312909
2020-11-20,2020-11,0,0.145981913874125,0.134836460329967,0.128607753395074,0.120134865803474
2020-11-23,2020-10,-1,,,0.059324462857975,0.0314972209312909
2020-11-23,2020-11,0,0.145981913874125,0.134836460329967,0.128607753395074,0.120134865803474
2020-11-24,2020-10,-1,,,0.059324462857975,0.0314972209312909
2020-11-24,2020-11,0,0.144587734666325,0.134836460329967,0.127816698294933,0.120134865803474
2020-11-25,2020-11,0,0.144587734666325,0.134836460329967,0.124089535957645,0.116927061397081
2020-11-27,2020-11,0,0.144587734666325,0.134836460329967,0.124095364010454,0.116927061397081
2020-11-30,2020-11,0,0.144587734666325,0.134836460329967,0.124095364010454,0.116927061397081
2020-12-01,2020-11,-1,0.148491436448164,0.134836460329967,0.126277239699164,0.116927061397081
2020-12-01,2020-12,0,0.432872549876559,0.129908517045158,0.291940573255818,0.122743241764879
2020-12-02,2020-11,-1,0.148491436448164,0.134836460329967,0.126277239699164,0.116927061397081
2020-12-02,2020-12,0,0.417529214739108,0.129908517045158,0.283364802925238,0.122743241764879
2020-12-03,2020-11,-1,0.148491436448164,0.134836460329967,0.126277239699164,0.116927061397081
2020-12-03,2020-12,0,0.428385348091078,0.129908517045158,0.289432564951592,0.122743241764879
2020-12-04,2020-11,-1,0.148491436448164,0.134836460329967,0.126277239699164,0.116927061397081
2020-12-04,2020-12,0,0.43769749803299,0.129908517045158,0.294637356378642,0.122743241764879
2020-12-07,2020-11,-1,0.148491436448164,0.134836460329967,0.126277239699164,0.116927061397081
2020-12-07,2020-12,0,0.444380051229647,0.129908517045158,0.298372401003753,0.122743241764879
2020-12-08,2020-11,-1,0.148491436448164,0.134836460329967,0.126277239699164,0.116927061397081
2020-12-08,2020-12,0,0.336822811645116,0.129908517045158,0.23825599372952,0.122743241764879
2020-12-09,2020-11,-1,0.148491436448164,0.134836460329967,0.126277239699164,0.116927061397081
2020-12-09,2020-12,0,0.336822811645116,0.129908517045158,0.23825599372952,0.122743241764879
2020-12-10,2020-11,-1,,,0.151634668495818,0.168580745114625
2020-12-10,2020-12,0,0.339119819031123,0.136960571469466,0.236886980321394,0.127047715408008
2020-12-11,2020-11,-1,,,0.151634668495818,0.168580745114625
2020-12-11,2020-12,0,0.339119819031123,0.136960571469466,0.236886980321394,0.127047715408008
2020-12-14,2020-11,-1,,,0.151634668495818,0.168580745114625
2020-12-14,2020-12,0,0.339119819031123,0.136960571469466,0.236886980321394,0.127047715408008
2020-12-15,2020-11,-1,,,0.151634668495818,0.168580745114625
2020-12-15,2020-12,0,0.339817413377145,0.136960571469466,0.237270605743238,0.127047715408008
2020-12-16,2020-11,-1,,,0.151634668495818,0.168580745114625
2020-12-16,2020-12,0,0.339817413377145,0.136960571469466,0.237270605743238,0.127047715408008
2020-12-17,2020-11,-1,,,0.151634668495818,0.168580745114625
2020-12-17,2020-12,0,0.339817413377145,0.136960571469466,0.237270605743238,0.127047715408008
2020-12-18,2020-11,-1,,,0.151634668495818,0.168580745114625
2020-12-18,2020-12,0,0.339817413377145,0.136960571469466,0.237270605743238,0.127047715408008
2020-12-21,2020-11,-1,,,0.151634668495818,0.168580745114625
2020-12-21,2020-12,0,0.339817413377145,0.136960571469466,0.237270605743238,0.127047715408008
2020-12-22,2020-11,-1,,,0.151634668495818,0.168580745114625
2020-12-22,2020-12,0,0.339817413377145,0.136960571469466,0.237270605743238,0.127047715408008
2020-12-23,2020-12,0,0.369813970256094,0.136960571469466,0.244267794312049,0.114381233977926
2020-12-24,2020-12,0,0.369813970256094,0.136960571469466,0.244267794312049,0.114381233977926
2020-12-28,2020-12,0,0.369813970256094,0.136960571469466,0.244267794312049,0.114381233977926
2020-12-29,2020-12,0,0.391439394982779,0.136960571469466,0.256198186206349,0.114381233977926
2020-12-30,2020-12,0,0.391439394982779,0.136960571469466,0.256198186206349,0.114381233977926
2020-12-31,2020-12,0,0.391439394982779,0.136960571469466,0.256198186206349,0.114381233977926
2021-01-04,2020-12,-1,0.391439394982779,0.136960571469466,0.256198186206349,0.114381233977926
2021-01-04,2021-01,0,0.22551320659012,0.13798478879373,0.158610613212178,0.105246502733872
2021-01-05,2020-12,-1,0.391439394982779,0.136960571469466,0.256198186206349,0.114381233977926
2021-01-05,2021-01,0,0.191219675778791,0.13798478879373,0.139691435106345,0.105246502733872
2021-01-06,2020-12,-1,0.391439394982779,0.136960571469466,0.256198186206349,0.114381233977926
2021-01-06,2021-01,0,0.191219675778791,0.13798478879373,0.139691435106345,0.105246502733872
2021-01-07,2020-12,-1,0.391439394982779,0.136960571469466,0.256198186206349,0.114381233977926
2021-01-07,2021-01,0,0.191219675778791,0.13798478879373,0.139691435106345,0.105246502733872
2021-01-08,2020-12,-1,0.391439394982779,0.136960571469466,0.256198186206349,0.114381233977926
2021-01-08,2021-01,0,0.191219675778791,0.13798478879373,0.139691435106345,0.105246502733872
2021-01-11,2020-12,-1,0.391439394982779,0.136960571469466,0.256198186206349,0.114381233977926
2021-01-11,2021-01,0,0.191219675778791,0.13798478879373,0.139691435106345,0.105246502733872
2021-01-12,2020-12,-1,0.391439394982779,0.136960571469466,0.256198186206349,0.114381233977926
2021-01-12,2021-01,0,0.236245320113986,0.13798478879373,0.164531344102418,0.105246502733872
2021-01-13,2020-12,-1,,,0.258827276380554,0.0715572516436879
2021-01-13,2021-01,0,0.234781714607865,0.133673145478757,0.168915768457815,0.101677837539352
2021-01-14,2020-12,-1,,,0.258827276380554,0.0715572516436879
2021-01-14,2021-01,0,0.234781714607865,0.133673145478757,0.168915768457815,0.101677837539352
2021-01-15,2020-12,-1,,,0.258827276380554,0.0715572516436879
2021-01-15,2021-01,0,0.234781714607865,0.133673145478757,0.168915768457815,0.101677837539352
2021-01-19,2020-12,-1,,,0.258827276380554,0.0715572516436879
2021-01-19,2021-01,0,0.234781714607865,0.133673145478757,0.168915768457815,0.101677837539352
2021-01-20,2020-12,-1,,,0.258827276380554,0.0715572516436879
2021-01-20,2021-01,0,0.278620026512255,0.133673145478757,0.194719562885508,0.101677837539352
2021-01-21,2020-12,-1,,,0.258827276380554,0.0715572516436879
2021-01-21,2021-01,0,0.278620026512255,0.133673145478757,0.194719562885508,0.101677837539352
2021-01-22,2020-12,-1,,,0.258827276380554,0.0715572516436879
2021-01-22,2021-01,0,0.278620026512255,0.133673145478757,0.194719562885508,0.101677837539352
2021-01-25,2020-12,-1,,,0.258827276380554,0.0715572516436879
2021-01-25,2021-01,0,0.278620026512255,0.133673145478757,0.194719562885508,0.101677837539352
2021-01-26,2020-12,-1,,,0.258827276380554,0.0715572516436879
2021-01-26,2021-01,0,0.305410106009382,0.133673145478757,0.210488548369098,0.101677837539352
2021-01-27,2020-12,-1,,,0.258827276380554,0.0715572516436879
2021-01-27,2021-01,0,0.305410106009382,0.133673145478757,0.210488548369098,0.101677837539352
2021-01-28,2020-12,-1,,,0.258827276380554,0.0715572516436879
2021-01-28,2021-01,0,0.305410106009382,0.133673145478757,0.210488548369098,0.101677837539352
2021-01-29,2021-01,0,0.305410106009382,0.133673145478757,0.221669528055124,0.120340358421885
2021-02-01,2021-01,-1,0.305410106009382,0.133673145478757,0.221669528055124,0.120340358421885
2021-02-01,2021-02,0,0.192257527800245,0.124624385236984,0.155805963500759,0.115882780377504
2021-02-02,2021-01,-1,0.305410106009382,0.133673145478757,0.221669528055124,0.120340358421885
2021-02-02,2021-02,0,0.253668620981354,0.124624385236984,0.191351451149088,0.115882780377504
2021-02-03,2021-01,-1,0.305410106009382,0.133673145478757,0.221669528055124,0.120340358421885
2021-02-03,2021-02,0,0.253668620981354,0.124624385236984,0.191351451149088,0.115882780377504
2021-02-04,2021-01,-1,0.305410106009382,0.133673145478757,0.221669528055124,0.120340358421885
2021-02-04,2021-02,0,0.253668620981354,0.124624385236984,0.191351451149088,0.115882780377504
2021-02-05,2021-01,-1,0.305410106009382,0.133673145478757,0.221669528055124,0.120340358421885
2021-02-05,2021-02,0,0.253668620981354,0.124624385236984,0.191351451149088,0.115882780377504
2021-02-08,2021-01,-1,0.305410106009382,0.133673145478757,0.221669528055124,0.120340358421885
2021-02-08,2021-02,0,0.253668620981354,0.124624385236984,0.191351451149088,0.115882780377504
2021-02-09,2021-01,-1,0.349056443112153,0.133799234835428,0.229947619539207,0.120340358421885
2021-02-09,2021-02,0,0.269204628339678,0.124402162653401,0.188551812657094,0.115882780377504
2021-02-10,2021-01,-1,,,0.19523233107734,0.0378232660857777
2021-02-10,2021-02,0,0.26066471561017,0.115876266327218,0.188475433226235,0.109006356016162
2021-02-11,2021-01,-1,,,0.19523233107734,0.0378232660857777
2021-02-11,2021-02,0,0.26066471561017,0.115876266327218,0.188475433226235,0.109006356016162
2021-02-12,2021-01,-1,,,0.19523233107734,0.0378232660857777
2021-02-12,2021-02,0,0.26066471561017,0.115876266327218,0.188475433226235,0.109006356016162
2021-02-16,2021-01,-1,,,0.19523233107734,0.0378232660857777
2021-02-16,2021-02,0,0.26066471561017,0.115876266327218,0.188475433226235,0.109006356016162
2021-02-17,2021-01,-1,,,0.19523233107734,0.0378232660857777
2021-02-17,2021-02,0,0.290237525030493,0.115876266327218,0.20451606865117,0.109006356016162
2021-02-18,2021-01,-1,,,0.19523233107734,0.0378232660857777
2021-02-18,2021-02,0,0.290237525030493,0.115876266327218,0.20451606865117,0.109006356016162
2021-02-19,2021-01,-1,,,0.19523233107734,0.0378232660857777
2021-02-19,2021-02,0,0.290237525030493,0.115876266327218,0.20451606865117,0.109006356016162
2021-02-22,2021-01,-1,,,0.19523233107734,0.0378232660857777
2021-02-22,2021-02,0,0.290237525030493,0.115876266327218,0.20451606865117,0.109006356016162
2021-02-23,2021-01,-1,,,0.19523233107734,0.0378232660857777
2021-02-23,2021-02,0,0.348049032167968,0.115876266327218,0.235873701812696,0.109006356016162
2021-02-24,2021-01,-1,,,0.19523233107734,0.0378232660857777
2021-02-24,2021-02,0,0.348049032167968,0.115876266327218,0.235873701812696,0.109006356016162
2021-02-25,2021-01,-1,,,0.19523233107734,0.0378232660857777
2021-02-25,2021-02,0,0.348049032167968,0.115876266327218,0.235873701812696,0.109006356016162
2021-02-26,2021-02,0,0.348049032167968,0.115876266327218,0.241460651749432,0.12668889253402
2021-03-01,2021-02,-1,0.348049032167968,0.115876266327218,0.241460651749432,0.12668889253402
2021-03-01,2021-03,0,0.140092341332828,0.107695997820479,0.135466686905428,0.124556207076295
2021-03-02,2021-02,-1,0.348049032167968,0.115876266327218,0.241460651749432,0.12668889253402
2021-03-02,2021-03,0,0.319599104576723,0.107695997820479,0.226850777072862,0.124556207076295
2021-03-03,2021-02,-1,0.348049032167968,0.115876266327218,0.241460651749432,0.12668889253402
2021-03-03,2021-03,0,0.319599104576723,0.107695997820479,0.226850777072862,0.124556207076295
2021-03-04,2021-02,-1,0.348049032167968,0.115876266327218,0.241460651749432,0.12668889253402
2021-03-04,2021-03,0,0.319599104576723,0.107695997820479,0.226850777072862,0.124556207076295
2021-03-05,2021-02,-1,0.348049032167968,0.115876266327218,0.241460651749432,0.12668889253402
2021-03-05,2021-03,0,0.319599104576723,0.107695997820479,0.226850777072862,0.124556207076295
2021-03-08,2021-02,-1,0.348049032167968,0.115876266327218,0.241460651749432,0.12668889253402
2021-03-08,2021-03,0,0.319599104576723,0.107695997820479,0.226850777072862,0.124556207076295
2021-03-09,2021-02,-1,0.348049032167968,0.115876266327218,0.241460651749432,0.12668889253402
2021-03-09,2021-03,0,0.357666734036674,0.107695997820479,0.246230412804481,0.124556207076295
2021-03-10,2021-02,-1,,,0.269804109357185,0.102322780119807
2021-03-10,2021-03,0,0.357762008668156,0.106495649453042,0.25056407096278,0.122525697708444
2021-03-11,2021-02,-1,,,0.269804109357185,0.102322780119807
2021-03-11,2021-03,0,0.357762008668156,0.106495649453042,0.25056407096278,0.122525697708444
2021-03-12,2021-02,-1,,,0.269804109357185,0.102322780119807
2021-03-12,2021-03,0,0.357762008668156,0.106495649453042,0.25056407096278,0.122525697708444
2021-03-15,2021-02,-1,,,0.269804109357185,0.102322780119807
2021-03-15,2021-03,0,0.357762008668156,0.106495649453042,0.25056407096278,0.122525697708444
2021-03-16,2021-02,-1,,,0.269804109357185,0.102322780119807
2021-03-16,2021-03,0,0.405291658882443,0.106495649453042,0.275684278651676,0.122525697708444
2021-03-17,2021-02,-1,,,0.269804109357185,0.102322780119807
2021-03-17,2021-03,0,0.405291658882443,0.106495649453042,0.275684278651676,0.122525697708444
2021-03-18,2021-02,-1,,,0.269804109357185,0.102322780119807
2021-03-18,2021-03,0,0.405291658882443,0.106495649453042,0.275684278651676,0.122525697708444
2021-03-19,2021-02,-1,,,0.269804109357185,0.102322780119807
2021-03-19,2021-03,0,0.405291658882443,0.106495649453042,0.275684278651676,0.122525697708444
2021-03-22,2021-02,-1,,,0.269804109357185,0.102322780119807
2021-03-22,2021-03,0,0.405291658882443,0.106495649453042,0.275684278651676,0.122525697708444
2021-03-23,2021-02,-1,,,0.269804109357185,0.102322780119807
2021-03-23,2021-03,0,0.433453500088704,0.106495649453042,0.290568278361615,0.122525697708444
2021-03-24,2021-02,-1,,,0.269804109357185,0.102322780119807
2021-03-24,2021-03,0,0.433453500088704,0.106495649453042,0.290568278361615,0.122525697708444
2021-03-25,2021-02,-1,,,0.269804109357185,0.102322780119807
2021-03-25,2021-03,0,0.433453500088704,0.106495649453042,0.290568278361615,0.122525697708444
2021-03-26,2021-03,0,0.433453500088704,0.106495649453042,0.280279256311535,0.11726846012507
2021-03-29,2021-03,0,0.433453500088704,0.106495649453042,0.280279256311535,0.11726846012507
2021-03-30,2021-03,0,0.447084249995973,0.106495649453042,0.287290194996287,0.11726846012507
2021-03-31,2021-03,0,0.447084249995973,0.106495649453042,0.287290194996287,0.11726846012507
2021-04-01,2021-03,-1,0.447084249995973,0.106495649453042,0.287290194996287,0.11726846012507
2021-04-01,2021-04,0,-0.13266564138209,0.11711891423501,-0.0008195069861002,0.134996914227171
2021-04-02,2021-03,-1,0.447084249995973,0.106495649453042,0.287290194996287,0.11726846012507
2021-04-02,2021-04,0,-0.125544442059957,0.11711891423501,0.0028432622781752,0.134996914227171
2021-04-05,2021-03,-1,0.447084249995973,0.106495649453042,0.287290194996287,0.11726846012507
2021-04-05,2021-04,0,-0.107741443754623,0.11711891423501,0.012000185438865,0.134996914227171
2021-04-06,2021-03,-1,0.447084249995973,0.106495649453042,0.287290194996287,0.11726846012507
2021-04-06,2021-04,0,0.0739004749578786,0.11711891423501,0.105427206207175,0.134996914227171
2021-04-07,2021-03,-1,0.447084249995973,0.106495649453042,0.287290194996287,0.11726846012507
2021-04-07,2021-04,0,0.0739004749578786,0.11711891423501,0.105427206207175,0.134996914227171
2021-04-08,2021-03,-1,0.447084249995973,0.106495649453042,0.287290194996287,0.11726846012507
2021-04-08,2021-04,0,0.0739004749578786,0.11711891423501,0.105427206207175,0.134996914227171
2021-04-09,2021-03,-1,0.447084249995973,0.106495649453042,0.287290194996287,0.11726846012507
2021-04-09,2021-04,0,0.0739004749578786,0.11711891423501,0.105427206207175,0.134996914227171
2021-04-12,2021-03,-1,0.447084249995973,0.106495649453042,0.287290194996287,0.11726846012507
2021-04-12,2021-04,0,0.0739004749578786,0.11711891423501,0.105427206207175,0.134996914227171
2021-04-13,2021-03,-1,,,0.445787899344887,0.26294080108906
2021-04-13,2021-04,0,0.0796215812205227,0.136453778110598,0.11331170632016,0.147136275974171
2021-04-14,2021-03,-1,,,0.445787899344887,0.26294080108906
2021-04-14,2021-04,0,0.0796215812205227,0.136453778110598,0.11331170632016,0.147136275974171
2021-04-15,2021-03,-1,,,0.445787899344887,0.26294080108906
2021-04-15,2021-04,0,0.0796215812205227,0.136453778110598,0.11331170632016,0.147136275974171
2021-04-16,2021-03,-1,,,0.445787899344887,0.26294080108906
2021-04-16,2021-04,0,0.0796215812205227,0.136453778110598,0.11331170632016,0.147136275974171
2021-04-19,2021-03,-1,,,0.445787899344887,0.26294080108906
2021-04-19,2021-04,0,0.0796215812205227,0.136453778110598,0.11331170632016,0.147136275974171
2021-04-20,2021-03,-1,,,0.445787899344887,0.26294080108906
2021-04-20,2021-04,0,0.0807418330444916,0.136453778110598,0.113905815383832,0.147136275974171
2021-04-21,2021-03,-1,,,0.445787899344887,0.26294080108906
2021-04-21,2021-04,0,0.0807418330444916,0.136453778110598,0.113905815383832,0.147136275974171
2021-04-22,2021-03,-1,,,0.445787899344887,0.26294080108906
2021-04-22,2021-04,0,0.0807418330444916,0.136453778110598,0.113905815383832,0.147136275974171
2021-04-23,2021-03,-1,,,0.445787899344887,0.26294080108906
2021-04-23,2021-04,0,0.0807418330444916,0.136453778110598,0.113905815383832,0.147136275974171
2021-04-26,2021-03,-1,,,0.445787899344887,0.26294080108906
2021-04-26,2021-04,0,0.0807418330444916,0.136453778110598,0.113905815383832,0.147136275974171
2021-04-27,2021-03,-1,,,0.445787899344887,0.26294080108906
2021-04-27,2021-04,0,0.0860630292083403,0.136453778110598,0.116727833436272,0.147136275974171
2021-04-28,2021-03,-1,,,0.445787899344887,0.26294080108906
2021-04-28,2021-04,0,0.0860630292083403,0.136453778110598,0.116727833436272,0.147136275974171
2021-04-29,2021-03,-1,,,0.445787899344887,0.26294080108906
2021-04-29,2021-04,0,0.0860630292083403,0.136453778110598,0.116727833436272,0.147136275974171
2021-04-30,2021-04,0,0.0860630292083403,0.136453778110598,0.121317286394805,0.151669000030178
2021-05-03,2021-04,-1,0.0860630292083403,0.136453778110598,0.121317286394805,0.151669000030178
2021-05-03,2021-05,0,-0.0584907705341509,0.178557255197357,0.0663706660926091,0.200218406367215
2021-05-04,2021-04,-1,0.0860630292083403,0.136453778110598,0.121317286394805,0.151669000030178
2021-05-04,2021-05,0,0.0461042260486181,0.178557255197357,0.120717283271286,0.200218406367215
2021-05-05,2021-04,-1,0.0860630292083403,0.136453778110598,0.121317286394805,0.151669000030178
2021-05-05,2021-05,0,0.0461042260486181,0.178557255197357,0.120717283271286,0.200218406367215
2021-05-06,2021-04,-1,0.0860630292083403,0.136453778110598,0.121317286394805,0.151669000030178
2021-05-06,2021-05,0,0.0461042260486181,0.178557255197357,0.120717283271286,0.200218406367215
2021-05-07,2021-04,-1,0.0860630292083403,0.136453778110598,0.121317286394805,0.151669000030178
2021-05-07,2021-05,0,0.0461042260486181,0.178557255197357,0.120717283271286,0.200218406367215
2021-05-10,2021-04,-1,0.0860630292083403,0.136453778110598,0.121317286394805,0.151669000030178
2021-05-10,2021-05,0,0.0461042260486181,0.178557255197357,0.120717283271286,0.200218406367215
2021-05-11,2021-04,-1,0.0860630292083403,0.136453778110598,0.121317286394805,0.151669000030178
2021-05-11,2021-05,0,0.0846459812787328,0.178557255197357,0.140743231790035,0.200218406367215
2021-05-12,2021-04,-1,,,0.573507433692763,0.692465171813853
2021-05-12,2021-05,0,0.144805196415975,0.243571052734698,0.177063813175473,0.245284754015855
2021-05-13,2021-04,-1,,,0.573507433692763,0.692465171813853
2021-05-13,2021-05,0,0.144805196415975,0.243571052734698,0.177063813175473,0.245284754015855
2021-05-14,2021-04,-1,,,0.573507433692763,0.692465171813853
2021-05-14,2021-05,0,0.144805196415975,0.243571052734698,0.177063813175473,0.245284754015855
2021-05-17,2021-04,-1,,,0.573507433692763,0.692465171813853
2021-05-17,2021-05,0,0.144805196415975,0.243571052734698,0.177063813175473,0.245284754015855
2021-05-18,2021-04,-1,,,0.573507433692763,0.692465171813853
2021-05-18,2021-05,0,0.180874066604869,0.243571052734698,0.197428858960911,0.245284754015855
2021-05-19,2021-04,-1,,,0.573507433692763,0.692465171813853
2021-05-19,2021-05,0,0.180874066604869,0.243571052734698,0.197428858960911,0.245284754015855
2021-05-20,2021-04,-1,,,0.573507433692763,0.692465171813853
2021-05-20,2021-05,0,0.180874066604869,0.243571052734698,0.197428858960911,0.245284754015855
2021-05-21,2021-04,-1,,,0.573507433692763,0.692465171813853
2021-05-21,2021-05,0,0.180874066604869,0.243571052734698,0.197428858960911,0.245284754015855
2021-05-24,2021-04,-1,,,0.573507433692763,0.692465171813853
2021-05-24,2021-05,0,0.180874066604869,0.243571052734698,0.197428858960911,0.245284754015855
2021-05-25,2021-04,-1,,,0.573507433692763,0.692465171813853
2021-05-25,2021-05,0,0.197317228014512,0.243571052734698,0.206712923951331,0.245284754015855
2021-05-26,2021-04,-1,,,0.573507433692763,0.692465171813853
2021-05-26,2021-05,0,0.197317228014512,0.243571052734698,0.206712923951331,0.245284754015855
2021-05-27,2021-04,-1,,,0.573507433692763,0.692465171813853
2021-05-27,2021-05,0,0.197317228014512,0.243571052734698,0.206712923951331,0.245284754015855
2021-05-28,2021-05,0,0.197317228014512,0.243571052734698,0.221055594148059,0.251838962109983
2021-06-01,2021-05,-1,0.197317228014512,0.243571052734698,0.221055594148059,0.251838962109983
2021-06-01,2021-06,0,0.171347854089167,0.270106822399323,0.198686085194942,0.255866498746247
2021-06-02,2021-05,-1,0.208668313632782,0.243571052734698,0.227015069947794,0.251838962109983
2021-06-02,2021-06,0,0.190260304191393,0.270106822399323,0.208615381166113,0.255866498746247
2021-06-03,2021-05,-1,0.208668313632782,0.243571052734698,0.227015069947794,0.251838962109983
2021-06-03,2021-06,0,0.199277887923353,0.270106822399323,0.213349736436609,0.255866498746247
2021-06-04,2021-05,-1,0.208668313632782,0.243571052734698,0.227015069947794,0.251838962109983
2021-06-04,2021-06,0,0.201247245290103,0.270106822399323,0.214383676093384,0.255866498746247
2021-06-07,2021-05,-1,0.208668313632782,0.243571052734698,0.227015069947794,0.251838962109983
2021-06-07,2021-06,0,0.205393260799051,0.270106822399323,0.216560391160278,0.255866498746247
2021-06-08,2021-05,-1,0.208668313632782,0.243571052734698,0.227015069947794,0.251838962109983
2021-06-08,2021-06,0,0.295727466176264,0.270106822399323,0.263987089269867,0.255866498746247
2021-06-09,2021-05,-1,0.208668313632782,0.243571052734698,0.227015069947794,0.251838962109983
2021-06-09,2021-06,0,0.295727466176264,0.270106822399323,0.263987089269867,0.255866498746247
2021-06-10,2021-05,-1,,,0.503265602239752,0.553742424939651
2021-06-10,2021-06,0,0.333184195816543,0.311251202763017,0.286776939678029,0.281025120648719
2021-06-11,2021-05,-1,,,0.503265602239752,0.553742424939651
2021-06-11,2021-06,0,0.333184195816543,0.311251202763017,0.286776939678029,0.281025120648719
2021-06-14,2021-05,-1,,,0.503265602239752,0.553742424939651
2021-06-14,2021-06,0,0.333184195816543,0.311251202763017,0.286776939678029,0.281025120648719
2021-06-15,2021-05,-1,,,0.503265602239752,0.553742424939651
2021-06-15,2021-06,0,0.349858175423158,0.311251202763017,0.29567968877103,0.281025120648719
2021-06-16,2021-05,-1,,,0.503265602239752,0.553742424939651
2021-06-16,2021-06,0,0.349858175423158,0.311251202763017,0.29567968877103,0.281025120648719
2021-06-17,2021-05,-1,,,0.503265602239752,0.553742424939651
2021-06-17,2021-06,0,0.349858175423158,0.311251202763017,0.29567968877103,0.281025120648719
2021-06-18,2021-05,-1,,,0.503265602239752,0.553742424939651
2021-06-18,2021-06,0,0.349858175423158,0.311251202763017,0.29567968877103,0.281025120648719
2021-06-21,2021-05,-1,,,0.503265602239752,0.553742424939651
2021-06-21,2021-06,0,0.349858175423158,0.311251202763017,0.29567968877103,0.281025120648719
2021-06-22,2021-05,-1,,,0.503265602239752,0.553742424939651
2021-06-22,2021-06,0,0.352721384042475,0.311251202763017,0.297208443665788,0.281025120648719
2021-06-23,2021-05,-1,,,0.503265602239752,0.553742424939651
2021-06-23,2021-06,0,0.352721384042475,0.311251202763017,0.297208443665788,0.281025120648719
2021-06-24,2021-05,-1,,,0.503265602239752,0.553742424939651
2021-06-24,2021-06,0,0.352721384042475,0.311251202763017,0.297208443665788,0.281025120648719
2021-06-25,2021-06,0,0.352721384042475,0.311251202763017,0.295787510007792,0.278644769241752
2021-06-28,2021-06,0,0.352721384042475,0.311251202763017,0.295787510007792,0.278644769241752
2021-06-29,2021-06,0,0.362237342100795,0.311251202763017,0.300821237660657,0.278644769241752
2021-06-30,2021-06,0,0.362237342100795,0.311251202763017,0.300821237660657,0.278644769241752
2021-07-01,2021-06,-1,0.362237342100795,0.311251202763017,0.300821237660657,0.278644769241752
2021-07-01,2021-07,0,0.216556340450065,0.316954422993495,0.215701998220633,0.273041611182134
2021-07-02,2021-06,-1,0.362237342100795,0.311251202763017,0.300821237660657,0.278644769241752
2021-07-02,2021-07,0,0.236982477325949,0.316954422993495,0.226506964930573,0.273041611182134
2021-07-06,2021-06,-1,0.362237342100795,0.311251202763017,0.300821237660657,0.278644769241752
2021-07-06,2021-07,0,0.252319273700771,0.316954422993495,0.234619785052852,0.273041611182134
2021-07-07,2021-06,-1,0.362237342100795,0.311251202763017,0.300821237660657,0.278644769241752
2021-07-07,2021-07,0,0.328705484045787,0.316954422993495,0.275026371226806,0.273041611182134
2021-07-08,2021-06,-1,0.362237342100795,0.311251202763017,0.300821237660657,0.278644769241752
2021-07-08,2021-07,0,0.328705484045787,0.316954422993495,0.275026371226806,0.273041611182134
2021-07-09,2021-06,-1,0.362237342100795,0.311251202763017,0.300821237660657,0.278644769241752
2021-07-09,2021-07,0,0.328705484045787,0.316954422993495,0.275026371226806,0.273041611182134
2021-07-12,2021-06,-1,0.362237342100795,0.311251202763017,0.300821237660657,0.278644769241752
2021-07-12,2021-07,0,0.328705484045787,0.316954422993495,0.275026371226806,0.273041611182134
2021-07-13,2021-06,-1,,,0.693827392462186,0.646923964937458
2021-07-13,2021-07,0,0.383320315604575,0.364219636265928,0.310912601273232,0.303731544156776
2021-07-14,2021-06,-1,,,0.693827392462186,0.646923964937458
2021-07-14,2021-07,0,0.383320315604575,0.364219636265928,0.310912601273232,0.303731544156776
2021-07-15,2021-06,-1,,,0.693827392462186,0.646923964937458
2021-07-15,2021-07,0,0.383320315604575,0.364219636265928,0.310912601273232,0.303731544156776
2021-07-16,2021-06,-1,,,0.693827392462186,0.646923964937458
2021-07-16,2021-07,0,0.383320315604575,0.364219636265928,0.310912601273232,0.303731544156776
2021-07-19,2021-06,-1,,,0.693827392462186,0.646923964937458
2021-07-19,2021-07,0,0.383320315604575,0.364219636265928,0.310912601273232,0.303731544156776
2021-07-20,2021-06,-1,,,0.693827392462186,0.646923964937458
2021-07-20,2021-07,0,0.391434902919012,0.364219636265928,0.315315887048064,0.303731544156776
2021-07-21,2021-06,-1,,,0.693827392462186,0.646923964937458
2021-07-21,2021-07,0,0.391434902919012,0.364219636265928,0.315315887048064,0.303731544156776
2021-07-22,2021-06,-1,,,0.693827392462186,0.646923964937458
2021-07-22,2021-07,0,0.391434902919012,0.364219636265928,0.315315887048064,0.303731544156776
2021-07-23,2021-06,-1,,,0.693827392462186,0.646923964937458
2021-07-23,2021-07,0,0.391434902919012,0.364219636265928,0.315315887048064,0.303731544156776
2021-07-26,2021-06,-1,,,0.693827392462186,0.646923964937458
2021-07-26,2021-07,0,0.391434902919012,0.364219636265928,0.315315887048064,0.303731544156776
2021-07-27,2021-06,-1,,,0.693827392462186,0.646923964937458
2021-07-27,2021-07,0,0.391912231584567,0.364219636265928,0.315574903858349,0.303731544156776
2021-07-28,2021-06,-1,,,0.693827392462186,0.646923964937458
2021-07-28,2021-07,0,0.391912231584567,0.364219636265928,0.315574903858349,0.303731544156776
2021-07-29,2021-06,-1,,,0.693827392462186,0.646923964937458
2021-07-29,2021-07,0,0.391912231584567,0.364219636265928,0.315574903858349,0.303731544156776
2021-07-30,2021-07,0,0.391912231584567,0.364219636265928,0.300180385997712,0.290535445206059
2021-08-02,2021-07,-1,0.391912231584567,0.364219636265928,0.300180385997712,0.290535445206059
2021-08-02,2021-08,0,0.318465467009441,0.349506266349876,0.267035909164654,0.289363780821109
2021-08-03,2021-07,-1,0.391912231584567,0.364219636265928,0.300180385997712,0.290535445206059
2021-08-03,2021-08,0,0.400827642922697,0.349506266349876,0.314277269767296,0.289363780821109
2021-08-04,2021-07,-1,0.391912231584567,0.364219636265928,0.300180385997712,0.290535445206059
2021-08-04,2021-08,0,0.400827642922697,0.349506266349876,0.314277269767296,0.289363780821109
2021-08-05,2021-07,-1,0.391912231584567,0.364219636265928,0.300180385997712,0.290535445206059
2021-08-05,2021-08,0,0.400827642922697,0.349506266349876,0.314277269767296,0.289363780821109
2021-08-06,2021-07,-1,0.391912231584567,0.364219636265928,0.300180385997712,0.290535445206059
2021-08-06,2021-08,0,0.400827642922697,0.349506266349876,0.314277269767296,0.289363780821109
2021-08-09,2021-07,-1,0.391912231584567,0.364219636265928,0.300180385997712,0.290535445206059
2021-08-09,2021-08,0,0.400827642922697,0.349506266349876,0.314277269767296,0.289363780821109
2021-08-10,2021-07,-1,0.391912231584567,0.364219636265928,0.300180385997712,0.290535445206059
2021-08-10,2021-08,0,0.406891253647007,0.349506266349876,0.317755240299339,0.289363780821109
2021-08-11,2021-07,-1,,,0.359128388831228,0.252981536203592
2021-08-11,2021-08,0,0.411849261876315,0.346538920879067,0.32081612701039,0.286234288404237
2021-08-12,2021-07,-1,,,0.359128388831228,0.252981536203592
2021-08-12,2021-08,0,0.411849261876315,0.346538920879067,0.32081612701039,0.286234288404237
2021-08-13,2021-07,-1,,,0.359128388831228,0.252981536203592
2021-08-13,2021-08,0,0.411849261876315,0.346538920879067,0.32081612701039,0.286234288404237
2021-08-16,2021-07,-1,,,0.359128388831228,0.252981536203592
2021-08-16,2021-08,0,0.411849261876315,0.346538920879067,0.32081612701039,0.286234288404237
2021-08-17,2021-07,-1,,,0.359128388831228,0.252981536203592
2021-08-17,2021-08,0,0.414846112776762,0.346538920879067,0.322545473183755,0.286234288404237
2021-08-18,2021-07,-1,,,0.359128388831228,0.252981536203592
2021-08-18,2021-08,0,0.414846112776762,0.346538920879067,0.322545473183755,0.286234288404237
2021-08-19,2021-07,-1,,,0.359128388831228,0.252981536203592
2021-08-19,2021-08,0,0.414846112776762,0.346538920879067,0.322545473183755,0.286234288404237
2021-08-20,2021-07,-1,,,0.359128388831228,0.252981536203592
2021-08-20,2021-08,0,0.414846112776762,0.346538920879067,0.322545473183755,0.286234288404237
2021-08-23,2021-07,-1,,,0.359128388831228,0.252981536203592
2021-08-23,2021-08,0,0.414846112776762,0.346538920879067,0.322545473183755,0.286234288404237
2021-08-24,2021-07,-1,,,0.359128388831228,0.252981536203592
2021-08-24,2021-08,0,0.409483326954909,0.346538920879067,0.319450853715628,0.286234288404237
2021-08-25,2021-07,-1,,,0.359128388831228,0.252981536203592
2021-08-25,2021-08,0,0.409483326954909,0.346538920879067,0.319450853715628,0.286234288404237
2021-08-26,2021-07,-1,,,0.359128388831228,0.252981536203592
2021-08-26,2021-08,0,0.409483326954909,0.346538920879067,0.319450853715628,0.286234288404237
2021-08-27,2021-08,0,0.409483326954909,0.346538920879067,0.327616568282535,0.29677772067068
2021-08-30,2021-08,0,0.409483326954909,0.346538920879067,0.327616568282535,0.29677772067068
2021-08-31,2021-08,0,0.405130006699523,0.346538920879067,0.325131003302982,0.29677772067068
2021-09-01,2021-08,-1,0.405130006699523,0.346538920879067,0.325131003302982,0.29677772067068
2021-09-01,2021-09,0,0.299032200509765,0.346406972121146,0.263689187019688,0.295029720821338
2021-09-02,2021-08,-1,0.405130006699523,0.346538920879067,0.325131003302982,0.29677772067068
2021-09-02,2021-09,0,0.297998252661613,0.346406972121146,0.263098845760308,0.295029720821338
2021-09-03,2021-08,-1,0.405130006699523,0.346538920879067,0.325131003302982,0.29677772067068
2021-09-03,2021-09,0,0.313404075599078,0.346406972121146,0.271894930525076,0.295029720821338
2021-09-07,2021-08,-1,0.405130006699523,0.346538920879067,0.325131003302982,0.29677772067068
2021-09-07,2021-09,0,0.314489720839638,0.346406972121146,0.272514788847426,0.295029720821338
2021-09-08,2021-08,-1,0.405130006699523,0.346538920879067,0.325131003302982,0.29677772067068
2021-09-08,2021-09,0,0.374980454174526,0.346406972121146,0.307052484110864,0.295029720821338
2021-09-09,2021-08,-1,0.405130006699523,0.346538920879067,0.325131003302982,0.29677772067068
2021-09-09,2021-09,0,0.374980454174526,0.346406972121146,0.307052484110864,0.295029720821338
2021-09-10,2021-08,-1,0.405130006699523,0.346538920879067,0.325131003302982,0.29677772067068
2021-09-10,2021-09,0,0.374980454174526,0.346406972121146,0.307052484110864,0.295029720821338
2021-09-13,2021-08,-1,0.405130006699523,0.346538920879067,0.325131003302982,0.29677772067068
2021-09-13,2021-09,0,0.374980454174526,0.346406972121146,0.307052484110864,0.295029720821338
2021-09-14,2021-08,-1,,,0.225038535616875,0.115000493095501
2021-09-14,2021-09,0,0.358033659353476,0.326009763448578,0.294279993199277,0.279881618523406
2021-09-15,2021-08,-1,,,0.225038535616875,0.115000493095501
2021-09-15,2021-09,0,0.358033659353476,0.326009763448578,0.294279993199277,0.279881618523406
2021-09-16,2021-08,-1,,,0.225038535616875,0.115000493095501
2021-09-16,2021-09,0,0.358033659353476,0.326009763448578,0.294279993199277,0.279881618523406
2021-09-17,2021-08,-1,,,0.225038535616875,0.115000493095501
2021-09-17,2021-09,0,0.358033659353476,0.326009763448578,0.294279993199277,0.279881618523406
2021-09-20,2021-08,-1,,,0.225038535616875,0.115000493095501
2021-09-20,2021-09,0,0.358033659353476,0.326009763448578,0.294279993199277,0.279881618523406
2021-09-21,2021-08,-1,,,0.225038535616875,0.115000493095501
2021-09-21,2021-09,0,0.361939446061257,0.326009763448578,0.296536479913757,0.279881618523406
2021-09-22,2021-08,-1,,,0.225038535616875,0.115000493095501
2021-09-22,2021-09,0,0.361939446061257,0.326009763448578,0.296536479913757,0.279881618523406
2021-09-23,2021-08,-1,,,0.225038535616875,0.115000493095501
2021-09-23,2021-09,0,0.361939446061257,0.326009763448578,0.296536479913757,0.279881618523406
2021-09-24,2021-08,-1,,,0.225038535616875,0.115000493095501
2021-09-24,2021-09,0,0.361939446061257,0.326009763448578,0.296536479913757,0.279881618523406
2021-09-27,2021-08,-1,,,0.225038535616875,0.115000493095501
2021-09-27,2021-09,0,0.361939446061257,0.326009763448578,0.296536479913757,0.279881618523406
2021-09-28,2021-08,-1,,,0.225038535616875,0.115000493095501
2021-09-28,2021-09,0,0.361783214592945,0.326009763448578,0.296446220445178,0.279881618523406
2021-09-29,2021-08,-1,,,0.225038535616875,0.115000493095501
2021-09-29,2021-09,0,0.361783214592945,0.326009763448578,0.296446220445178,0.279881618523406
2021-09-30,2021-08,-1,,,0.225038535616875,0.115000493095501
2021-09-30,2021-09,0,0.361783214592945,0.326009763448578,0.296446220445178,0.279881618523406
2021-10-01,2021-09,-1,0.361783214592945,0.326009763448578,0.311628621921917,0.297126849106611
2021-10-01,2021-10,0,0.395271312384218,0.337636808827118,0.338303035061029,0.310188537401243
2021-10-04,2021-09,-1,0.361783214592945,0.326009763448578,0.311628621921917,0.297126849106611
2021-10-04,2021-10,0,0.410207040518803,0.337636808827118,0.346791975325844,0.310188537401243
2021-10-05,2021-09,-1,0.361783214592945,0.326009763448578,0.311628621921917,0.297126849106611
2021-10-05,2021-10,0,0.39602748607162,0.337636808827118,0.338732817472997,0.310188537401243
2021-10-06,2021-09,-1,0.361783214592945,0.326009763448578,0.311628621921917,0.297126849106611
2021-10-06,2021-10,0,0.39602748607162,0.337636808827118,0.338732817472997,0.310188537401243
2021-10-07,2021-09,-1,0.361783214592945,0.326009763448578,0.311628621921917,0.297126849106611
2021-10-07,2021-10,0,0.39602748607162,0.337636808827118,0.338732817472997,0.310188537401243
2021-10-08,2021-09,-1,0.361783214592945,0.326009763448578,0.311628621921917,0.297126849106611
2021-10-08,2021-10,0,0.39602748607162,0.337636808827118,0.338732817472997,0.310188537401243
2021-10-12,2021-09,-1,0.361783214592945,0.326009763448578,0.311628621921917,0.297126849106611
2021-10-12,2021-10,0,0.39602748607162,0.337636808827118,0.338732817472997,0.310188537401243
2021-10-13,2021-09,-1,,,0.33070591698999,0.216602474611215
2021-10-13,2021-10,0,0.43553546700114,0.330725553376075,0.360468454532809,0.30347817285996
2021-10-14,2021-09,-1,,,0.33070591698999,0.216602474611215
2021-10-14,2021-10,0,0.43553546700114,0.330725553376075,0.360468454532809,0.30347817285996
2021-10-15,2021-09,-1,,,0.33070591698999,0.216602474611215
2021-10-15,2021-10,0,0.43553546700114,0.330725553376075,0.360468454532809,0.30347817285996
2021-10-18,2021-09,-1,,,0.33070591698999,0.216602474611215
2021-10-18,2021-10,0,0.43553546700114,0.330725553376075,0.360468454532809,0.30347817285996
2021-10-19,2021-09,-1,,,0.33070591698999,0.216602474611215
2021-10-19,2021-10,0,0.464848579074208,0.330725553376075,0.377038085267966,0.30347817285996
2021-10-20,2021-09,-1,,,0.33070591698999,0.216602474611215
2021-10-20,2021-10,0,0.464848579074208,0.330725553376075,0.377038085267966,0.30347817285996
2021-10-21,2021-09,-1,,,0.33070591698999,0.216602474611215
2021-10-21,2021-10,0,0.464848579074208,0.330725553376075,0.377038085267966,0.30347817285996
2021-10-22,2021-09,-1,,,0.33070591698999,0.216602474611215
2021-10-22,2021-10,0,0.464848579074208,0.330725553376075,0.377038085267966,0.30347817285996
2021-10-25,2021-09,-1,,,0.33070591698999,0.216602474611215
2021-10-25,2021-10,0,0.464848579074208,0.330725553376075,0.377038085267966,0.30347817285996
2021-10-26,2021-09,-1,,,0.33070591698999,0.216602474611215
2021-10-26,2021-10,0,0.493613050012219,0.330725553376075,0.393297589224657,0.30347817285996
2021-10-27,2021-09,-1,,,0.33070591698999,0.216602474611215
2021-10-27,2021-10,0,0.493613050012219,0.330725553376075,0.393297589224657,0.30347817285996
2021-10-28,2021-09,-1,,,0.33070591698999,0.216602474611215
2021-10-28,2021-10,0,0.493613050012219,0.330725553376075,0.393297589224657,0.30347817285996
2021-10-29,2021-10,0,0.493613050012219,0.330725553376075,0.388545530155023,0.298618504692578
2021-11-01,2021-10,-1,0.493613050012219,0.330725553376075,0.388545530155023,0.298618504692578
2021-11-01,2021-11,0,0.388481798397948,0.352248602771075,0.340133474468196,0.323065287015136
2021-11-02,2021-10,-1,0.493613050012219,0.330725553376075,0.388545530155023,0.298618504692578
2021-11-02,2021-11,0,0.522141777951743,0.352248602771075,0.416303819178274,0.323065287015136
2021-11-03,2021-10,-1,0.493613050012219,0.330725553376075,0.388545530155023,0.298618504692578
2021-11-03,2021-11,0,0.522141777951743,0.352248602771075,0.416303819178274,0.323065287015136
2021-11-04,2021-10,-1,0.493613050012219,0.330725553376075,0.388545530155023,0.298618504692578
2021-11-04,2021-11,0,0.522141777951743,0.352248602771075,0.416303819178274,0.323065287015136
2021-11-05,2021-10,-1,0.493613050012219,0.330725553376075,0.388545530155023,0.298618504692578
2021-11-05,2021-11,0,0.522141777951743,0.352248602771075,0.416303819178274,0.323065287015136
2021-11-08,2021-10,-1,0.493613050012219,0.330725553376075,0.388545530155023,0.298618504692578
2021-11-08,2021-11,0,0.522141777951743,0.352248602771075,0.416303819178274,0.323065287015136
2021-11-09,2021-10,-1,0.493613050012219,0.330725553376075,0.388545530155023,0.298618504692578
2021-11-09,2021-11,0,0.531688303923562,0.352248602771075,0.421744207366905,0.323065287015136
2021-11-10,2021-10,-1,,,0.704349120854991,0.442541662637754
2021-11-10,2021-11,0,0.57119320664826,0.374625584263953,0.450504355713383,0.335058883510567
2021-11-12,2021-10,-1,,,0.704349120854991,0.442541662637754
2021-11-12,2021-11,0,0.57119320664826,0.374625584263953,0.450504355713383,0.335058883510567
2021-11-15,2021-10,-1,,,0.704349120854991,0.442541662637754
2021-11-15,2021-11,0,0.57119320664826,0.374625584263953,0.450504355713383,0.335058883510567
2021-11-16,2021-10,-1,,,0.704349120854991,0.442541662637754
2021-11-16,2021-11,0,0.571350552348093,0.374625584263953,0.450596146835305,0.335058883510567
2021-11-17,2021-10,-1,,,0.704349120854991,0.442541662637754
2021-11-17,2021-11,0,0.571350552348093,0.374625584263953,0.450596146835305,0.335058883510567
2021-11-18,2021-10,-1,,,0.704349120854991,0.442541662637754
2021-11-18,2021-11,0,0.571350552348093,0.374625584263953,0.450596146835305,0.335058883510567
2021-11-19,2021-10,-1,,,0.704349120854991,0.442541662637754
2021-11-19,2021-11,0,0.571350552348093,0.374625584263953,0.450596146835305,0.335058883510567
2021-11-22,2021-10,-1,,,0.704349120854991,0.442541662637754
2021-11-22,2021-11,0,0.571350552348093,0.374625584263953,0.450596146835305,0.335058883510567
2021-11-23,2021-10,-1,,,0.704349120854991,0.442541662637754
2021-11-23,2021-11,0,0.570957188098509,0.374625584263953,0.4503666690305,0.335058883510567
2021-11-24,2021-11,0,0.570957188098509,0.374625584263953,0.446226921617817,0.337553224845363
2021-11-26,2021-11,0,0.570957188098509,0.374625584263953,0.445926746019676,0.337553224845363
2021-11-29,2021-11,0,0.570957188098509,0.374625584263953,0.445926746019676,0.337553224845363
2021-11-30,2021-11,0,0.56788894695175,0.374625584263953,0.444183158686704,0.337553224845363
2021-12-01,2021-11,-1,0.56788894695175,0.374625584263953,0.444183158686704,0.337553224845363
2021-12-01,2021-12,0,0.135092008807369,0.391334142249688,0.215716068609123,0.365901695268463
2021-12-02,2021-11,-1,0.56788894695175,0.374625584263953,0.444183158686704,0.337553224845363
2021-12-02,2021-12,0,0.130958094815546,0.391334142249688,0.213366892085187,0.365901695268463
2021-12-03,2021-11,-1,0.56788894695175,0.374625584263953,0.444183158686704,0.337553224845363
2021-12-03,2021-12,0,0.142489539108525,0.391334142249688,0.21991985817827,0.365901695268463
2021-12-06,2021-11,-1,0.56788894695175,0.374625584263953,0.444183158686704,0.337553224845363
2021-12-06,2021-12,0,0.141401667005414,0.391334142249688,0.219301653829866,0.365901695268463
2021-12-07,2021-11,-1,0.56788894695175,0.374625584263953,0.444183158686704,0.337553224845363
2021-12-07,2021-12,0,0.40389664585766,0.391334142249688,0.368469498925439,0.365901695268463
2021-12-08,2021-11,-1,0.56788894695175,0.374625584263953,0.444183158686704,0.337553224845363
2021-12-08,2021-12,0,0.40389664585766,0.391334142249688,0.368469498925439,0.365901695268463
2021-12-09,2021-11,-1,0.56788894695175,0.374625584263953,0.444183158686704,0.337553224845363
2021-12-09,2021-12,0,0.40389664585766,0.391334142249688,0.368469498925439,0.365901695268463
2021-12-10,2021-11,-1,,,0.581605028683757,0.401279596430097
2021-12-10,2021-12,0,0.420285410429762,0.404667075043658,0.378713276235002,0.371212226233857
2021-12-13,2021-11,-1,,,0.581605028683757,0.401279596430097
2021-12-13,2021-12,0,0.420285410429762,0.404667075043658,0.378713276235002,0.371212226233857
2021-12-14,2021-11,-1,,,0.581605028683757,0.401279596430097
2021-12-14,2021-12,0,0.408317764395876,0.404667075043658,0.371839199747139,0.371212226233857
2021-12-15,2021-11,-1,,,0.581605028683757,0.401279596430097
2021-12-15,2021-12,0,0.408317764395876,0.404667075043658,0.371839199747139,0.371212226233857
2021-12-16,2021-11,-1,,,0.581605028683757,0.401279596430097
2021-12-16,2021-12,0,0.408317764395876,0.404667075043658,0.371839199747139,0.371212226233857
2021-12-17,2021-11,-1,,,0.581605028683757,0.401279596430097
2021-12-17,2021-12,0,0.408317764395876,0.404667075043658,0.371839199747139,0.371212226233857
2021-12-20,2021-11,-1,,,0.581605028683757,0.401279596430097
2021-12-20,2021-12,0,0.408317764395876,0.404667075043658,0.371839199747139,0.371212226233857
2021-12-21,2021-11,-1,,,0.581605028683757,0.401279596430097
2021-12-21,2021-12,0,0.398498157393714,0.404667075043658,0.366198931859661,0.371212226233857
2021-12-22,2021-11,-1,,,0.581605028683757,0.401279596430097
2021-12-22,2021-12,0,0.398498157393714,0.404667075043658,0.366198931859661,0.371212226233857
2021-12-23,2021-12,0,0.398498157393714,0.404667075043658,0.375332864518837,0.381593524823881
2021-12-24,2021-12,0,0.398498157393714,0.404667075043658,0.375332864518837,0.381593524823881
2021-12-27,2021-12,0,0.398498157393714,0.404667075043658,0.375332864518837,0.381593524823881
2021-12-28,2021-12,0,0.388985413110369,0.404667075043658,0.369967901607565,0.381593524823881
2021-12-29,2021-12,0,0.388985413110369,0.404667075043658,0.369967901607565,0.381593524823881
2021-12-30,2021-12,0,0.388985413110369,0.404667075043658,0.369967901607565,0.381593524823881
2021-12-31,2021-12,0,0.388985413110369,0.404667075043658,0.369967901607565,0.381593524823881
2022-01-03,2021-12,-1,0.388985413110369,0.404667075043658,0.369967901607565,0.381593524823881
2022-01-03,2022-01,0,0.456474228487913,0.434652258172967,0.400222670408271,0.387108092030153
2022-01-04,2021-12,-1,0.388985413110369,0.404667075043658,0.369967901607565,0.381593524823881
2022-01-04,2022-01,0,0.432345377993151,0.434652258172967,0.386614569092788,0.387108092030153
2022-01-05,2021-12,-1,0.388985413110369,0.404667075043658,0.369967901607565,0.381593524823881
2022-01-05,2022-01,0,0.432345377993151,0.434652258172967,0.386614569092788,0.387108092030153
2022-01-06,2021-12,-1,0.388985413110369,0.404667075043658,0.369967901607565,0.381593524823881
2022-01-06,2022-01,0,0.432345377993151,0.434652258172967,0.386614569092788,0.387108092030153
2022-01-07,2021-12,-1,0.388985413110369,0.404667075043658,0.369967901607565,0.381593524823881
2022-01-07,2022-01,0,0.432345377993151,0.434652258172967,0.386614569092788,0.387108092030153
2022-01-10,2021-12,-1,0.388985413110369,0.404667075043658,0.369967901607565,0.381593524823881
2022-01-10,2022-01,0,0.432345377993151,0.434652258172967,0.386614569092788,0.387108092030153
2022-01-11,2021-12,-1,0.388985413110369,0.404667075043658,0.369967901607565,0.381593524823881
2022-01-11,2022-01,0,0.438478533058373,0.434652258172967,0.390073523572581,0.387108092030153
2022-01-12,2021-12,-1,,,0.379818997142973,0.423940025307479
2022-01-12,2022-01,0,0.445204576881296,0.446774943615626,0.389571090802831,0.390636967070453
2022-01-13,2021-12,-1,,,0.379818997142973,0.423940025307479
2022-01-13,2022-01,0,0.445204576881296,0.446774943615626,0.389571090802831,0.390636967070453
2022-01-14,2021-12,-1,,,0.379818997142973,0.423940025307479
2022-01-14,2022-01,0,0.445204576881296,0.446774943615626,0.389571090802831,0.390636967070453
2022-01-17,2021-12,-1,,,0.379818997142973,0.423940025307479
2022-01-17,2022-01,0,0.445204576881296,0.446774943615626,0.389571090802831,0.390636967070453
2022-01-18,2021-12,-1,,,0.379818997142973,0.423940025307479
2022-01-18,2022-01,0,0.445204576881296,0.446774943615626,0.389571090802831,0.390636967070453
2022-01-19,2021-12,-1,,,0.379818997142973,0.423940025307479
2022-01-19,2022-01,0,0.450436215138411,0.446774943615626,0.392566806486851,0.390636967070453
2022-01-20,2021-12,-1,,,0.379818997142973,0.423940025307479
2022-01-20,2022-01,0,0.450436215138411,0.446774943615626,0.392566806486851,0.390636967070453
2022-01-21,2021-12,-1,,,0.379818997142973,0.423940025307479
2022-01-21,2022-01,0,0.450436215138411,0.446774943615626,0.392566806486851,0.390636967070453
2022-01-24,2021-12,-1,,,0.379818997142973,0.423940025307479
2022-01-24,2022-01,0,0.450436215138411,0.446774943615626,0.392566806486851,0.390636967070453
2022-01-25,2021-12,-1,,,0.379818997142973,0.423940025307479
2022-01-25,2022-01,0,0.457094663829285,0.446774943615626,0.39637953553924,0.390636967070453
2022-01-26,2021-12,-1,,,0.379818997142973,0.423940025307479
2022-01-26,2022-01,0,0.457094663829285,0.446774943615626,0.39637953553924,0.390636967070453
2022-01-27,2021-12,-1,,,0.379818997142973,0.423940025307479
2022-01-27,2022-01,0,0.457094663829285,0.446774943615626,0.39637953553924,0.390636967070453
2022-01-28,2022-01,0,0.457094663829285,0.446774943615626,0.400392347292803,0.395556398458741
2022-01-31,2022-01,0,0.457094663829285,0.446774943615626,0.400392347292803,0.395556398458741
2022-02-01,2022-01,-1,0.469270112864026,0.446774943615626,0.407361290622446,0.395556398458741
2022-02-01,2022-02,0,0.528903244976112,0.481382149006826,0.439152877261423,0.410177859179489
2022-02-02,2022-01,-1,0.469270112864026,0.446774943615626,0.407361290622446,0.395556398458741
2022-02-02,2022-02,0,0.523075999571758,0.481382149006826,0.435817497771518,0.410177859179489
2022-02-03,2022-01,-1,0.469270112864026,0.446774943615626,0.407361290622446,0.395556398458741
2022-02-03,2022-02,0,0.529252879700373,0.481382149006826,0.439353000030817,0.410177859179489
2022-02-04,2022-01,-1,0.469270112864026,0.446774943615626,0.407361290622446,0.395556398458741
2022-02-04,2022-02,0,0.542888633946561,0.481382149006826,0.447157788037196,0.410177859179489
2022-02-07,2022-01,-1,0.469270112864026,0.446774943615626,0.407361290622446,0.395556398458741
2022-02-07,2022-02,0,0.563924989856278,0.481382149006826,0.459198507995754,0.410177859179489
2022-02-08,2022-01,-1,0.427111543925782,0.445653417478999,0.386674913188638,0.395556398458741
2022-02-08,2022-02,0,0.632265468400095,0.47877861880718,0.49724930285535,0.410177859179489
2022-02-09,2022-01,-1,0.427111543925782,0.445653417478999,0.386674913188638,0.395556398458741
2022-02-09,2022-02,0,0.632265468400095,0.47877861880718,0.49724930285535,0.410177859179489
2022-02-10,2022-01,-1,,,0.50589217478419,0.457051407409994
2022-02-10,2022-02,0,0.652545845271931,0.490247311759534,0.507220871560944,0.41530244325876
2022-02-11,2022-01,-1,,,0.50589217478419,0.457051407409994
2022-02-11,2022-02,0,0.652545845271931,0.490247311759534,0.507220871560944,0.41530244325876
2022-02-14,2022-01,-1,,,0.50589217478419,0.457051407409994
2022-02-14,2022-02,0,0.652545845271931,0.490247311759534,0.507220871560944,0.41530244325876
2022-02-15,2022-01,-1,,,0.50589217478419,0.457051407409994
2022-02-15,2022-02,0,0.672415357100043,0.490247311759534,0.5179327922953,0.41530244325876
2022-02-16,2022-01,-1,,,0.50589217478419,0.457051407409994
2022-02-16,2022-02,0,0.672415357100043,0.490247311759534,0.5179327922953,0.41530244325876
2022-02-17,2022-01,-1,,,0.50589217478419,0.457051407409994
2022-02-17,2022-02,0,0.672415357100043,0.490247311759534,0.5179327922953,0.41530244325876
2022-02-18,2022-01,-1,,,0.50589217478419,0.457051407409994
2022-02-18,2022-02,0,0.672415357100043,0.490247311759534,0.5179327922953,0.41530244325876
2022-02-22,2022-01,-1,,,0.50589217478419,0.457051407409994
2022-02-22,2022-02,0,0.672415357100043,0.490247311759534,0.5179327922953,0.41530244325876
2022-02-23,2022-01,-1,,,0.50589217478419,0.457051407409994
2022-02-23,2022-02,0,0.692284868928155,0.490247311759534,0.528644713029657,0.41530244325876
2022-02-24,2022-01,-1,,,0.50589217478419,0.457051407409994
2022-02-24,2022-02,0,0.692284868928155,0.490247311759534,0.528644713029657,0.41530244325876
2022-02-25,2022-02,0,0.692284868928155,0.490247311759534,0.530344410804209,0.424139026121119
2022-02-28,2022-02,0,0.692284868928155,0.490247311759534,0.530344410804209,0.424139026121119
2022-03-01,2022-02,-1,0.720009769153428,0.490247311759534,0.54434631613495,0.424139026121119
2022-03-01,2022-03,0,0.547951027302989,0.518513976442043,0.467175506832641,0.448372446524514
2022-03-02,2022-02,-1,0.720009769153428,0.490247311759534,0.54434631613495,0.424139026121119
2022-03-02,2022-03,0,0.722663528293844,0.518513976442043,0.555410554717173,0.448372446524514
2022-03-03,2022-02,-1,0.720009769153428,0.490247311759534,0.54434631613495,0.424139026121119
2022-03-03,2022-03,0,0.806876687890553,0.518513976442043,0.597940723579631,0.448372446524514
2022-03-04,2022-02,-1,0.720009769153428,0.490247311759534,0.54434631613495,0.424139026121119
2022-03-04,2022-03,0,0.812837722353641,0.518513976442043,0.600951224593061,0.448372446524514
2022-03-07,2022-02,-1,0.720009769153428,0.490247311759534,0.54434631613495,0.424139026121119
2022-03-07,2022-03,0,0.855161067041562,0.518513976442043,0.622325781788414,0.448372446524514
2022-03-08,2022-02,-1,0.720009769153428,0.490247311759534,0.54434631613495,0.424139026121119
2022-03-08,2022-03,0,1.00058396152945,0.518513976442043,0.695768700788916,0.448372446524514
2022-03-09,2022-02,-1,0.720009769153428,0.490247311759534,0.54434631613495,0.424139026121119
2022-03-09,2022-03,0,1.00058396152945,0.518513976442043,0.695768700788916,0.448372446524514
2022-03-10,2022-02,-1,,,0.617396379126854,0.413404115300419
2022-03-10,2022-03,0,1.00360564867177,0.519758596218243,0.699214151015386,0.447477870622788
2022-03-11,2022-02,-1,,,0.617396379126854,0.413404115300419
2022-03-11,2022-03,0,1.00360564867177,0.519758596218243,0.699214151015386,0.447477870622788
2022-03-14,2022-02,-1,,,0.617396379126854,0.413404115300419
2022-03-14,2022-03,0,1.00360564867177,0.519758596218243,0.699214151015386,0.447477870622788
2022-03-15,2022-02,-1,,,0.617396379126854,0.413404115300419
2022-03-15,2022-03,0,1.09786639520031,0.519758596218243,0.746254160875944,0.447477870622788
2022-03-16,2022-02,-1,,,0.617396379126854,0.413404115300419
2022-03-16,2022-03,0,1.09786639520031,0.519758596218243,0.746254160875944,0.447477870622788
2022-03-17,2022-02,-1,,,0.617396379126854,0.413404115300419
2022-03-17,2022-03,0,1.09786639520031,0.519758596218243,0.746254160875944,0.447477870622788
2022-03-18,2022-02,-1,,,0.617396379126854,0.413404115300419
2022-03-18,2022-03,0,1.09786639520031,0.519758596218243,0.746254160875944,0.447477870622788
2022-03-21,2022-02,-1,,,0.617396379126854,0.413404115300419
2022-03-21,2022-03,0,1.09786639520031,0.519758596218243,0.746254160875944,0.447477870622788
2022-03-22,2022-02,-1,,,0.617396379126854,0.413404115300419
2022-03-22,2022-03,0,1.10882024342075,0.519758596218243,0.751720584040168,0.447477870622788
2022-03-23,2022-02,-1,,,0.617396379126854,0.413404115300419
2022-03-23,2022-03,0,1.10882024342075,0.519758596218243,0.751720584040168,0.447477870622788
2022-03-24,2022-02,-1,,,0.617396379126854,0.413404115300419
2022-03-24,2022-03,0,1.10882024342075,0.519758596218243,0.751720584040168,0.447477870622788
2022-03-25,2022-02,-1,,,0.617396379126854,0.413404115300419
2022-03-25,2022-03,0,1.10882024342075,0.519758596218243,0.751720584040168,0.447477870622788
2022-03-28,2022-02,-1,,,0.617396379126854,0.413404115300419
2022-03-28,2022-03,0,1.10882024342075,0.519758596218243,0.751720584040168,0.447477870622788
2022-03-29,2022-02,-1,,,0.617396379126854,0.413404115300419
2022-03-29,2022-03,0,1.11235141817602,0.519758596218243,0.753482786244424,0.447477870622788
2022-03-30,2022-02,-1,,,0.617396379126854,0.413404115300419
2022-03-30,2022-03,0,1.11235141817602,0.519758596218243,0.753482786244424,0.447477870622788
2022-03-31,2022-03,0,1.11235141817602,0.519758596218243,0.750242349985922,0.439598086885181
2022-04-01,2022-03,-1,1.11235141817602,0.519758596218243,0.750242349985922,0.439598086885181
2022-04-01,2022-04,0,0.259264016717346,0.537657983010616,0.313882798103555,0.441127967174987
2022-04-04,2022-03,-1,1.11235141817602,0.519758596218243,0.750242349985922,0.439598086885181
2022-04-04,2022-04,0,0.203610531416801,0.537657983010616,0.285803340025681,0.441127967174987
2022-04-05,2022-03,-1,1.11235141817602,0.519758596218243,0.750242349985922,0.439598086885181
2022-04-05,2022-04,0,0.365438908395517,0.537657983010616,0.367452370677491,0.441127967174987
2022-04-06,2022-03,-1,1.11235141817602,0.519758596218243,0.750242349985922,0.439598086885181
2022-04-06,2022-04,0,0.365438908395517,0.537657983010616,0.367452370677491,0.441127967174987
2022-04-07,2022-03,-1,1.11235141817602,0.519758596218243,0.750242349985922,0.439598086885181
2022-04-07,2022-04,0,0.365438908395517,0.537657983010616,0.367452370677491,0.441127967174987
2022-04-08,2022-03,-1,1.11235141817602,0.519758596218243,0.750242349985922,0.439598086885181
2022-04-08,2022-04,0,0.365438908395517,0.537657983010616,0.367452370677491,0.441127967174987
2022-04-11,2022-03,-1,1.11235141817602,0.519758596218243,0.750242349985922,0.439598086885181
2022-04-11,2022-04,0,0.365438908395517,0.537657983010616,0.367452370677491,0.441127967174987
2022-04-12,2022-03,-1,,,0.924196408244754,0.288713591861576
2022-04-12,2022-04,0,0.302945983734384,0.521352735312484,0.317456517085001,0.428554259256353
2022-04-13,2022-03,-1,,,0.924196408244754,0.288713591861576
2022-04-13,2022-04,0,0.302945983734384,0.521352735312484,0.317456517085001,0.428554259256353
2022-04-14,2022-03,-1,,,0.924196408244754,0.288713591861576
2022-04-14,2022-04,0,0.302945983734384,0.521352735312484,0.317456517085001,0.428554259256353
2022-04-15,2022-03,-1,,,0.924196408244754,0.288713591861576
2022-04-15,2022-04,0,0.302945983734384,0.521352735312484,0.317456517085001,0.428554259256353
2022-04-18,2022-03,-1,,,0.924196408244754,0.288713591861576
2022-04-18,2022-04,0,0.302945983734384,0.521352735312484,0.317456517085001,0.428554259256353
2022-04-19,2022-03,-1,,,0.924196408244754,0.288713591861576
2022-04-19,2022-04,0,0.285249586840141,0.521352735312484,0.307425826031169,0.428554259256353
2022-04-20,2022-03,-1,,,0.924196408244754,0.288713591861576
2022-04-20,2022-04,0,0.285249586840141,0.521352735312484,0.307425826031169,0.428554259256353
2022-04-21,2022-03,-1,,,0.924196408244754,0.288713591861576
2022-04-21,2022-04,0,0.285249586840141,0.521352735312484,0.307425826031169,0.428554259256353
2022-04-22,2022-03,-1,,,0.924196408244754,0.288713591861576
2022-04-22,2022-04,0,0.285249586840141,0.521352735312484,0.307425826031169,0.428554259256353
2022-04-25,2022-03,-1,,,0.924196408244754,0.288713591861576
2022-04-25,2022-04,0,0.285249586840141,0.521352735312484,0.307425826031169,0.428554259256353
2022-04-26,2022-03,-1,,,0.924196408244754,0.288713591861576
2022-04-26,2022-04,0,0.284773145385296,0.521352735312484,0.307155768964335,0.428554259256353
2022-04-27,2022-03,-1,,,0.924196408244754,0.288713591861576
2022-04-27,2022-04,0,0.284773145385296,0.521352735312484,0.307155768964335,0.428554259256353
2022-04-28,2022-03,-1,,,0.924196408244754,0.288713591861576
2022-04-28,2022-04,0,0.284773145385296,0.521352735312484,0.307155768964335,0.428554259256353
2022-04-29,2022-04,0,0.284773145385296,0.521352735312484,0.310166751125843,0.421758570433782
2022-05-02,2022-04,-1,0.284773145385296,0.521352735312484,0.310166751125843,0.421758570433782
2022-05-02,2022-05,0,0.399679075471738,0.493487892100913,0.369674876828606,0.40512105965978
2022-05-03,2022-04,-1,0.284773145385296,0.521352735312484,0.310166751125843,0.421758570433782
2022-05-03,2022-05,0,0.451821708043813,0.493487892100913,0.397531308980136,0.40512105965978
2022-05-04,2022-04,-1,0.284773145385296,0.521352735312484,0.310166751125843,0.421758570433782
2022-05-04,2022-05,0,0.451821708043813,0.493487892100913,0.397531308980136,0.40512105965978
2022-05-05,2022-04,-1,0.284773145385296,0.521352735312484,0.310166751125843,0.421758570433782
2022-05-05,2022-05,0,0.451821708043813,0.493487892100913,0.397531308980136,0.40512105965978
2022-05-06,2022-04,-1,0.284773145385296,0.521352735312484,0.310166751125843,0.421758570433782
2022-05-06,2022-05,0,0.451821708043813,0.493487892100913,0.397531308980136,0.40512105965978
2022-05-09,2022-04,-1,0.284773145385296,0.521352735312484,0.310166751125843,0.421758570433782
2022-05-09,2022-05,0,0.451821708043813,0.493487892100913,0.397531308980136,0.40512105965978
2022-05-10,2022-04,-1,0.284773145385296,0.521352735312484,0.310166751125843,0.421758570433782
2022-05-10,2022-05,0,0.511730800873056,0.493487892100913,0.429536857939535,0.40512105965978
2022-05-11,2022-04,-1,,,0.286728639030356,0.448187910874277
2022-05-11,2022-05,0,0.505515571536847,0.497477697187304,0.419627981778028,0.407323504696488
2022-05-12,2022-04,-1,,,0.286728639030356,0.448187910874277
2022-05-12,2022-05,0,0.505515571536847,0.497477697187304,0.419627981778028,0.407323504696488
2022-05-13,2022-04,-1,,,0.286728639030356,0.448187910874277
2022-05-13,2022-05,0,0.505515571536847,0.497477697187304,0.419627981778028,0.407323504696488
2022-05-16,2022-04,-1,,,0.286728639030356,0.448187910874277
2022-05-16,2022-05,0,0.505515571536847,0.497477697187304,0.419627981778028,0.407323504696488
2022-05-17,2022-04,-1,,,0.286728639030356,0.448187910874277
2022-05-17,2022-05,0,0.574687589263965,0.497477697187304,0.457876506346526,0.407323504696488
2022-05-18,2022-04,-1,,,0.286728639030356,0.448187910874277
2022-05-18,2022-05,0,0.574687589263965,0.497477697187304,0.457876506346526,0.407323504696488
2022-05-19,2022-04,-1,,,0.286728639030356,0.448187910874277
2022-05-19,2022-05,0,0.574687589263965,0.497477697187304,0.457876506346526,0.407323504696488
2022-05-20,2022-04,-1,,,0.286728639030356,0.448187910874277
2022-05-20,2022-05,0,0.574687589263965,0.497477697187304,0.457876506346526,0.407323504696488
2022-05-23,2022-04,-1,,,0.286728639030356,0.448187910874277
2022-05-23,2022-05,0,0.574687589263965,0.497477697187304,0.457876506346526,0.407323504696488
2022-05-24,2022-04,-1,,,0.286728639030356,0.448187910874277
2022-05-24,2022-05,0,0.632060542133579,0.497477697187304,0.489600762331911,0.407323504696488
2022-05-25,2022-04,-1,,,0.286728639030356,0.448187910874277
2022-05-25,2022-05,0,0.632060542133579,0.497477697187304,0.489600762331911,0.407323504696488
2022-05-26,2022-04,-1,,,0.286728639030356,0.448187910874277
2022-05-26,2022-05,0,0.632060542133579,0.497477697187304,0.489600762331911,0.407323504696488
2022-05-27,2022-05,0,0.632060542133579,0.497477697187304,0.489070966534666,0.400526157486751
2022-05-31,2022-05,0,0.632060542133579,0.497477697187304,0.489070966534666,0.400526157486751
2022-06-01,2022-05,-1,0.672324850959812,0.497477697187304,0.510368400977096,0.400526157486751
2022-06-01,2022-06,0,0.62666801252769,0.47663263250197,0.484627849135721,0.386099719706252
2022-06-02,2022-05,-1,0.672324850959812,0.497477697187304,0.510368400977096,0.400526157486751
2022-06-02,2022-06,0,0.623167022275439,0.47663263250197,0.482776032662162,0.386099719706252
2022-06-03,2022-05,-1,0.672324850959812,0.497477697187304,0.510368400977096,0.400526157486751
2022-06-03,2022-06,0,0.621299827474239,0.47663263250197,0.481788397209597,0.386099719706252
2022-06-06,2022-05,-1,0.672324850959812,0.497477697187304,0.510368400977096,0.400526157486751
2022-06-06,2022-06,0,0.63499258934971,0.47663263250197,0.489031057195074,0.386099719706252
2022-06-07,2022-05,-1,0.672324850959812,0.497477697187304,0.510368400977096,0.400526157486751
2022-06-07,2022-06,0,0.900894684052384,0.47663263250197,0.629677515438647,0.386099719706252
2022-06-08,2022-05,-1,0.672324850959812,0.497477697187304,0.510368400977096,0.400526157486751
2022-06-08,2022-06,0,0.900894684052384,0.47663263250197,0.629677515438647,0.386099719706252
2022-06-09,2022-05,-1,0.672324850959812,0.497477697187304,0.510368400977096,0.400526157486751
2022-06-09,2022-06,0,0.900894684052384,0.47663263250197,0.629677515438647,0.386099719706252
2022-06-10,2022-05,-1,,,0.706899099621996,0.455242027786808
2022-06-10,2022-06,0,0.926388311076157,0.487794750404188,0.645642590879309,0.39065937556459
2022-06-13,2022-05,-1,,,0.706899099621996,0.455242027786808
2022-06-13,2022-06,0,0.926388311076157,0.487794750404188,0.645642590879309,0.39065937556459
2022-06-14,2022-05,-1,,,0.706899099621996,0.455242027786808
2022-06-14,2022-06,0,0.97903555709468,0.487794750404188,0.672688183308019,0.39065937556459
2022-06-15,2022-05,-1,,,0.706899099621996,0.455242027786808
2022-06-15,2022-06,0,0.97903555709468,0.487794750404188,0.672688183308019,0.39065937556459
2022-06-16,2022-05,-1,,,0.706899099621996,0.455242027786808
2022-06-16,2022-06,0,0.97903555709468,0.487794750404188,0.672688183308019,0.39065937556459
2022-06-17,2022-05,-1,,,0.706899099621996,0.455242027786808
2022-06-17,2022-06,0,0.97903555709468,0.487794750404188,0.672688183308019,0.39065937556459
2022-06-21,2022-05,-1,,,0.706899099621996,0.455242027786808
2022-06-21,2022-06,0,0.97903555709468,0.487794750404188,0.672688183308019,0.39065937556459
2022-06-22,2022-05,-1,,,0.706899099621996,0.455242027786808
2022-06-22,2022-06,0,0.97903555709468,0.487794750404188,0.672688183308019,0.39065937556459
2022-06-23,2022-05,-1,,,0.706899099621996,0.455242027786808
2022-06-23,2022-06,0,0.97903555709468,0.487794750404188,0.672688183308019,0.39065937556459
2022-06-24,2022-05,-1,,,0.706899099621996,0.455242027786808
2022-06-24,2022-06,0,0.97903555709468,0.487794750404188,0.672688183308019,0.39065937556459
2022-06-27,2022-05,-1,,,0.706899099621996,0.455242027786808
2022-06-27,2022-06,0,0.97903555709468,0.487794750404188,0.672688183308019,0.39065937556459
2022-06-28,2022-05,-1,,,0.706899099621996,0.455242027786808
2022-06-28,2022-06,0,0.97903555709468,0.487794750404188,0.672688183308019,0.39065937556459
2022-06-29,2022-05,-1,,,0.706899099621996,0.455242027786808
2022-06-29,2022-06,0,0.97903555709468,0.487794750404188,0.672688183308019,0.39065937556459
2022-06-30,2022-06,0,0.971138470191902,0.487794750404188,0.660610119944435,0.382347738455021
2022-07-01,2022-06,-1,0.971138470191902,0.487794750404188,0.660610119944435,0.382347738455021
2022-07-01,2022-07,0,0.285333094395049,0.461738958979372,0.308905561068502,0.374172710356402
2022-07-05,2022-06,-1,0.971138470191902,0.487794750404188,0.660610119944435,0.382347738455021
2022-07-05,2022-07,0,0.350850606976302,0.461738958979372,0.342951846998686,0.374172710356402
2022-07-06,2022-06,-1,0.971138470191902,0.487794750404188,0.660610119944435,0.382347738455021
2022-07-06,2022-07,0,0.427766570131807,0.461738958979372,0.382921356997102,0.374172710356402
2022-07-07,2022-06,-1,0.971138470191902,0.487794750404188,0.660610119944435,0.382347738455021
2022-07-07,2022-07,0,0.427766570131807,0.461738958979372,0.382921356997102,0.374172710356402
2022-07-08,2022-06,-1,0.971138470191902,0.487794750404188,0.660610119944435,0.382347738455021
2022-07-08,2022-07,0,0.427766570131807,0.461738958979372,0.382921356997102,0.374172710356402
2022-07-11,2022-06,-1,0.971138470191902,0.487794750404188,0.660610119944435,0.382347738455021
2022-07-11,2022-07,0,0.427766570131807,0.461738958979372,0.382921356997102,0.374172710356402
2022-07-12,2022-06,-1,0.971138470191902,0.487794750404188,0.660610119944435,0.382347738455021
2022-07-12,2022-07,0,0.38204575149773,0.461738958979372,0.359162456470356,0.374172710356402
2022-07-13,2022-06,-1,,,0.93606508306482,0.488461681996659
2022-07-13,2022-07,0,0.387218851683674,0.479963775342375,0.356488500219864,0.383015538984871
2022-07-14,2022-06,-1,,,0.93606508306482,0.488461681996659
2022-07-14,2022-07,0,0.387218851683674,0.479963775342375,0.356488500219864,0.383015538984871
2022-07-15,2022-06,-1,,,0.93606508306482,0.488461681996659
2022-07-15,2022-07,0,0.387218851683674,0.479963775342375,0.356488500219864,0.383015538984871
2022-07-18,2022-06,-1,,,0.93606508306482,0.488461681996659
2022-07-18,2022-07,0,0.387218851683674,0.479963775342375,0.356488500219864,0.383015538984871
2022-07-19,2022-06,-1,,,0.93606508306482,0.488461681996659
2022-07-19,2022-07,0,0.328993685957169,0.479963775342375,0.324006323186203,0.383015538984871
2022-07-20,2022-06,-1,,,0.93606508306482,0.488461681996659
2022-07-20,2022-07,0,0.328993685957169,0.479963775342375,0.324006323186203,0.383015538984871
2022-07-21,2022-06,-1,,,0.93606508306482,0.488461681996659
2022-07-21,2022-07,0,0.328993685957169,0.479963775342375,0.324006323186203,0.383015538984871
2022-07-22,2022-06,-1,,,0.93606508306482,0.488461681996659
2022-07-22,2022-07,0,0.328993685957169,0.479963775342375,0.324006323186203,0.383015538984871
2022-07-25,2022-06,-1,,,0.93606508306482,0.488461681996659
2022-07-25,2022-07,0,0.328993685957169,0.479963775342375,0.324006323186203,0.383015538984871
2022-07-26,2022-06,-1,,,0.93606508306482,0.488461681996659
2022-07-26,2022-07,0,0.26795765016111,0.479963775342375,0.289956041054366,0.383015538984871
2022-07-27,2022-06,-1,,,0.93606508306482,0.488461681996659
2022-07-27,2022-07,0,0.26795765016111,0.479963775342375,0.289956041054366,0.383015538984871
2022-07-28,2022-06,-1,,,0.93606508306482,0.488461681996659
2022-07-28,2022-07,0,0.26795765016111,0.479963775342375,0.289956041054366,0.383015538984871
2022-07-29,2022-07,0,0.26795765016111,0.479963775342375,0.298399101299341,0.39078468101368
2022-08-01,2022-07,-1,0.26795765016111,0.479963775342375,0.298399101299341,0.39078468101368
2022-08-01,2022-08,0,0.535866796627907,0.493814331844653,0.442712531604135,0.396573057566174
2022-08-02,2022-07,-1,0.26795765016111,0.479963775342375,0.298399101299341,0.39078468101368
2022-08-02,2022-08,0,0.32328971652423,0.493814331844653,0.327903437133147,0.396573057566174
2022-08-03,2022-07,-1,0.26795765016111,0.479963775342375,0.298399101299341,0.39078468101368
2022-08-03,2022-08,0,0.32328971652423,0.493814331844653,0.327903437133147,0.396573057566174
2022-08-04,2022-07,-1,0.26795765016111,0.479963775342375,0.298399101299341,0.39078468101368
2022-08-04,2022-08,0,0.32328971652423,0.493814331844653,0.327903437133147,0.396573057566174
2022-08-05,2022-07,-1,0.26795765016111,0.479963775342375,0.298399101299341,0.39078468101368
2022-08-05,2022-08,0,0.32328971652423,0.493814331844653,0.327903437133147,0.396573057566174
2022-08-08,2022-07,-1,0.26795765016111,0.479963775342375,0.298399101299341,0.39078468101368
2022-08-08,2022-08,0,0.32328971652423,0.493814331844653,0.327903437133147,0.396573057566174
2022-08-09,2022-07,-1,0.26795765016111,0.479963775342375,0.298399101299341,0.39078468101368
2022-08-09,2022-08,0,0.257058074375541,0.493814331844653,0.292132906948478,0.396573057566174
2022-08-10,2022-07,-1,,,0.0369808880812032,0.282602629879326
2022-08-10,2022-08,0,0.189118868276195,0.479891397462036,0.233145961293767,0.387557886638311
2022-08-11,2022-07,-1,,,0.0369808880812032,0.282602629879326
2022-08-11,2022-08,0,0.189118868276195,0.479891397462036,0.233145961293767,0.387557886638311
2022-08-12,2022-07,-1,,,0.0369808880812032,0.282602629879326
2022-08-12,2022-08,0,0.189118868276195,0.479891397462036,0.233145961293767,0.387557886638311
2022-08-15,2022-07,-1,,,0.0369808880812032,0.282602629879326
2022-08-15,2022-08,0,0.189118868276195,0.479891397462036,0.233145961293767,0.387557886638311
2022-08-16,2022-07,-1,,,0.0369808880812032,0.282602629879326
2022-08-16,2022-08,0,0.133589265828659,0.479891397462036,0.201571584752224,0.387557886638311
2022-08-17,2022-07,-1,,,0.0369808880812032,0.282602629879326
2022-08-17,2022-08,0,0.133589265828659,0.479891397462036,0.201571584752224,0.387557886638311
2022-08-18,2022-07,-1,,,0.0369808880812032,0.282602629879326
2022-08-18,2022-08,0,0.133589265828659,0.479891397462036,0.201571584752224,0.387557886638311
2022-08-19,2022-07,-1,,,0.0369808880812032,0.282602629879326
2022-08-19,2022-08,0,0.133589265828659,0.479891397462036,0.201571584752224,0.387557886638311
2022-08-22,2022-07,-1,,,0.0369808880812032,0.282602629879326
2022-08-22,2022-08,0,0.133589265828659,0.479891397462036,0.201571584752224,0.387557886638311
2022-08-23,2022-07,-1,,,0.0369808880812032,0.282602629879326
2022-08-23,2022-08,0,0.0921386985625802,0.479891397462036,0.178002609628439,0.387557886638311
2022-08-24,2022-07,-1,,,0.0369808880812032,0.282602629879326
2022-08-24,2022-08,0,0.0921386985625802,0.479891397462036,0.178002609628439,0.387557886638311
2022-08-25,2022-07,-1,,,0.0369808880812032,0.282602629879326
2022-08-25,2022-08,0,0.0921386985625802,0.479891397462036,0.178002609628439,0.387557886638311
2022-08-26,2022-08,0,0.0921386985625802,0.479891397462036,0.190927184644392,0.372554634396458
2022-08-29,2022-08,0,0.0921386985625802,0.479891397462036,0.190927184644392,0.372554634396458
2022-08-30,2022-08,0,0.0921386985625802,0.479891397462036,0.190927184644392,0.372554634396458
2022-08-31,2022-08,0,0.0568860529294564,0.479891397462036,0.172028329394086,0.372554634396458
2022-09-01,2022-08,-1,0.0568860529294564,0.479891397462036,0.172028329394086,0.372554634396458
2022-09-01,2022-09,0,0.534213676829422,0.50457833544732,0.421553337748992,0.377475998359593
2022-09-02,2022-08,-1,0.0568860529294564,0.479891397462036,0.172028329394086,0.372554634396458
2022-09-02,2022-09,0,0.384199319335416,0.50457833544732,0.341131015485527,0.377475998359593
2022-09-06,2022-08,-1,0.0568860529294564,0.479891397462036,0.172028329394086,0.372554634396458
2022-09-06,2022-09,0,0.419768543437151,0.50457833544732,0.36019958766193,0.377475998359593
2022-09-07,2022-08,-1,0.0568860529294564,0.479891397462036,0.172028329394086,0.372554634396458
2022-09-07,2022-09,0,0.356873276999443,0.50457833544732,0.326481592459358,0.377475998359593
2022-09-08,2022-08,-1,0.0568860529294564,0.479891397462036,0.172028329394086,0.372554634396458
2022-09-08,2022-09,0,0.356873276999443,0.50457833544732,0.326481592459358,0.377475998359593
2022-09-09,2022-08,-1,0.0568860529294564,0.479891397462036,0.172028329394086,0.372554634396458
2022-09-09,2022-09,0,0.356873276999443,0.50457833544732,0.326481592459358,0.377475998359593
2022-09-12,2022-08,-1,0.0568860529294564,0.479891397462036,0.172028329394086,0.372554634396458
2022-09-12,2022-09,0,0.356873276999443,0.50457833544732,0.326481592459358,0.377475998359593
2022-09-13,2022-08,-1,,,0.120400849843592,0.423950912695837
2022-09-13,2022-09,0,0.331853711341414,0.511859702425673,0.299098096785829,0.381759021551208
2022-09-14,2022-08,-1,,,0.120400849843592,0.423950912695837
2022-09-14,2022-09,0,0.331853711341414,0.511859702425673,0.299098096785829,0.381759021551208
2022-09-15,2022-08,-1,,,0.120400849843592,0.423950912695837
2022-09-15,2022-09,0,0.331853711341414,0.511859702425673,0.299098096785829,0.381759021551208
2022-09-16,2022-08,-1,,,0.120400849843592,0.423950912695837
2022-09-16,2022-09,0,0.331853711341414,0.511859702425673,0.299098096785829,0.381759021551208
2022-09-19,2022-08,-1,,,0.120400849843592,0.423950912695837
2022-09-19,2022-09,0,0.331853711341414,0.511859702425673,0.299098096785829,0.381759021551208
2022-09-20,2022-08,-1,,,0.120400849843592,0.423950912695837
2022-09-20,2022-09,0,0.309880504489,0.511859702425673,0.286743357645667,0.381759021551208
2022-09-21,2022-08,-1,,,0.120400849843592,0.423950912695837
2022-09-21,2022-09,0,0.309880504489,0.511859702425673,0.286743357645667,0.381759021551208
2022-09-22,2022-08,-1,,,0.120400849843592,0.423950912695837
2022-09-22,2022-09,0,0.309880504489,0.511859702425673,0.286743357645667,0.381759021551208
2022-09-23,2022-08,-1,,,0.120400849843592,0.423950912695837
2022-09-23,2022-09,0,0.309880504489,0.511859702425673,0.286743357645667,0.381759021551208
2022-09-26,2022-08,-1,,,0.120400849843592,0.423950912695837
2022-09-26,2022-09,0,0.309880504489,0.511859702425673,0.286743357645667,0.381759021551208
2022-09-27,2022-08,-1,,,0.120400849843592,0.423950912695837
2022-09-27,2022-09,0,0.315373806202104,0.511859702425673,0.289832042430707,0.381759021551208
2022-09-28,2022-08,-1,,,0.120400849843592,0.423950912695837
2022-09-28,2022-09,0,0.315373806202104,0.511859702425673,0.289832042430707,0.381759021551208
2022-09-29,2022-08,-1,,,0.120400849843592,0.423950912695837
2022-09-29,2022-09,0,0.315373806202104,0.511859702425673,0.289832042430707,0.381759021551208
2022-09-30,2022-09,0,0.315373806202104,0.511859702425673,0.303563165672685,0.400455489794083
2022-10-03,2022-09,-1,0.315373806202104,0.511859702425673,0.303563165672685,0.400455489794083
2022-10-03,2022-10,0,0.411189875288922,0.533301384680293,0.362384597343672,0.416412645690896
2022-10-04,2022-09,-1,0.315373806202104,0.511859702425673,0.303563165672685,0.400455489794083
2022-10-04,2022-10,0,0.723680814030847,0.533301384680293,0.543474530637604,0.416412645690896
2022-10-05,2022-09,-1,0.315373806202104,0.511859702425673,0.303563165672685,0.400455489794083
2022-10-05,2022-10,0,0.723680814030847,0.533301384680293,0.543474530637604,0.416412645690896
2022-10-06,2022-09,-1,0.315373806202104,0.511859702425673,0.303563165672685,0.400455489794083
2022-10-06,2022-10,0,0.723680814030847,0.533301384680293,0.543474530637604,0.416412645690896
2022-10-07,2022-09,-1,0.315373806202104,0.511859702425673,0.303563165672685,0.400455489794083
2022-10-07,2022-10,0,0.723680814030847,0.533301384680293,0.543474530637604,0.416412645690896
2022-10-11,2022-09,-1,0.315373806202104,0.511859702425673,0.303563165672685,0.400455489794083
2022-10-11,2022-10,0,0.723680814030847,0.533301384680293,0.543474530637604,0.416412645690896
2022-10-12,2022-09,-1,0.315373806202104,0.511859702425673,0.303563165672685,0.400455489794083
2022-10-12,2022-10,0,0.796010787783749,0.533301384680293,0.585390082412634,0.416412645690896
2022-10-13,2022-09,-1,,,0.329641954550473,0.44414289625038
2022-10-13,2022-10,0,0.801413174415115,0.538634286225081,0.587655529910097,0.420053262895588
2022-10-14,2022-09,-1,,,0.329641954550473,0.44414289625038
2022-10-14,2022-10,0,0.801413174415115,0.538634286225081,0.587655529910097,0.420053262895588
2022-10-17,2022-09,-1,,,0.329641954550473,0.44414289625038
2022-10-17,2022-10,0,0.801413174415115,0.538634286225081,0.587655529910097,0.420053262895588
2022-10-18,2022-09,-1,,,0.329641954550473,0.44414289625038
2022-10-18,2022-10,0,0.801413174415115,0.538634286225081,0.587655529910097,0.420053262895588
2022-10-19,2022-09,-1,,,0.329641954550473,0.44414289625038
2022-10-19,2022-10,0,0.808529987829481,0.538634286225081,0.591774714412931,0.420053262895588
2022-10-20,2022-09,-1,,,0.329641954550473,0.44414289625038
2022-10-20,2022-10,0,0.808529987829481,0.538634286225081,0.591774714412931,0.420053262895588
2022-10-21,2022-09,-1,,,0.329641954550473,0.44414289625038
2022-10-21,2022-10,0,0.808529987829481,0.538634286225081,0.591774714412931,0.420053262895588
2022-10-24,2022-09,-1,,,0.329641954550473,0.44414289625038
2022-10-24,2022-10,0,0.808529987829481,0.538634286225081,0.591774714412931,0.420053262895588
2022-10-25,2022-09,-1,,,0.329641954550473,0.44414289625038
2022-10-25,2022-10,0,0.782370889873974,0.538634286225081,0.576633928132245,0.420053262895588
2022-10-26,2022-09,-1,,,0.329641954550473,0.44414289625038
2022-10-26,2022-10,0,0.782370889873974,0.538634286225081,0.576633928132245,0.420053262895588
2022-10-27,2022-09,-1,,,0.329641954550473,0.44414289625038
2022-10-27,2022-10,0,0.782370889873974,0.538634286225081,0.576633928132245,0.420053262895588
2022-10-28,2022-10,0,0.782370889873974,0.538634286225081,0.575314198042401,0.419192851962378
2022-10-31,2022-10,0,0.782370889873974,0.538634286225081,0.574882346515272,0.419192851962378
2022-11-01,2022-10,-1,0.759750963994799,0.538634286225081,0.561767560606337,0.419192851962378
2022-11-01,2022-11,0,0.582362653981011,0.533285431490633,0.464298095647353,0.420143859554821
2022-11-02,2022-10,-1,0.759750963994799,0.538634286225081,0.561767560606337,0.419192851962378
2022-11-02,2022-11,0,0.669535397088211,0.533285431490633,0.514839899765202,0.420143859554821
2022-11-03,2022-10,-1,0.759750963994799,0.538634286225081,0.561767560606337,0.419192851962378
2022-11-03,2022-11,0,0.694258759103909,0.533285431490633,0.529174234966693,0.420143859554821
2022-11-04,2022-10,-1,0.759750963994799,0.538634286225081,0.561767560606337,0.419192851962378
2022-11-04,2022-11,0,0.686506001138493,0.533285431490633,0.524679270594868,0.420143859554821
2022-11-07,2022-10,-1,0.759750963994799,0.538634286225081,0.561767560606337,0.419192851962378
2022-11-07,2022-11,0,0.713854312701535,0.533285431490633,0.540535522867134,0.420143859554821
2022-11-08,2022-10,-1,0.759750963994799,0.538634286225081,0.561767560606337,0.419192851962378
2022-11-08,2022-11,0,0.617073971734831,0.533285431490633,0.484423338470429,0.420143859554821
2022-11-09,2022-10,-1,0.759750963994799,0.538634286225081,0.561767560606337,0.419192851962378
2022-11-09,2022-11,0,0.617073971734831,0.533285431490633,0.484423338470429,0.420143859554821
2022-11-10,2022-10,-1,,,0.366727820526441,0.284254209517533
2022-11-10,2022-11,0,0.591038074642433,0.511028094294495,0.46876075196704,0.408898972684417
2022-11-14,2022-10,-1,,,0.366727820526441,0.284254209517533
2022-11-14,2022-11,0,0.591038074642433,0.511028094294495,0.46876075196704,0.408898972684417
2022-11-15,2022-10,-1,,,0.366727820526441,0.284254209517533
2022-11-15,2022-11,0,0.572458507807586,0.511028094294495,0.458031184371749,0.408898972684417
2022-11-16,2022-10,-1,,,0.366727820526441,0.284254209517533
2022-11-16,2022-11,0,0.572458507807586,0.511028094294495,0.458031184371749,0.408898972684417
2022-11-17,2022-10,-1,,,0.366727820526441,0.284254209517533
2022-11-17,2022-11,0,0.572458507807586,0.511028094294495,0.458031184371749,0.408898972684417
2022-11-18,2022-10,-1,,,0.366727820526441,0.284254209517533
2022-11-18,2022-11,0,0.572458507807586,0.511028094294495,0.458031184371749,0.408898972684417
2022-11-21,2022-10,-1,,,0.366727820526441,0.284254209517533
2022-11-21,2022-11,0,0.572458507807586,0.511028094294495,0.458031184371749,0.408898972684417
2022-11-22,2022-10,-1,,,0.366727820526441,0.284254209517533
2022-11-22,2022-11,0,0.523851358209351,0.511028094294495,0.429960901470936,0.408898972684417
2022-11-23,2022-10,-1,,,0.366727820526441,0.284254209517533
2022-11-23,2022-11,0,0.523851358209351,0.511028094294495,0.429960901470936,0.408898972684417
2022-11-25,2022-10,-1,,,0.366727820526441,0.284254209517533
2022-11-25,2022-11,0,0.523851358209351,0.511028094294495,0.429960901470936,0.408898972684417
2022-11-28,2022-10,-1,,,0.366727820526441,0.284254209517533
2022-11-28,2022-11,0,0.523851358209351,0.511028094294495,0.429960901470936,0.408898972684417
2022-11-29,2022-10,-1,,,0.366727820526441,0.284254209517533
2022-11-29,2022-11,0,0.46745580433186,0.511028094294495,0.397392870537753,0.408898972684417
2022-11-30,2022-10,-1,,,0.366727820526441,0.284254209517533
2022-11-30,2022-11,0,0.46745580433186,0.511028094294495,0.397392870537753,0.408898972684417
2022-12-01,2022-11,-1,0.46745580433186,0.511028094294495,0.394771377969286,0.406288876702815
2022-12-01,2022-12,0,0.51271814346605,0.510010235572083,0.413994962591715,0.397123415109055
2022-12-02,2022-11,-1,0.46745580433186,0.511028094294495,0.394771377969286,0.406288876702815
2022-12-02,2022-12,0,0.562102449743243,0.510010235572083,0.442668707766089,0.397123415109055
2022-12-05,2022-11,-1,0.46745580433186,0.511028094294495,0.394771377969286,0.406288876702815
2022-12-05,2022-12,0,0.515972148143229,0.510010235572083,0.415884317893902,0.397123415109055
2022-12-06,2022-11,-1,0.46745580433186,0.511028094294495,0.394771377969286,0.406288876702815
2022-12-06,2022-12,0,0.365715410001581,0.510010235572083,0.328641553036111,0.397123415109055
2022-12-07,2022-11,-1,0.46745580433186,0.511028094294495,0.394771377969286,0.406288876702815
2022-12-07,2022-12,0,0.365715410001581,0.510010235572083,0.328641553036111,0.397123415109055
2022-12-08,2022-11,-1,0.46745580433186,0.511028094294495,0.394771377969286,0.406288876702815
2022-12-08,2022-12,0,0.365715410001581,0.510010235572083,0.328641553036111,0.397123415109055
2022-12-09,2022-11,-1,0.46745580433186,0.511028094294495,0.394771377969286,0.406288876702815
2022-12-09,2022-12,0,0.365715410001581,0.510010235572083,0.328641553036111,0.397123415109055
2022-12-12,2022-11,-1,0.46745580433186,0.511028094294495,0.394771377969286,0.406288876702815
2022-12-12,2022-12,0,0.365715410001581,0.510010235572083,0.328641553036111,0.397123415109055
2022-12-13,2022-11,-1,,,0.143702355275519,0.258846637820507
2022-12-13,2022-12,0,0.244696277919165,0.483981534288132,0.257164188609172,0.384836561868863
2022-12-14,2022-11,-1,,,0.143702355275519,0.258846637820507
2022-12-14,2022-12,0,0.244696277919165,0.483981534288132,0.257164188609172,0.384836561868863
2022-12-15,2022-11,-1,,,0.143702355275519,0.258846637820507
2022-12-15,2022-12,0,0.244696277919165,0.483981534288132,0.257164188609172,0.384836561868863
2022-12-16,2022-11,-1,,,0.143702355275519,0.258846637820507
2022-12-16,2022-12,0,0.244696277919165,0.483981534288132,0.257164188609172,0.384836561868863
2022-12-19,2022-11,-1,,,0.143702355275519,0.258846637820507
2022-12-19,2022-12,0,0.244696277919165,0.483981534288132,0.257164188609172,0.384836561868863
2022-12-20,2022-11,-1,,,0.143702355275519,0.258846637820507
2022-12-20,2022-12,0,0.16837939538097,0.483981534288132,0.212532742987971,0.384836561868863
2022-12-21,2022-11,-1,,,0.143702355275519,0.258846637820507
2022-12-21,2022-12,0,0.16837939538097,0.483981534288132,0.212532742987971,0.384836561868863
2022-12-22,2022-11,-1,,,0.143702355275519,0.258846637820507
2022-12-22,2022-12,0,0.16837939538097,0.483981534288132,0.212532742987971,0.384836561868863
2022-12-23,2022-12,0,0.16837939538097,0.483981534288132,0.213044541994921,0.382356739931006
2022-12-27,2022-12,0,0.16837939538097,0.483981534288132,0.213044541994921,0.382356739931006
2022-12-28,2022-12,0,0.121098241931858,0.483981534288132,0.18570744479042,0.382356739931006
2022-12-29,2022-12,0,0.121098241931858,0.483981534288132,0.18570744479042,0.382356739931006
2022-12-30,2022-12,0,0.121098241931858,0.483981534288132,0.18570744479042,0.382356739931006
2023-01-03,2022-12,-1,0.121098241931858,0.483981534288132,0.18570744479042,0.382356739931006
2023-01-03,2023-01,0,0.655603813066511,0.47749370824235,0.486724926236615,0.368908351597641
2023-01-04,2022-12,-1,0.121098241931858,0.483981534288132,0.18570744479042,0.382356739931006
2023-01-04,2023-01,0,0.495344084238797,0.47749370824235,0.394065685390357,0.368908351597641
2023-01-05,2022-12,-1,0.121098241931858,0.483981534288132,0.18570744479042,0.382356739931006
2023-01-05,2023-01,0,0.495344084238797,0.47749370824235,0.394065685390357,0.368908351597641
2023-01-06,2022-12,-1,0.121098241931858,0.483981534288132,0.18570744479042,0.382356739931006
2023-01-06,2023-01,0,0.495344084238797,0.47749370824235,0.394065685390357,0.368908351597641
2023-01-09,2022-12,-1,0.121098241931858,0.483981534288132,0.18570744479042,0.382356739931006
2023-01-09,2023-01,0,0.495344084238797,0.47749370824235,0.394065685390357,0.368908351597641
2023-01-10,2022-12,-1,0.121098241931858,0.483981534288132,0.18570744479042,0.382356739931006
2023-01-10,2023-01,0,0.518892544106646,0.47749370824235,0.407680973712722,0.368908351597641
2023-01-11,2022-12,-1,0.121098241931858,0.483981534288132,0.18570744479042,0.382356739931006
2023-01-11,2023-01,0,0.518892544106646,0.47749370824235,0.407680973712722,0.368908351597641
2023-01-12,2022-12,-1,,,0.0485915789187979,0.323029256237578
2023-01-12,2023-01,0,0.498551297309104,0.462378588272159,0.395952707847774,0.363964394623188
2023-01-13,2022-12,-1,,,0.0485915789187979,0.323029256237578
2023-01-13,2023-01,0,0.498551297309104,0.462378588272159,0.395952707847774,0.363964394623188
2023-01-17,2022-12,-1,,,0.0485915789187979,0.323029256237578
2023-01-17,2023-01,0,0.498551297309104,0.462378588272159,0.395952707847774,0.363964394623188
2023-01-18,2022-12,-1,,,0.0485915789187979,0.323029256237578
2023-01-18,2023-01,0,0.528264445038145,0.462378588272159,0.413531102628308,0.363964394623188
2023-01-19,2022-12,-1,,,0.0485915789187979,0.323029256237578
2023-01-19,2023-01,0,0.528264445038145,0.462378588272159,0.413531102628308,0.363964394623188
2023-01-20,2022-12,-1,,,0.0485915789187979,0.323029256237578
2023-01-20,2023-01,0,0.528264445038145,0.462378588272159,0.413531102628308,0.363964394623188
2023-01-23,2022-12,-1,,,0.0485915789187979,0.323029256237578
2023-01-23,2023-01,0,0.528264445038145,0.462378588272159,0.413531102628308,0.363964394623188
2023-01-24,2022-12,-1,,,0.0485915789187979,0.323029256237578
2023-01-24,2023-01,0,0.577126065748126,0.462378588272159,0.442437796267409,0.363964394623188
2023-01-25,2022-12,-1,,,0.0485915789187979,0.323029256237578
2023-01-25,2023-01,0,0.577126065748126,0.462378588272159,0.442437796267409,0.363964394623188
2023-01-26,2022-12,-1,,,0.0485915789187979,0.323029256237578
2023-01-26,2023-01,0,0.577126065748126,0.462378588272159,0.442437796267409,0.363964394623188
2023-01-27,2023-01,0,0.577126065748126,0.462378588272159,0.440651840979359,0.361018944472913
2023-01-30,2023-01,0,0.577126065748126,0.462378588272159,0.440651840979359,0.361018944472913
2023-01-31,2023-01,0,0.626251803326807,0.462378588272159,0.469451568482204,0.361018944472913
2023-02-01,2023-01,-1,0.626251803326807,0.462378588272159,0.469451568482204,0.361018944472913
2023-02-01,2023-02,0,0.600944338152598,0.452303659552568,0.451264191777308,0.351722750014162
2023-02-02,2023-01,-1,0.626251803326807,0.462378588272159,0.469451568482204,0.361018944472913
2023-02-02,2023-02,0,0.487977931714362,0.452303659552568,0.385038179044447,0.351722750014162
2023-02-03,2023-01,-1,0.626251803326807,0.462378588272159,0.469451568482204,0.361018944472913
2023-02-03,2023-02,0,0.491729583588695,0.452303659552568,0.387237566921184,0.351722750014162
2023-02-06,2023-01,-1,0.626251803326807,0.462378588272159,0.469451568482204,0.361018944472913
2023-02-06,2023-02,0,0.456158365817244,0.452303659552568,0.366384111497307,0.351722750014162
2023-02-07,2023-01,-1,0.626251803326807,0.462378588272159,0.469451568482204,0.361018944472913
2023-02-07,2023-02,0,0.677236720864377,0.452303659552568,0.495990234396473,0.351722750014162
2023-02-08,2023-01,-1,0.626251803326807,0.462378588272159,0.469451568482204,0.361018944472913
2023-02-08,2023-02,0,0.677236720864377,0.452303659552568,0.495990234396473,0.351722750014162
2023-02-09,2023-01,-1,0.626251803326807,0.462378588272159,0.469451568482204,0.361018944472913
2023-02-09,2023-02,0,0.677236720864377,0.452303659552568,0.495990234396473,0.351722750014162
2023-02-10,2023-01,-1,0.647054090382272,0.463402950713156,0.492477968889553,0.361018944472913
2023-02-10,2023-02,0,0.608574344002307,0.455297117623148,0.461255320623214,0.351722750014162
2023-02-13,2023-01,-1,0.647054090382272,0.463402950713156,0.492477968889553,0.361018944472913
2023-02-13,2023-02,0,0.608574344002307,0.455297117623148,0.461255320623214,0.351722750014162
2023-02-14,2023-01,-1,,,0.420444318262631,0.362602132390942
2023-02-14,2023-02,0,0.568014018967677,0.451013118219693,0.434417266946279,0.351854682340665
2023-02-15,2023-01,-1,,,0.420444318262631,0.362602132390942
2023-02-15,2023-02,0,0.568014018967677,0.451013118219693,0.434417266946279,0.351854682340665
2023-02-16,2023-01,-1,,,0.420444318262631,0.362602132390942
2023-02-16,2023-02,0,0.568014018967677,0.451013118219693,0.434417266946279,0.351854682340665
2023-02-17,2023-01,-1,,,0.420444318262631,0.362602132390942
2023-02-17,2023-02,0,0.568014018967677,0.451013118219693,0.434417266946279,0.351854682340665
2023-02-21,2023-01,-1,,,0.420444318262631,0.362602132390942
2023-02-21,2023-02,0,0.568014018967677,0.451013118219693,0.434417266946279,0.351854682340665
2023-02-22,2023-01,-1,,,0.420444318262631,0.362602132390942
2023-02-22,2023-02,0,0.554658458366899,0.451013118219693,0.424694343410745,0.351854682340665
2023-02-23,2023-01,-1,,,0.420444318262631,0.362602132390942
2023-02-23,2023-02,0,0.554658458366899,0.451013118219693,0.424694343410745,0.351854682340665
2023-02-24,2023-02,0,0.554658458366899,0.451013118219693,0.461503108244827,0.384128724400177
2023-02-27,2023-02,0,0.554658458366899,0.451013118219693,0.461503108244827,0.384128724400177
2023-02-28,2023-02,0,0.536749865743129,0.451013118219693,0.448737115338671,0.384128724400177
2023-03-01,2023-02,-1,0.536749865743129,0.451013118219693,0.448737115338671,0.384128724400177
2023-03-01,2023-03,0,0.261301263936878,0.449225223799249,0.251189214888144,0.385500420620596
2023-03-02,2023-02,-1,0.536749865743129,0.451013118219693,0.448737115338671,0.384128724400177
2023-03-02,2023-03,0,0.264820253883461,0.449225223799249,0.253697697918534,0.385500420620596
2023-03-03,2023-02,-1,0.536749865743129,0.451013118219693,0.448737115338671,0.384128724400177
2023-03-03,2023-03,0,0.280655708643081,0.449225223799249,0.264985871555291,0.385500420620596
2023-03-06,2023-02,-1,0.536749865743129,0.451013118219693,0.448737115338671,0.384128724400177
2023-03-06,2023-03,0,0.303268477373896,0.449225223799249,0.281105197695022,0.385500420620596
2023-03-07,2023-02,-1,0.536749865743129,0.451013118219693,0.448737115338671,0.384128724400177
2023-03-07,2023-03,0,0.273968995315779,0.449225223799249,0.260219302975886,0.385500420620596
2023-03-08,2023-02,-1,0.536749865743129,0.451013118219693,0.448737115338671,0.384128724400177
2023-03-08,2023-03,0,0.273968995315779,0.449225223799249,0.260219302975886,0.385500420620596
2023-03-09,2023-02,-1,0.536749865743129,0.451013118219693,0.448737115338671,0.384128724400177
2023-03-09,2023-03,0,0.273968995315779,0.449225223799249,0.260219302975886,0.385500420620596
2023-03-10,2023-02,-1,0.536749865743129,0.451013118219693,0.448737115338671,0.384128724400177
2023-03-10,2023-03,0,0.273968995315779,0.449225223799249,0.260219302975886,0.385500420620596
2023-03-13,2023-02,-1,0.536749865743129,0.451013118219693,0.448737115338671,0.384128724400177
2023-03-13,2023-03,0,0.273968995315779,0.449225223799249,0.260219302975886,0.385500420620596
2023-03-14,2023-02,-1,,,0.323226976878885,0.392966360283566
2023-03-14,2023-03,0,0.302372333778508,0.449301598993516,0.27985760235723,0.386236890277545
2023-03-15,2023-02,-1,,,0.323226976878885,0.392966360283566
2023-03-15,2023-03,0,0.302372333778508,0.449301598993516,0.27985760235723,0.386236890277545
2023-03-16,2023-02,-1,,,0.323226976878885,0.392966360283566
2023-03-16,2023-03,0,0.302372333778508,0.449301598993516,0.27985760235723,0.386236890277545
2023-03-17,2023-02,-1,,,0.323226976878885,0.392966360283566
2023-03-17,2023-03,0,0.302372333778508,0.449301598993516,0.27985760235723,0.386236890277545
2023-03-20,2023-02,-1,,,0.323226976878885,0.392966360283566
2023-03-20,2023-03,0,0.302372333778508,0.449301598993516,0.27985760235723,0.386236890277545
2023-03-21,2023-02,-1,,,0.323226976878885,0.392966360283566
2023-03-21,2023-03,0,0.301380018664686,0.449301598993516,0.279149238303677,0.386236890277545
2023-03-22,2023-02,-1,,,0.323226976878885,0.392966360283566
2023-03-22,2023-03,0,0.301380018664686,0.449301598993516,0.279149238303677,0.386236890277545
2023-03-23,2023-02,-1,,,0.323226976878885,0.392966360283566
2023-03-23,2023-03,0,0.301380018664686,0.449301598993516,0.279149238303677,0.386236890277545
2023-03-24,2023-02,-1,,,0.323226976878885,0.392966360283566
2023-03-24,2023-03,0,0.301380018664686,0.449301598993516,0.279149238303677,0.386236890277545
2023-03-27,2023-02,-1,,,0.323226976878885,0.392966360283566
2023-03-27,2023-03,0,0.301380018664686,0.449301598993516,0.279149238303677,0.386236890277545
2023-03-28,2023-02,-1,,,0.323226976878885,0.392966360283566
2023-03-28,2023-03,0,0.300586166573628,0.449301598993516,0.278582547060835,0.386236890277545
2023-03-29,2023-02,-1,,,0.323226976878885,0.392966360283566
2023-03-29,2023-03,0,0.300586166573628,0.449301598993516,0.278582547060835,0.386236890277545
2023-03-30,2023-02,-1,,,0.323226976878885,0.392966360283566
2023-03-30,2023-03,0,0.300586166573628,0.449301598993516,0.278582547060835,0.386236890277545
2023-03-31,2023-03,0,0.300586166573628,0.449301598993516,0.268354746520797,0.375358481724042
2023-04-03,2023-03,-1,0.300586166573628,0.449301598993516,0.268354746520797,0.375358481724042
2023-04-03,2023-04,0,0.367358254881836,0.46074393798634,0.30450381896653,0.375974053673331
2023-04-04,2023-03,-1,0.300586166573628,0.449301598993516,0.268354746520797,0.375358481724042
2023-04-04,2023-04,0,0.49977229092452,0.46074393798634,0.3991619508215,0.375974053673331
2023-04-05,2023-03,-1,0.300586166573628,0.449301598993516,0.268354746520797,0.375358481724042
2023-04-05,2023-04,0,0.49977229092452,0.46074393798634,0.3991619508215,0.375974053673331
2023-04-06,2023-03,-1,0.300586166573628,0.449301598993516,0.268354746520797,0.375358481724042
2023-04-06,2023-04,0,0.49977229092452,0.46074393798634,0.3991619508215,0.375974053673331
2023-04-07,2023-03,-1,0.300586166573628,0.449301598993516,0.268354746520797,0.375358481724042
2023-04-07,2023-04,0,0.49977229092452,0.46074393798634,0.3991619508215,0.375974053673331
2023-04-10,2023-03,-1,0.300586166573628,0.449301598993516,0.268354746520797,0.375358481724042
2023-04-10,2023-04,0,0.49977229092452,0.46074393798634,0.3991619508215,0.375974053673331
2023-04-11,2023-03,-1,0.300586166573628,0.449301598993516,0.268354746520797,0.375358481724042
2023-04-11,2023-04,0,0.556973643006596,0.46074393798634,0.440053183273038,0.375974053673331
2023-04-12,2023-03,-1,,,0.0799102479695164,0.352932941589209
2023-04-12,2023-04,0,0.54092116866527,0.455367123106556,0.426411567961364,0.374105258662095
2023-04-13,2023-03,-1,,,0.0799102479695164,0.352932941589209
2023-04-13,2023-04,0,0.54092116866527,0.455367123106556,0.426411567961364,0.374105258662095
2023-04-14,2023-03,-1,,,0.0799102479695164,0.352932941589209
2023-04-14,2023-04,0,0.54092116866527,0.455367123106556,0.426411567961364,0.374105258662095
2023-04-17,2023-03,-1,,,0.0799102479695164,0.352932941589209
2023-04-17,2023-04,0,0.54092116866527,0.455367123106556,0.426411567961364,0.374105258662095
2023-04-18,2023-03,-1,,,0.0799102479695164,0.352932941589209
2023-04-18,2023-04,0,0.586921564470407,0.455367123106556,0.458955757435409,0.374105258662095
2023-04-19,2023-03,-1,,,0.0799102479695164,0.352932941589209
2023-04-19,2023-04,0,0.586921564470407,0.455367123106556,0.458955757435409,0.374105258662095
2023-04-20,2023-03,-1,,,0.0799102479695164,0.352932941589209
2023-04-20,2023-04,0,0.586921564470407,0.455367123106556,0.458955757435409,0.374105258662095
2023-04-21,2023-03,-1,,,0.0799102479695164,0.352932941589209
2023-04-21,2023-04,0,0.586921564470407,0.455367123106556,0.458955757435409,0.374105258662095
2023-04-24,2023-03,-1,,,0.0799102479695164,0.352932941589209
2023-04-24,2023-04,0,0.586921564470407,0.455367123106556,0.458955757435409,0.374105258662095
2023-04-25,2023-03,-1,,,0.0799102479695164,0.352932941589209
2023-04-25,2023-04,0,0.608716511827863,0.455367123106556,0.474375165985338,0.374105258662095
2023-04-26,2023-03,-1,,,0.0799102479695164,0.352932941589209
2023-04-26,2023-04,0,0.608716511827863,0.455367123106556,0.474375165985338,0.374105258662095
2023-04-27,2023-03,-1,,,0.0799102479695164,0.352932941589209
2023-04-27,2023-04,0,0.608716511827863,0.455367123106556,0.474375165985338,0.374105258662095
2023-04-28,2023-04,0,0.608716511827863,0.455367123106556,0.479711437077888,0.375398293566988
2023-05-01,2023-04,-1,0.608716511827863,0.455367123106556,0.479711437077888,0.375398293566988
2023-05-01,2023-05,0,0.04167717668721,0.453989616142685,0.0818919957754272,0.380719237504096
2023-05-02,2023-04,-1,0.608716511827863,0.455367123106556,0.479711437077888,0.375398293566988
2023-05-02,2023-05,0,0.25887730480674,0.453989616142685,0.235654712081635,0.380719237504096
2023-05-03,2023-04,-1,0.608716511827863,0.455367123106556,0.479711437077888,0.375398293566988
2023-05-03,2023-05,0,0.25887730480674,0.453989616142685,0.235654712081635,0.380719237504096
2023-05-04,2023-04,-1,0.608716511827863,0.455367123106556,0.479711437077888,0.375398293566988
2023-05-04,2023-05,0,0.25887730480674,0.453989616142685,0.235654712081635,0.380719237504096
2023-05-05,2023-04,-1,0.608716511827863,0.455367123106556,0.479711437077888,0.375398293566988
2023-05-05,2023-05,0,0.25887730480674,0.453989616142685,0.235654712081635,0.380719237504096
2023-05-08,2023-04,-1,0.608716511827863,0.455367123106556,0.479711437077888,0.375398293566988
2023-05-08,2023-05,0,0.25887730480674,0.453989616142685,0.235654712081635,0.380719237504096
2023-05-09,2023-04,-1,0.608716511827863,0.455367123106556,0.479711437077888,0.375398293566988
2023-05-09,2023-05,0,0.220413710471735,0.453989616142685,0.208425139083429,0.380719237504096
2023-05-10,2023-04,-1,,,0.310441715566232,0.359118531228337
2023-05-10,2023-05,0,0.203946021297598,0.45014120706102,0.200564058444982,0.379362590642542
2023-05-11,2023-04,-1,,,0.310441715566232,0.359118531228337
2023-05-11,2023-05,0,0.203946021297598,0.45014120706102,0.200564058444982,0.379362590642542
2023-05-12,2023-04,-1,,,0.310441715566232,0.359118531228337
2023-05-12,2023-05,0,0.203946021297598,0.45014120706102,0.200564058444982,0.379362590642542
2023-05-15,2023-04,-1,,,0.310441715566232,0.359118531228337
2023-05-15,2023-05,0,0.203946021297598,0.45014120706102,0.200564058444982,0.379362590642542
2023-05-16,2023-04,-1,,,0.310441715566232,0.359118531228337
2023-05-16,2023-05,0,0.19239065615902,0.45014120706102,0.192491221614238,0.379362590642542
2023-05-17,2023-04,-1,,,0.310441715566232,0.359118531228337
2023-05-17,2023-05,0,0.19239065615902,0.45014120706102,0.192491221614238,0.379362590642542
2023-05-18,2023-04,-1,,,0.310441715566232,0.359118531228337
2023-05-18,2023-05,0,0.19239065615902,0.45014120706102,0.192491221614238,0.379362590642542
2023-05-19,2023-04,-1,,,0.310441715566232,0.359118531228337
2023-05-19,2023-05,0,0.19239065615902,0.45014120706102,0.192491221614238,0.379362590642542
2023-05-22,2023-04,-1,,,0.310441715566232,0.359118531228337
2023-05-22,2023-05,0,0.19239065615902,0.45014120706102,0.192491221614238,0.379362590642542
2023-05-23,2023-04,-1,,,0.310441715566232,0.359118531228337
2023-05-23,2023-05,0,0.186044676943572,0.45014120706102,0.188057778436698,0.379362590642542
2023-05-24,2023-04,-1,,,0.310441715566232,0.359118531228337
2023-05-24,2023-05,0,0.186044676943572,0.45014120706102,0.188057778436698,0.379362590642542
2023-05-25,2023-04,-1,,,0.310441715566232,0.359118531228337
2023-05-25,2023-05,0,0.186044676943572,0.45014120706102,0.188057778436698,0.379362590642542
2023-05-26,2023-05,0,0.186044676943572,0.45014120706102,0.193323783887731,0.383356558082957
2023-05-30,2023-05,0,0.186044676943572,0.45014120706102,0.193323783887731,0.383356558082957
2023-05-31,2023-05,0,0.191102517094392,0.45014120706102,0.196876388845981,0.383356558082957
2023-06-01,2023-05,-1,0.191102517094392,0.45014120706102,0.196876388845981,0.383356558082957
2023-06-01,2023-06,0,0.186413249807683,0.434825362778396,0.203793823248257,0.384026475851035
2023-06-02,2023-05,-1,0.191102517094392,0.45014120706102,0.196876388845981,0.383356558082957
2023-06-02,2023-06,0,0.256499592852785,0.434825362778396,0.253022166252981,0.384026475851035
2023-06-05,2023-05,-1,0.191102517094392,0.45014120706102,0.196876388845981,0.383356558082957
2023-06-05,2023-06,0,0.278020671016091,0.434825362778396,0.268138478099541,0.384026475851035
2023-06-06,2023-05,-1,0.191102517094392,0.45014120706102,0.196876388845981,0.383356558082957
2023-06-06,2023-06,0,0.394616465603693,0.434825362778396,0.350034857900285,0.384026475851035
2023-06-07,2023-05,-1,0.191102517094392,0.45014120706102,0.196876388845981,0.383356558082957
2023-06-07,2023-06,0,0.394616465603693,0.434825362778396,0.350034857900285,0.384026475851035
2023-06-08,2023-05,-1,0.191102517094392,0.45014120706102,0.196876388845981,0.383356558082957
2023-06-08,2023-06,0,0.394616465603693,0.434825362778396,0.350034857900285,0.384026475851035
2023-06-09,2023-05,-1,0.191102517094392,0.45014120706102,0.196876388845981,0.383356558082957
2023-06-09,2023-06,0,0.394616465603693,0.434825362778396,0.350034857900285,0.384026475851035
2023-06-12,2023-05,-1,0.191102517094392,0.45014120706102,0.196876388845981,0.383356558082957
2023-06-12,2023-06,0,0.394616465603693,0.434825362778396,0.350034857900285,0.384026475851035
2023-06-13,2023-05,-1,,,0.134158052473966,0.375492842412755
2023-06-13,2023-06,0,0.420073402250647,0.433611798721469,0.364761532332048,0.383371166211852
2023-06-14,2023-05,-1,,,0.134158052473966,0.375492842412755
2023-06-14,2023-06,0,0.420073402250647,0.433611798721469,0.364761532332048,0.383371166211852
2023-06-15,2023-05,-1,,,0.134158052473966,0.375492842412755
2023-06-15,2023-06,0,0.420073402250647,0.433611798721469,0.364761532332048,0.383371166211852
2023-06-16,2023-05,-1,,,0.134158052473966,0.375492842412755
2023-06-16,2023-06,0,0.420073402250647,0.433611798721469,0.364761532332048,0.383371166211852
2023-06-20,2023-05,-1,,,0.134158052473966,0.375492842412755
2023-06-20,2023-06,0,0.420073402250647,0.433611798721469,0.364761532332048,0.383371166211852
2023-06-21,2023-05,-1,,,0.134158052473966,0.375492842412755
2023-06-21,2023-06,0,0.423509556051433,0.433611798721469,0.367182821152966,0.383371166211852
2023-06-22,2023-05,-1,,,0.134158052473966,0.375492842412755
2023-06-22,2023-06,0,0.423509556051433,0.433611798721469,0.367182821152966,0.383371166211852
2023-06-23,2023-05,-1,,,0.134158052473966,0.375492842412755
2023-06-23,2023-06,0,0.423509556051433,0.433611798721469,0.367182821152966,0.383371166211852
2023-06-26,2023-05,-1,,,0.134158052473966,0.375492842412755
2023-06-26,2023-06,0,0.423509556051433,0.433611798721469,0.367182821152966,0.383371166211852
2023-06-27,2023-05,-1,,,0.134158052473966,0.375492842412755
2023-06-27,2023-06,0,0.423795902201497,0.433611798721469,0.367384595221376,0.383371166211852
2023-06-28,2023-05,-1,,,0.134158052473966,0.375492842412755
2023-06-28,2023-06,0,0.423795902201497,0.433611798721469,0.367384595221376,0.383371166211852
2023-06-29,2023-05,-1,,,0.134158052473966,0.375492842412755
2023-06-29,2023-06,0,0.423795902201497,0.433611798721469,0.367384595221376,0.383371166211852
2023-06-30,2023-06,0,0.423795902201497,0.433611798721469,0.364897094626138,0.376862797920574
2023-07-03,2023-06,-1,0.423795902201497,0.433611798721469,0.364897094626138,0.376862797920574
2023-07-03,2023-07,0,0.275192921893271,0.419389857589857,0.250307902003179,0.355881947001637
2023-07-05,2023-06,-1,0.423795902201497,0.433611798721469,0.364897094626138,0.376862797920574
2023-07-05,2023-07,0,0.344649667317929,0.419389857589857,0.298829265701477,0.355881947001637
2023-07-06,2023-06,-1,0.423795902201497,0.433611798721469,0.364897094626138,0.376862797920574
2023-07-06,2023-07,0,0.344649667317929,0.419389857589857,0.298829265701477,0.355881947001637
2023-07-07,2023-06,-1,0.423795902201497,0.433611798721469,0.364897094626138,0.376862797920574
2023-07-07,2023-07,0,0.344649667317929,0.419389857589857,0.298829265701477,0.355881947001637
2023-07-10,2023-06,-1,0.423795902201497,0.433611798721469,0.364897094626138,0.376862797920574
2023-07-10,2023-07,0,0.344649667317929,0.419389857589857,0.298829265701477,0.355881947001637
2023-07-11,2023-06,-1,0.423795902201497,0.433611798721469,0.364897094626138,0.376862797920574
2023-07-11,2023-07,0,0.356047398257686,0.419389857589857,0.306791536966594,0.355881947001637
2023-07-12,2023-06,-1,,,0.175862256645477,0.214973228223444
2023-07-12,2023-07,0,0.337836100083504,0.396385338143237,0.291489626433366,0.342391149526876
2023-07-13,2023-06,-1,,,0.175862256645477,0.214973228223444
2023-07-13,2023-07,0,0.337836100083504,0.396385338143237,0.291489626433366,0.342391149526876
2023-07-14,2023-06,-1,,,0.175862256645477,0.214973228223444
2023-07-14,2023-07,0,0.337836100083504,0.396385338143237,0.291489626433366,0.342391149526876
2023-07-17,2023-06,-1,,,0.175862256645477,0.214973228223444
2023-07-17,2023-07,0,0.337836100083504,0.396385338143237,0.291489626433366,0.342391149526876
2023-07-18,2023-06,-1,,,0.175862256645477,0.214973228223444
2023-07-18,2023-07,0,0.346669549606626,0.396385338143237,0.297640458546859,0.342391149526876
2023-07-19,2023-06,-1,,,0.175862256645477,0.214973228223444
2023-07-19,2023-07,0,0.346669549606626,0.396385338143237,0.297640458546859,0.342391149526876
2023-07-20,2023-06,-1,,,0.175862256645477,0.214973228223444
2023-07-20,2023-07,0,0.346669549606626,0.396385338143237,0.297640458546859,0.342391149526876
2023-07-21,2023-06,-1,,,0.175862256645477,0.214973228223444
2023-07-21,2023-07,0,0.346669549606626,0.396385338143237,0.297640458546859,0.342391149526876
2023-07-24,2023-06,-1,,,0.175862256645477,0.214973228223444
2023-07-24,2023-07,0,0.346669549606626,0.396385338143237,0.297640458546859,0.342391149526876
2023-07-25,2023-06,-1,,,0.175862256645477,0.214973228223444
2023-07-25,2023-07,0,0.361167928715229,0.396385338143237,0.307735846037483,0.342391149526876
2023-07-26,2023-06,-1,,,0.175862256645477,0.214973228223444
2023-07-26,2023-07,0,0.361167928715229,0.396385338143237,0.307735846037483,0.342391149526876
2023-07-27,2023-06,-1,,,0.175862256645477,0.214973228223444
2023-07-27,2023-07,0,0.361167928715229,0.396385338143237,0.307735846037483,0.342391149526876
2023-07-28,2023-07,0,0.361167928715229,0.396385338143237,0.305092845176172,0.335461303642555
2023-07-31,2023-07,0,0.361167928715229,0.396385338143237,0.305092845176172,0.335461303642555
2023-08-01,2023-07,-1,0.406276130736562,0.396385338143237,0.336841282678256,0.335461303642555
2023-08-01,2023-08,0,0.640971350655364,0.403681976309526,0.516000634947584,0.357061179082941
2023-08-02,2023-07,-1,0.406276130736562,0.396385338143237,0.336841282678256,0.335461303642555
2023-08-02,2023-08,0,0.640588817811312,0.403681976309526,0.515731397435388,0.357061179082941
2023-08-03,2023-07,-1,0.406276130736562,0.396385338143237,0.336841282678256,0.335461303642555
2023-08-03,2023-08,0,0.599849069919812,0.403681976309526,0.487057602386492,0.357061179082941
2023-08-04,2023-07,-1,0.406276130736562,0.396385338143237,0.336841282678256,0.335461303642555
2023-08-04,2023-08,0,0.615851693895973,0.403681976309526,0.498320704980033,0.357061179082941
2023-08-07,2023-07,-1,0.406276130736562,0.396385338143237,0.336841282678256,0.335461303642555
2023-08-07,2023-08,0,0.635902790471679,0.403681976309526,0.512433237910984,0.357061179082941
2023-08-08,2023-07,-1,0.406276130736562,0.396385338143237,0.336841282678256,0.335461303642555
2023-08-08,2023-08,0,0.792889018014915,0.403681976309526,0.622924616651532,0.357061179082941
2023-08-09,2023-07,-1,0.406276130736562,0.396385338143237,0.336841282678256,0.335461303642555
2023-08-09,2023-08,0,0.792889018014915,0.403681976309526,0.622924616651532,0.357061179082941
2023-08-10,2023-07,-1,,,0.163077221734189,0.197330609957322
2023-08-10,2023-08,0,0.773037839170409,0.383948211586038,0.609481307830915,0.345550287942505
2023-08-11,2023-07,-1,,,0.163077221734189,0.197330609957322
2023-08-11,2023-08,0,0.773037839170409,0.383948211586038,0.609481307830915,0.345550287942505
2023-08-14,2023-07,-1,,,0.163077221734189,0.197330609957322
2023-08-14,2023-08,0,0.773037839170409,0.383948211586038,0.609481307830915,0.345550287942505
2023-08-15,2023-07,-1,,,0.163077221734189,0.197330609957322
2023-08-15,2023-08,0,0.785627148426092,0.383948211586038,0.618318397396135,0.345550287942505
2023-08-16,2023-07,-1,,,0.163077221734189,0.197330609957322
2023-08-16,2023-08,0,0.785627148426092,0.383948211586038,0.618318397396135,0.345550287942505
2023-08-17,2023-07,-1,,,0.163077221734189,0.197330609957322
2023-08-17,2023-08,0,0.785627148426092,0.383948211586038,0.618318397396135,0.345550287942505
2023-08-18,2023-07,-1,,,0.163077221734189,0.197330609957322
2023-08-18,2023-08,0,0.785627148426092,0.383948211586038,0.618318397396135,0.345550287942505
2023-08-21,2023-07,-1,,,0.163077221734189,0.197330609957322
2023-08-21,2023-08,0,0.785627148426092,0.383948211586038,0.618318397396135,0.345550287942505
2023-08-22,2023-07,-1,,,0.163077221734189,0.197330609957322
2023-08-22,2023-08,0,0.798216457681776,0.383948211586038,0.627155486961355,0.345550287942505
2023-08-23,2023-07,-1,,,0.163077221734189,0.197330609957322
2023-08-23,2023-08,0,0.798216457681776,0.383948211586038,0.627155486961355,0.345550287942505
2023-08-24,2023-07,-1,,,0.163077221734189,0.197330609957322
2023-08-24,2023-08,0,0.798216457681776,0.383948211586038,0.627155486961355,0.345550287942505
2023-08-25,2023-07,-1,,,0.163077221734189,0.197330609957322
2023-08-25,2023-08,0,0.798216457681776,0.383948211586038,0.627155486961355,0.345550287942505
2023-08-28,2023-07,-1,,,0.163077221734189,0.197330609957322
2023-08-28,2023-08,0,0.798216457681776,0.383948211586038,0.627155486961355,0.345550287942505
2023-08-29,2023-07,-1,,,0.163077221734189,0.197330609957322
2023-08-29,2023-08,0,0.789346717069817,0.383948211586038,0.620929355676768,0.345550287942505
2023-08-30,2023-07,-1,,,0.163077221734189,0.197330609957322
2023-08-30,2023-08,0,0.789346717069817,0.383948211586038,0.620929355676769,0.345550287942505
2023-08-31,2023-08,0,0.789346717069817,0.383948211586038,0.625174738953018,0.34650575287315
2023-09-01,2023-08,-1,0.789346717069817,0.383948211586038,0.625174738953018,0.34650575287315
2023-09-01,2023-09,0,0.355375285146603,0.367513503977328,0.314750337858752,0.329509796604644
2023-09-05,2023-08,-1,0.789346717069817,0.383948211586038,0.625174738953018,0.34650575287315
2023-09-05,2023-09,0,0.446524301559672,0.367513503977328,0.378936029991843,0.329509796604644
2023-09-06,2023-08,-1,0.789346717069817,0.383948211586038,0.625174738953018,0.34650575287315
2023-09-06,2023-09,0,0.375377684166245,0.367513503977328,0.328835710097764,0.329509796604644
2023-09-07,2023-08,-1,0.789346717069817,0.383948211586038,0.625174738953018,0.34650575287315
2023-09-07,2023-09,0,0.375377684166245,0.367513503977328,0.328835710097764,0.329509796604644
2023-09-08,2023-08,-1,0.789346717069817,0.383948211586038,0.625174738953018,0.34650575287315
2023-09-08,2023-09,0,0.375377684166245,0.367513503977328,0.328835710097764,0.329509796604644
2023-09-11,2023-08,-1,0.789346717069817,0.383948211586038,0.625174738953018,0.34650575287315
2023-09-11,2023-09,0,0.375377684166245,0.367513503977328,0.328835710097764,0.329509796604644
2023-09-12,2023-08,-1,0.789346717069817,0.383948211586038,0.625174738953018,0.34650575287315
2023-09-12,2023-09,0,0.383973554281745,0.367513503977328,0.334888785540172,0.329509796604644
2023-09-13,2023-08,-1,,,0.511950165689928,0.269781389234021
2023-09-13,2023-09,0,0.364552399352323,0.358725861966784,0.326905490438691,0.323116099634717
2023-09-14,2023-08,-1,,,0.511950165689928,0.269781389234021
2023-09-14,2023-09,0,0.364552399352323,0.358725861966784,0.326905490438691,0.323116099634717
2023-09-15,2023-08,-1,,,0.511950165689928,0.269781389234021
2023-09-15,2023-09,0,0.364552399352323,0.358725861966784,0.326905490438691,0.323116099634717
2023-09-18,2023-08,-1,,,0.511950165689928,0.269781389234021
2023-09-18,2023-09,0,0.364552399352323,0.358725861966784,0.326905490438691,0.323116099634717
2023-09-19,2023-08,-1,,,0.511950165689928,0.269781389234021
2023-09-19,2023-09,0,0.388585645486688,0.358725861966784,0.343895659513775,0.323116099634717
2023-09-20,2023-08,-1,,,0.511950165689928,0.269781389234021
2023-09-20,2023-09,0,0.388585645486688,0.358725861966784,0.343895659513775,0.323116099634717
2023-09-21,2023-08,-1,,,0.511950165689928,0.269781389234021
2023-09-21,2023-09,0,0.388585645486688,0.358725861966784,0.343895659513775,0.323116099634717
2023-09-22,2023-08,-1,,,0.511950165689928,0.269781389234021
2023-09-22,2023-09,0,0.388585645486688,0.358725861966784,0.343895659513775,0.323116099634717
2023-09-25,2023-08,-1,,,0.511950165689928,0.269781389234021
2023-09-25,2023-09,0,0.388585645486688,0.358725861966784,0.343895659513775,0.323116099634717
2023-09-26,2023-08,-1,,,0.511950165689928,0.269781389234021
2023-09-26,2023-09,0,0.39052951098285,0.358725861966784,0.345269864365436,0.323116099634717
2023-09-27,2023-08,-1,,,0.511950165689928,0.269781389234021
2023-09-27,2023-09,0,0.39052951098285,0.358725861966784,0.345269864365436,0.323116099634717
2023-09-28,2023-08,-1,,,0.511950165689928,0.269781389234021
2023-09-28,2023-09,0,0.39052951098285,0.358725861966784,0.345269864365436,0.323116099634717
2023-09-29,2023-09,0,0.39052951098285,0.358725861966784,0.340000719560149,0.317485945818378
2023-10-02,2023-09,-1,0.39052951098285,0.358725861966784,0.340000719560149,0.317485945818378
2023-10-02,2023-10,0,0.286046863335773,0.340862421041384,0.275354007106822,0.305734733388898
2023-10-03,2023-09,-1,0.39052951098285,0.358725861966784,0.340000719560149,0.317485945818378
2023-10-03,2023-10,0,0.271764582305195,0.340862421041384,0.266517029486133,0.305734733388898
2023-10-04,2023-09,-1,0.39052951098285,0.358725861966784,0.340000719560149,0.317485945818378
2023-10-04,2023-10,0,0.271764582305195,0.340862421041384,0.266517029486133,0.305734733388898
2023-10-05,2023-09,-1,0.39052951098285,0.358725861966784,0.340000719560149,0.317485945818378
2023-10-05,2023-10,0,0.271764582305195,0.340862421041384,0.266517029486133,0.305734733388898
2023-10-06,2023-09,-1,0.39052951098285,0.358725861966784,0.340000719560149,0.317485945818378
2023-10-06,2023-10,0,0.271764582305195,0.340862421041384,0.266517029486133,0.305734733388898
2023-10-10,2023-09,-1,0.39052951098285,0.358725861966784,0.340000719560149,0.317485945818378
2023-10-10,2023-10,0,0.271764582305195,0.340862421041384,0.266517029486133,0.305734733388898
2023-10-11,2023-09,-1,0.39052951098285,0.358725861966784,0.340000719560149,0.317485945818378
2023-10-11,2023-10,0,0.210318249379381,0.340862421041384,0.228497901604793,0.305734733388898
2023-10-12,2023-09,-1,,,0.346915789822249,0.291825016284671
2023-10-12,2023-10,0,0.20916937556771,0.33787974828459,0.22848388632613,0.303596322594423
2023-10-13,2023-09,-1,,,0.346915789822249,0.291825016284671
2023-10-13,2023-10,0,0.20916937556771,0.33787974828459,0.22848388632613,0.303596322594423
2023-10-16,2023-09,-1,,,0.346915789822249,0.291825016284671
2023-10-16,2023-10,0,0.20916937556771,0.33787974828459,0.22848388632613,0.303596322594423
2023-10-17,2023-09,-1,,,0.346915789822249,0.291825016284671
2023-10-17,2023-10,0,0.150311381048502,0.33787974828459,0.192054155367809,0.303596322594423
2023-10-18,2023-09,-1,,,0.346915789822249,0.291825016284671
2023-10-18,2023-10,0,0.150311381048502,0.33787974828459,0.192054155367809,0.303596322594423
2023-10-19,2023-09,-1,,,0.346915789822249,0.291825016284671
2023-10-19,2023-10,0,0.150311381048502,0.33787974828459,0.192054155367809,0.303596322594423
2023-10-20,2023-09,-1,,,0.346915789822249,0.291825016284671
2023-10-20,2023-10,0,0.150311381048502,0.33787974828459,0.192054155367809,0.303596322594423
2023-10-23,2023-09,-1,,,0.346915789822249,0.291825016284671
2023-10-23,2023-10,0,0.150311381048502,0.33787974828459,0.192054155367809,0.303596322594423
2023-10-24,2023-09,-1,,,0.346915789822249,0.291825016284671
2023-10-24,2023-10,0,0.1086498487834,0.33787974828459,0.166268050623213,0.303596322594423
2023-10-25,2023-09,-1,,,0.346915789822249,0.291825016284671
2023-10-25,2023-10,0,0.1086498487834,0.33787974828459,0.166268050623213,0.303596322594423
2023-10-26,2023-09,-1,,,0.346915789822249,0.291825016284671
2023-10-26,2023-10,0,0.1086498487834,0.33787974828459,0.166268050623213,0.303596322594423
2023-10-27,2023-10,0,0.1086498487834,0.33787974828459,0.16432420974422,0.301434440420558
2023-10-30,2023-10,0,0.1086498487834,0.33787974828459,0.16432420974422,0.301434440420558
2023-10-31,2023-10,0,0.0708885450707759,0.33787974828459,0.140953928142109,0.301434440420558
2023-11-01,2023-10,-1,0.0708885450707759,0.33787974828459,0.140953928142109,0.301434440420558
2023-11-01,2023-11,0,0.193770395594919,0.338271558223249,0.213729014396765,0.297668315359685
2023-11-02,2023-10,-1,0.0708885450707759,0.33787974828459,0.140953928142109,0.301434440420558
2023-11-02,2023-11,0,0.181827728748272,0.338271558223249,0.206337757743911,0.297668315359685
2023-11-03,2023-10,-1,0.0708885450707759,0.33787974828459,0.140953928142109,0.301434440420558
2023-11-03,2023-11,0,0.219581965876384,0.338271558223249,0.229703665872287,0.297668315359685
2023-11-06,2023-10,-1,0.0708885450707759,0.33787974828459,0.140953928142109,0.301434440420558
2023-11-06,2023-11,0,0.204814152033755,0.338271558223249,0.220563939903705,0.297668315359685
2023-11-07,2023-10,-1,0.0708885450707759,0.33787974828459,0.140953928142109,0.301434440420558
2023-11-07,2023-11,0,0.0755396564435581,0.338271558223249,0.14055660252717,0.297668315359685
2023-11-08,2023-10,-1,0.0708885450707759,0.33787974828459,0.140953928142109,0.301434440420558
2023-11-08,2023-11,0,0.0755396564435581,0.338271558223249,0.14055660252717,0.297668315359685
2023-11-09,2023-10,-1,0.0708885450707759,0.33787974828459,0.140953928142109,0.301434440420558
2023-11-09,2023-11,0,0.0755396564435581,0.338271558223249,0.14055660252717,0.297668315359685
2023-11-10,2023-10,-1,0.0708885450707759,0.33787974828459,0.140953928142109,0.301434440420558
2023-11-10,2023-11,0,0.0755396564435581,0.338271558223249,0.14055660252717,0.297668315359685
2023-11-13,2023-10,-1,0.0708885450707759,0.33787974828459,0.140953928142109,0.301434440420558
2023-11-13,2023-11,0,0.0755396564435581,0.338271558223249,0.14055660252717,0.297668315359685
2023-11-14,2023-10,-1,,,0.108786331144772,0.224659064130594
2023-11-14,2023-11,0,0.050593797027782,0.32899937716366,0.12243318261618,0.291270367335521
2023-11-15,2023-10,-1,,,0.108786331144772,0.224659064130594
2023-11-15,2023-11,0,0.050593797027782,0.32899937716366,0.12243318261618,0.291270367335521
2023-11-16,2023-10,-1,,,0.108786331144772,0.224659064130594
2023-11-16,2023-11,0,0.050593797027782,0.32899937716366,0.12243318261618,0.291270367335521
2023-11-17,2023-10,-1,,,0.108786331144772,0.224659064130594
2023-11-17,2023-11,0,0.050593797027782,0.32899937716366,0.12243318261618,0.291270367335521
2023-11-20,2023-10,-1,,,0.108786331144772,0.224659064130594
2023-11-20,2023-11,0,0.050593797027782,0.32899937716366,0.12243318261618,0.291270367335521
2023-11-21,2023-10,-1,,,0.108786331144772,0.224659064130594
2023-11-21,2023-11,0,0.0201764971275054,0.32899937716366,0.103531442026589,0.291270367335521
2023-11-22,2023-10,-1,,,0.108786331144772,0.224659064130594
2023-11-22,2023-11,0,0.0201764971275054,0.32899937716366,0.103531442026589,0.291270367335521
2023-11-24,2023-10,-1,,,0.108786331144772,0.224659064130594
2023-11-24,2023-11,0,0.0201764971275054,0.32899937716366,0.103531442026589,0.291270367335521
2023-11-27,2023-10,-1,,,0.108786331144772,0.224659064130594
2023-11-27,2023-11,0,0.0201764971275054,0.32899937716366,0.103531442026589,0.291270367335521
2023-11-28,2023-10,-1,,,0.108786331144772,0.224659064130594
2023-11-28,2023-11,0,-0.0091347191400327,0.32899937716366,0.0853170374584392,0.291270367335521
2023-11-29,2023-10,-1,,,0.108786331144772,0.224659064130594
2023-11-29,2023-11,0,-0.0091347191400327,0.32899937716366,0.0853170374584392,0.291270367335521
2023-11-30,2023-11,0,-0.0091347191400327,0.32899937716366,0.0787454064342265,0.284152969240916
2023-12-01,2023-11,-1,-0.0091347191400327,0.32899937716366,0.0787454064342265,0.284152969240916
2023-12-01,2023-12,0,0.524279534394402,0.330580773847992,0.40996919004256,0.284143253639879
2023-12-04,2023-11,-1,-0.0091347191400327,0.32899937716366,0.0787454064342265,0.284152969240916
2023-12-04,2023-12,0,0.442100673174215,0.330580773847992,0.35882198368483,0.284143253639879
2023-12-05,2023-11,-1,-0.0091347191400327,0.32899937716366,0.0787454064342265,0.284152969240916
2023-12-05,2023-12,0,0.411757784310596,0.330580773847992,0.339936908190306,0.284143253639879
2023-12-06,2023-11,-1,-0.0091347191400327,0.32899937716366,0.0787454064342264,0.284152969240916
2023-12-06,2023-12,0,0.411757784310596,0.330580773847992,0.339936908190306,0.284143253639879
2023-12-07,2023-11,-1,-0.0091347191400327,0.32899937716366,0.0787454064342265,0.284152969240916
2023-12-07,2023-12,0,0.411757784310596,0.330580773847992,0.339936908190306,0.284143253639879
2023-12-08,2023-11,-1,-0.0091347191400327,0.32899937716366,0.0787454064342265,0.284152969240916
2023-12-08,2023-12,0,0.411757784310596,0.330580773847992,0.339936908190306,0.284143253639879
2023-12-11,2023-11,-1,-0.0091347191400327,0.32899937716366,0.0787454064342265,0.284152969240916
2023-12-11,2023-12,0,0.411757784310596,0.330580773847992,0.339936908190306,0.284143253639879
2023-12-12,2023-11,-1,,,0.135560470052077,0.255682864976237
2023-12-12,2023-12,0,0.359939622638977,0.326876950609839,0.306984164586241,0.281770744951156
2023-12-13,2023-11,-1,,,0.135560470052077,0.255682864976237
2023-12-13,2023-12,0,0.359939622638977,0.326876950609839,0.306984164586241,0.281770744951156
2023-12-14,2023-11,-1,,,0.135560470052077,0.255682864976237
2023-12-14,2023-12,0,0.359939622638977,0.326876950609839,0.306984164586241,0.281770744951156
2023-12-15,2023-11,-1,,,0.135560470052077,0.255682864976237
2023-12-15,2023-12,0,0.359939622638977,0.326876950609839,0.306984164586241,0.281770744951156
2023-12-18,2023-11,-1,,,0.135560470052077,0.255682864976237
2023-12-18,2023-12,0,0.359939622638977,0.326876950609839,0.306984164586241,0.281770744951156
2023-12-19,2023-11,-1,,,0.135560470052077,0.255682864976237
2023-12-19,2023-12,0,0.308642437804882,0.326876950609839,0.274986159862116,0.281770744951156
2023-12-20,2023-11,-1,,,0.135560470052077,0.255682864976237
2023-12-20,2023-12,0,0.308642437804882,0.326876950609839,0.274986159862116,0.281770744951156
2023-12-21,2023-11,-1,,,0.135560470052077,0.255682864976237
2023-12-21,2023-12,0,0.308642437804882,0.326876950609839,0.274986159862116,0.281770744951156
2023-12-22,2023-12,0,0.308642437804882,0.326876950609839,0.255008913810774,0.259278937955408
2023-12-26,2023-12,0,0.308642437804882,0.326876950609839,0.255008913810774,0.259278937955408
2023-12-27,2023-12,0,0.30120238809612,0.326876950609839,0.250339370892727,0.259278937955408
2023-12-28,2023-12,0,0.30120238809612,0.326876950609839,0.250339370892727,0.259278937955408
2023-12-29,2023-12,0,0.30120238809612,0.326876950609839,0.250339370892727,0.259278937955408
2024-01-02,2023-12,-1,0.30120238809612,0.326876950609839,0.250339370892727,0.259278937955408
2024-01-02,2024-01,0,0.281406819978709,0.32084009158471,0.231524221529217,0.248602143987714
2024-01-03,2023-12,-1,0.30120238809612,0.326876950609839,0.250339370892727,0.259278937955408
2024-01-03,2024-01,0,0.204452872474122,0.32084009158471,0.183226189304696,0.248602143987714
2024-01-04,2023-12,-1,0.30120238809612,0.326876950609839,0.250339370892727,0.259278937955408
2024-01-04,2024-01,0,0.204452872474122,0.32084009158471,0.183226189304696,0.248602143987714
2024-01-05,2023-12,-1,0.30120238809612,0.326876950609839,0.250339370892727,0.259278937955408
2024-01-05,2024-01,0,0.204452872474122,0.32084009158471,0.183226189304696,0.248602143987714
2024-01-08,2023-12,-1,0.30120238809612,0.326876950609839,0.250339370892727,0.259278937955408
2024-01-08,2024-01,0,0.204452872474122,0.32084009158471,0.183226189304696,0.248602143987714
2024-01-09,2023-12,-1,0.30120238809612,0.326876950609839,0.250339370892727,0.259278937955408
2024-01-09,2024-01,0,0.194519661302428,0.32084009158471,0.176991882049246,0.248602143987714
2024-01-10,2023-12,-1,0.30120238809612,0.326876950609839,0.250339370892727,0.259278937955408
2024-01-10,2024-01,0,0.194519661302428,0.32084009158471,0.176991882049246,0.248602143987714
2024-01-11,2023-12,-1,,,0.265601178340812,0.254515391144898
2024-01-11,2024-01,0,0.194242338861677,0.319354199704761,0.177648898953821,0.248205181753505
2024-01-12,2023-12,-1,,,0.265601178340812,0.254515391144898
2024-01-12,2024-01,0,0.194242338861677,0.319354199704761,0.177648898953821,0.248205181753505
2024-01-16,2023-12,-1,,,0.265601178340812,0.254515391144898
2024-01-16,2024-01,0,0.194242338861677,0.319354199704761,0.177648898953821,0.248205181753505
2024-01-17,2023-12,-1,,,0.265601178340812,0.254515391144898
2024-01-17,2024-01,0,0.183483859533625,0.319354199704761,0.170893778812172,0.248205181753505
2024-01-18,2023-12,-1,,,0.265601178340812,0.254515391144898
2024-01-18,2024-01,0,0.183483859533625,0.319354199704761,0.170893778812172,0.248205181753505
2024-01-19,2023-12,-1,,,0.265601178340812,0.254515391144898
2024-01-19,2024-01,0,0.183483859533625,0.319354199704761,0.170893778812172,0.248205181753505
2024-01-22,2023-12,-1,,,0.265601178340812,0.254515391144898
2024-01-22,2024-01,0,0.183483859533625,0.319354199704761,0.170893778812172,0.248205181753505
2024-01-23,2023-12,-1,,,0.265601178340812,0.254515391144898
2024-01-23,2024-01,0,0.178725301369295,0.319354199704761,0.167905937211058,0.248205181753505
2024-01-24,2023-12,-1,,,0.265601178340813,0.254515391144898
2024-01-24,2024-01,0,0.178725301369295,0.319354199704761,0.167905937211058,0.248205181753505
2024-01-25,2023-12,-1,,,0.265601178340812,0.254515391144898
2024-01-25,2024-01,0,0.178725301369295,0.319354199704761,0.167905937211058,0.248205181753505
2024-01-26,2024-01,0,0.178725301369295,0.319354199704761,0.159697772104277,0.241151192579825
2024-01-29,2024-01,0,0.178725301369295,0.319354199704761,0.159697772104277,0.241151192579825
2024-01-30,2024-01,0,0.184063162266674,0.319354199704761,0.163047288102868,0.241151192579825
2024-01-31,2024-01,0,0.184063162266674,0.319354199704761,0.163047288102868,0.241151192579825
2024-02-01,2024-01,-1,0.184063162266674,0.319354199704761,0.163047288102868,0.241151192579825
2024-02-01,2024-02,0,0.395884747002154,0.311634136524183,0.280340985294836,0.218962952838136
2024-02-02,2024-01,-1,0.184063162266674,0.319354199704761,0.163047288102868,0.241151192579825
2024-02-02,2024-02,0,0.363417361663738,0.311634136524183,0.259967650598754,0.218962952838136
2024-02-05,2024-01,-1,0.184063162266674,0.319354199704761,0.163047288102868,0.241151192579825
2024-02-05,2024-02,0,0.315570688533441,0.311634136524183,0.22994378894137,0.218962952838136
2024-02-06,2024-01,-1,0.184063162266674,0.319354199704761,0.163047288102868,0.241151192579825
2024-02-06,2024-02,0,0.309456582856642,0.311634136524183,0.226107178138798,0.218962952838136
2024-02-07,2024-01,-1,0.184063162266674,0.319354199704761,0.163047288102868,0.241151192579825
2024-02-07,2024-02,0,0.309456582856642,0.311634136524183,0.226107178138798,0.218962952838136
2024-02-08,2024-01,-1,0.184063162266674,0.319354199704761,0.163047288102868,0.241151192579825
2024-02-08,2024-02,0,0.309456582856642,0.311634136524183,0.226107178138798,0.218962952838136
2024-02-09,2024-01,-1,0.13100846500564,0.320186100133907,0.132831513053735,0.241151192579825
2024-02-09,2024-02,0,0.325158633217881,0.311314695402755,0.230786630563225,0.218962952838136
2024-02-12,2024-01,-1,0.13100846500564,0.320186100133907,0.132831513053735,0.241151192579825
2024-02-12,2024-02,0,0.325158633217881,0.311314695402755,0.230786630563225,0.218962952838136
2024-02-13,2024-01,-1,,,0.264703648881295,0.320239622723812
2024-02-13,2024-02,0,0.372593397167422,0.317331665903592,0.261880114127253,0.225553655350134
2024-02-14,2024-01,-1,,,0.264703648881295,0.320239622723812
2024-02-14,2024-02,0,0.372593397167422,0.317331665903592,0.261880114127253,0.225553655350134
2024-02-15,2024-01,-1,,,0.264703648881295,0.320239622723812
2024-02-15,2024-02,0,0.372593397167422,0.317331665903592,0.261880114127253,0.225553655350134
2024-02-16,2024-01,-1,,,0.264703648881295,0.320239622723812
2024-02-16,2024-02,0,0.372593397167422,0.317331665903592,0.261880114127253,0.225553655350134
2024-02-20,2024-01,-1,,,0.264703648881295,0.320239622723812
2024-02-20,2024-02,0,0.372593397167422,0.317331665903592,0.261880114127253,0.225553655350134
2024-02-21,2024-01,-1,,,0.264703648881295,0.320239622723812
2024-02-21,2024-02,0,0.417545134690066,0.317331665903592,0.288510357223906,0.225553655350134
2024-02-22,2024-01,-1,,,0.264703648881295,0.320239622723812
2024-02-22,2024-02,0,0.417545134690066,0.317331665903592,0.288510357223906,0.225553655350134
2024-02-23,2024-01,-1,,,0.264703648881295,0.320239622723812
2024-02-23,2024-02,0,0.417545134690066,0.317331665903592,0.288510357223906,0.225553655350134
2024-02-26,2024-01,-1,,,0.264703648881295,0.320239622723812
2024-02-26,2024-02,0,0.417545134690066,0.317331665903592,0.288510357223906,0.225553655350134
2024-02-27,2024-01,-1,,,0.264703648881295,0.320239622723812
2024-02-27,2024-02,0,0.43350625888289,0.317331665903592,0.297966023250979,0.225553655350134
2024-02-28,2024-01,-1,,,0.264703648881295,0.320239622723812
2024-02-28,2024-02,0,0.43350625888289,0.317331665903592,0.297966023250979,0.225553655350134
2024-02-29,2024-02,0,0.43350625888289,0.317331665903592,0.307160684742803,0.234469913701794
2024-03-01,2024-02,-1,0.43350625888289,0.317331665903592,0.307160684742803,0.234469913701794
2024-03-01,2024-03,0,0.177934456915167,0.304822168678536,0.153792000622762,0.224070057957707
2024-03-04,2024-02,-1,0.43350625888289,0.317331665903592,0.307160684742803,0.234469913701794
2024-03-04,2024-03,0,0.239666848063581,0.304822168678536,0.190199882899805,0.224070057957707
2024-03-05,2024-02,-1,0.43350625888289,0.317331665903592,0.307160684742803,0.234469913701794
2024-03-05,2024-03,0,0.245314666888986,0.304822168678536,0.193530794259176,0.224070057957707
2024-03-06,2024-02,-1,0.43350625888289,0.317331665903592,0.307160684742802,0.234469913701794
2024-03-06,2024-03,0,0.245314666888986,0.304822168678536,0.193530794259176,0.224070057957707
2024-03-07,2024-02,-1,0.43350625888289,0.317331665903592,0.307160684742803,0.234469913701794
2024-03-07,2024-03,0,0.245314666888986,0.304822168678536,0.193530794259176,0.224070057957707
2024-03-08,2024-02,-1,0.43350625888289,0.317331665903592,0.307160684742803,0.234469913701794
2024-03-08,2024-03,0,0.245314666888986,0.304822168678536,0.193530794259176,0.224070057957707
2024-03-11,2024-02,-1,0.43350625888289,0.317331665903592,0.307160684742803,0.234469913701794
2024-03-11,2024-03,0,0.245314666888986,0.304822168678536,0.193530794259176,0.224070057957707
2024-03-12,2024-02,-1,,,0.360722147542471,0.29518037465926
2024-03-12,2024-03,0,0.261791928896045,0.308245966490454,0.206791190000245,0.229129263037496
2024-03-13,2024-02,-1,,,0.360722147542471,0.29518037465926
2024-03-13,2024-03,0,0.261791928896045,0.308245966490454,0.206791190000245,0.229129263037496
2024-03-14,2024-02,-1,,,0.360722147542471,0.29518037465926
2024-03-14,2024-03,0,0.261791928896045,0.308245966490454,0.206791190000245,0.229129263037496
2024-03-15,2024-02,-1,,,0.360722147542471,0.29518037465926
2024-03-15,2024-03,0,0.261791928896045,0.308245966490454,0.206791190000245,0.229129263037496
2024-03-18,2024-02,-1,,,0.360722147542471,0.29518037465926
2024-03-18,2024-03,0,0.261791928896045,0.308245966490454,0.206791190000245,0.229129263037496
2024-03-19,2024-02,-1,,,0.360722147542471,0.29518037465926
2024-03-19,2024-03,0,0.300009716142918,0.308245966490454,0.229236696562945,0.229129263037496
2024-03-20,2024-02,-1,,,0.360722147542471,0.29518037465926
2024-03-20,2024-03,0,0.300009716142918,0.308245966490454,0.229236696562945,0.229129263037496
2024-03-21,2024-02,-1,,,0.360722147542471,0.29518037465926
2024-03-21,2024-03,0,0.300009716142918,0.308245966490454,0.229236696562945,0.229129263037496
2024-03-22,2024-02,-1,,,0.360722147542471,0.29518037465926
2024-03-22,2024-03,0,0.300009716142918,0.308245966490454,0.229236696562945,0.229129263037496
2024-03-25,2024-02,-1,,,0.360722147542471,0.29518037465926
2024-03-25,2024-03,0,0.300009716142918,0.308245966490454,0.229236696562945,0.229129263037496
2024-03-26,2024-02,-1,,,0.360722147542471,0.29518037465926
2024-03-26,2024-03,0,0.3414123189937,0.308245966490454,0.253552662005871,0.229129263037496
2024-03-27,2024-02,-1,,,0.360722147542471,0.29518037465926
2024-03-27,2024-03,0,0.3414123189937,0.308245966490454,0.253552662005871,0.229129263037496
2024-03-28,2024-02,-1,,,0.360722147542471,0.29518037465926
2024-03-28,2024-03,0,0.3414123189937,0.308245966490454,0.253552662005871,0.229129263037496
2024-03-29,2024-03,0,0.3414123189937,0.308245966490454,0.253802556591265,0.229161731169412
2024-04-01,2024-03,-1,0.3414123189937,0.308245966490454,0.253802556591265,0.229161731169412
2024-04-01,2024-04,0,0.296074349755715,0.306860839676211,0.221265681953161,0.220264683783051
2024-04-02,2024-03,-1,0.3414123189937,0.308245966490454,0.253802556591265,0.229161731169412
2024-04-02,2024-04,0,0.293299468374595,0.306860839676211,0.219639268064828,0.220264683783051
2024-04-03,2024-03,-1,0.3414123189937,0.308245966490454,0.253802556591265,0.229161731169412
2024-04-03,2024-04,0,0.293299468374595,0.306860839676211,0.219639268064828,0.220264683783051
2024-04-04,2024-03,-1,0.3414123189937,0.308245966490454,0.253802556591265,0.229161731169412
2024-04-04,2024-04,0,0.293299468374595,0.306860839676211,0.219639268064828,0.220264683783051
2024-04-05,2024-03,-1,0.3414123189937,0.308245966490454,0.253802556591265,0.229161731169412
2024-04-05,2024-04,0,0.293299468374595,0.306860839676211,0.219639268064828,0.220264683783051
2024-04-08,2024-03,-1,0.3414123189937,0.308245966490454,0.253802556591265,0.229161731169412
2024-04-08,2024-04,0,0.293299468374595,0.306860839676211,0.219639268064828,0.220264683783051
2024-04-09,2024-03,-1,0.3414123189937,0.308245966490454,0.253802556591265,0.229161731169412
2024-04-09,2024-04,0,0.33879372519014,0.306860839676211,0.24630436864448,0.220264683783051
2024-04-10,2024-03,-1,,,0.316284976368679,0.29614303760292
2024-04-10,2024-04,0,0.341558660042032,0.311093554960553,0.25403905923265,0.225846459319177
2024-04-11,2024-03,-1,,,0.316284976368679,0.29614303760292
2024-04-11,2024-04,0,0.341558660042032,0.311093554960553,0.25403905923265,0.225846459319177
2024-04-12,2024-03,-1,,,0.316284976368679,0.29614303760292
2024-04-12,2024-04,0,0.341558660042032,0.311093554960553,0.25403905923265,0.225846459319177
2024-04-15,2024-03,-1,,,0.316284976368679,0.29614303760292
2024-04-15,2024-04,0,0.341558660042032,0.311093554960553,0.25403905923265,0.225846459319177
2024-04-16,2024-03,-1,,,0.316284976368679,0.29614303760292
2024-04-16,2024-04,0,0.372210176269903,0.311093554960553,0.273025882095153,0.225846459319177
2024-04-17,2024-03,-1,,,0.316284976368679,0.29614303760292
2024-04-17,2024-04,0,0.372210176269903,0.311093554960553,0.273025882095153,0.225846459319177
2024-04-18,2024-03,-1,,,0.316284976368679,0.29614303760292
2024-04-18,2024-04,0,0.372210176269903,0.311093554960553,0.273025882095153,0.225846459319177
2024-04-19,2024-03,-1,,,0.316284976368679,0.29614303760292
2024-04-19,2024-04,0,0.372210176269903,0.311093554960553,0.273025882095153,0.225846459319177
2024-04-22,2024-03,-1,,,0.316284976368679,0.29614303760292
2024-04-22,2024-04,0,0.372210176269903,0.311093554960553,0.273025882095153,0.225846459319177
2024-04-23,2024-03,-1,,,0.316284976368679,0.29614303760292
2024-04-23,2024-04,0,0.399478083563528,0.311093554960553,0.289916756979328,0.225846459319177
2024-04-24,2024-03,-1,,,0.316284976368679,0.29614303760292
2024-04-24,2024-04,0,0.399478083563528,0.311093554960553,0.289916756979328,0.225846459319177
2024-04-25,2024-03,-1,,,0.316284976368679,0.29614303760292
2024-04-25,2024-04,0,0.399478083563528,0.311093554960553,0.289916756979328,0.225846459319177
2024-04-26,2024-04,0,0.399478083563528,0.311093554960553,0.294786012087002,0.232122585846795
2024-04-29,2024-04,0,0.399478083563528,0.311093554960553,0.294786012087002,0.232122585846795
2024-04-30,2024-04,0,0.41249502616939,0.311093554960553,0.302840248430928,0.232122585846795
2024-05-01,2024-04,-1,0.41249502616939,0.311093554960553,0.302840248430928,0.232122585846795
2024-05-01,2024-05,0,0.015540641776697,0.29804325887833,0.0592118615540483,0.225891011441766
2024-05-02,2024-04,-1,0.41249502616939,0.311093554960553,0.302840248430928,0.232122585846795
2024-05-02,2024-05,0,-0.085573965315973,0.29804325887833,-0.0033528257159666,0.225891011441766
2024-05-03,2024-04,-1,0.41249502616939,0.311093554960553,0.302840248430928,0.232122585846795
2024-05-03,2024-05,0,-0.0793253098214823,0.29804325887833,0.0005135313625173,0.225891011441766
2024-05-06,2024-04,-1,0.41249502616939,0.311093554960553,0.302840248430928,0.232122585846795
2024-05-06,2024-05,0,-0.0851952589223674,0.29804325887833,-0.0031185010445433,0.225891011441766
2024-05-07,2024-04,-1,0.41249502616939,0.311093554960553,0.302840248430928,0.232122585846795
2024-05-07,2024-05,0,0.14059172439767,0.29804325887833,0.136587248769741,0.225891011441766
2024-05-08,2024-04,-1,0.41249502616939,0.311093554960553,0.302840248430928,0.232122585846795
2024-05-08,2024-05,0,0.14059172439767,0.29804325887833,0.136587248769741,0.225891011441766
2024-05-09,2024-04,-1,0.41249502616939,0.311093554960553,0.302840248430928,0.232122585846795
2024-05-09,2024-05,0,0.14059172439767,0.29804325887833,0.136587248769741,0.225891011441766
2024-05-10,2024-04,-1,0.41249502616939,0.311093554960553,0.302840248430928,0.232122585846795
2024-05-10,2024-05,0,0.14059172439767,0.29804325887833,0.136587248769741,0.225891011441766
2024-05-13,2024-04,-1,0.41249502616939,0.311093554960553,0.302840248430928,0.232122585846795
2024-05-13,2024-05,0,0.14059172439767,0.29804325887833,0.136587248769741,0.225891011441766
2024-05-14,2024-04,-1,0.41249502616939,0.311093554960553,0.302840248430928,0.232122585846795
2024-05-14,2024-05,0,0.120767177788742,0.29804325887833,0.124320805824255,0.225891011441766
2024-05-15,2024-04,-1,,,0.272528228895047,0.22718315422018
2024-05-15,2024-05,0,0.111555040744475,0.296432179693297,0.118997289677449,0.225479392139548
2024-05-16,2024-04,-1,,,0.272528228895047,0.22718315422018
2024-05-16,2024-05,0,0.111555040744475,0.296432179693297,0.11899728967745,0.225479392139548
2024-05-17,2024-04,-1,,,0.272528228895047,0.22718315422018
2024-05-17,2024-05,0,0.111555040744475,0.296432179693297,0.11899728967745,0.225479392139548
2024-05-20,2024-04,-1,,,0.272528228895047,0.22718315422018
2024-05-20,2024-05,0,0.111555040744475,0.296432179693297,0.11899728967745,0.225479392139548
2024-05-21,2024-04,-1,,,0.272528228895047,0.22718315422018
2024-05-21,2024-05,0,0.095314159099501,0.296432179693297,0.10885733819521,0.225479392139548
2024-05-22,2024-04,-1,,,0.272528228895047,0.22718315422018
2024-05-22,2024-05,0,0.095314159099501,0.296432179693297,0.10885733819521,0.225479392139548
2024-05-23,2024-04,-1,,,0.272528228895047,0.22718315422018
2024-05-23,2024-05,0,0.095314159099501,0.296432179693297,0.10885733819521,0.225479392139548
2024-05-24,2024-04,-1,,,0.272528228895047,0.22718315422018
2024-05-24,2024-05,0,0.095314159099501,0.296432179693297,0.10885733819521,0.225479392139548
2024-05-28,2024-04,-1,,,0.272528228895047,0.22718315422018
2024-05-28,2024-05,0,0.095314159099501,0.296432179693297,0.10885733819521,0.225479392139548
2024-05-29,2024-04,-1,,,0.272528228895047,0.22718315422018
2024-05-29,2024-05,0,0.0849008879271337,0.296432179693297,0.102355839891891,0.225479392139548
2024-05-30,2024-04,-1,,,0.272528228895047,0.22718315422018
2024-05-30,2024-05,0,0.0849008879271337,0.296432179693297,0.102355839891891,0.225479392139548
2024-05-31,2024-05,0,0.0849008879271337,0.296432179693297,0.101903088295333,0.226688968357808
2024-06-03,2024-05,-1,0.0849008879271337,0.296432179693297,0.101903088295333,0.226688968357808
2024-06-03,2024-06,0,0.108742818232886,0.291040811311406,0.114901272181738,0.221557868483049
2024-06-04,2024-05,-1,0.0849008879271337,0.296432179693297,0.101903088295333,0.226688968357808
2024-06-04,2024-06,0,0.139781361848367,0.291040811311406,0.134103529363939,0.221557868483049
2024-06-05,2024-05,-1,0.0849008879271337,0.296432179693297,0.101903088295333,0.226688968357808
2024-06-05,2024-06,0,0.139781361848367,0.291040811311406,0.134103529363939,0.221557868483049
2024-06-06,2024-05,-1,0.0849008879271337,0.296432179693297,0.101903088295333,0.226688968357808
2024-06-06,2024-06,0,0.139781361848367,0.291040811311406,0.134103529363939,0.221557868483049
2024-06-07,2024-05,-1,0.0849008879271337,0.296432179693297,0.101903088295333,0.226688968357808
2024-06-07,2024-06,0,0.139781361848367,0.291040811311406,0.134103529363939,0.221557868483049
2024-06-10,2024-05,-1,0.0849008879271337,0.296432179693297,0.101903088295333,0.226688968357808
2024-06-10,2024-06,0,0.139781361848367,0.291040811311406,0.134103529363939,0.221557868483049
2024-06-11,2024-05,-1,0.0849008879271337,0.296432179693297,0.101903088295333,0.226688968357808
2024-06-11,2024-06,0,0.0898031995735757,0.291040811311406,0.103184117120136,0.221557868483049
2024-06-12,2024-05,-1,,,0.0689095684593184,0.103722454423309
2024-06-12,2024-06,0,0.0893332888691641,0.27992870798876,0.102623276075884,0.211310658988507
2024-06-13,2024-05,-1,,,0.0689095684593184,0.103722454423309
2024-06-13,2024-06,0,0.0893332888691641,0.27992870798876,0.102623276075884,0.211310658988507
2024-06-14,2024-05,-1,,,0.0689095684593184,0.103722454423309
2024-06-14,2024-06,0,0.0893332888691641,0.27992870798876,0.102623276075884,0.211310658988507
2024-06-17,2024-05,-1,,,0.0689095684593184,0.103722454423309
2024-06-17,2024-06,0,0.0893332888691641,0.27992870798876,0.102623276075884,0.211310658988507
2024-06-18,2024-05,-1,,,0.0689095684593184,0.103722454423309
2024-06-18,2024-06,0,0.0750533133529822,0.27992870798876,0.0938219222854708,0.211310658988507
2024-06-20,2024-05,-1,,,0.0689095684593184,0.103722454423309
2024-06-20,2024-06,0,0.0750533133529822,0.27992870798876,0.0938219222854708,0.211310658988507
2024-06-21,2024-05,-1,,,0.0689095684593184,0.103722454423309
2024-06-21,2024-06,0,0.0750533133529822,0.27992870798876,0.0938219222854708,0.211310658988507
2024-06-24,2024-05,-1,,,0.0689095684593184,0.103722454423309
2024-06-24,2024-06,0,0.0750533133529822,0.27992870798876,0.0938219222854708,0.211310658988507
2024-06-25,2024-05,-1,,,0.0689095684593184,0.103722454423309
2024-06-25,2024-06,0,0.0681915069361153,0.27992870798876,0.0895927003342331,0.211310658988507
2024-06-26,2024-05,-1,,,0.0689095684593184,0.103722454423309
2024-06-26,2024-06,0,0.0681915069361153,0.27992870798876,0.0895927003342331,0.211310658988507
2024-06-27,2024-05,-1,,,0.0689095684593184,0.103722454423309
2024-06-27,2024-06,0,0.0681915069361153,0.27992870798876,0.0895927003342331,0.211310658988507
2024-06-28,2024-06,0,0.0681915069361153,0.27992870798876,0.0844169695423753,0.211973065931955
2024-07-01,2024-06,-1,0.0681915069361153,0.27992870798876,0.0844169695423753,0.211973065931955
2024-07-01,2024-07,0,0.307893191731545,0.287030741738024,0.234566228823119,0.215279815352639
2024-07-02,2024-06,-1,0.0681915069361153,0.27992870798876,0.0844169695423753,0.211973065931955
2024-07-02,2024-07,0,0.237886065699338,0.287030741738024,0.190819536999203,0.215279815352639
2024-07-03,2024-06,-1,0.0681915069361153,0.27992870798876,0.0844169695423753,0.211973065931955
2024-07-03,2024-07,0,0.237886065699338,0.287030741738024,0.190819536999203,0.215279815352639
2024-07-05,2024-06,-1,0.0681915069361153,0.27992870798876,0.0844169695423753,0.211973065931955
2024-07-05,2024-07,0,0.237886065699338,0.287030741738024,0.190819536999203,0.215279815352639
2024-07-08,2024-06,-1,0.0681915069361153,0.27992870798876,0.0844169695423753,0.211973065931955
2024-07-08,2024-07,0,0.237886065699338,0.287030741738024,0.190819536999203,0.215279815352639
2024-07-09,2024-06,-1,0.0681915069361153,0.27992870798876,0.0844169695423753,0.211973065931955
2024-07-09,2024-07,0,0.245421702974207,0.287030741738024,0.195528474792319,0.215279815352639
2024-07-10,2024-06,-1,0.0681915069361153,0.27992870798876,0.0844169695423753,0.211973065931955
2024-07-10,2024-07,0,0.245421702974207,0.287030741738024,0.195528474792319,0.215279815352639
2024-07-11,2024-06,-1,,,0.0118734005498669,-0.0088225461373074
2024-07-11,2024-07,0,0.238306855578991,0.269099296682507,0.187954850283944,0.196880181013534
2024-07-12,2024-06,-1,,,0.0118734005498669,-0.0088225461373074
2024-07-12,2024-07,0,0.238306855578991,0.269099296682507,0.187954850283944,0.196880181013534
2024-07-15,2024-06,-1,,,0.0118734005498669,-0.0088225461373074
2024-07-15,2024-07,0,0.238306855578991,0.269099296682507,0.187954850283944,0.196880181013534
2024-07-16,2024-06,-1,,,0.0118734005498669,-0.0088225461373074
2024-07-16,2024-07,0,0.242469917229081,0.269099296682507,0.19067926978627,0.196880181013534
2024-07-17,2024-06,-1,,,0.0118734005498669,-0.0088225461373074
2024-07-17,2024-07,0,0.242469917229081,0.269099296682507,0.19067926978627,0.196880181013534
2024-07-18,2024-06,-1,,,0.0118734005498669,-0.0088225461373074
2024-07-18,2024-07,0,0.242469917229081,0.269099296682507,0.19067926978627,0.196880181013534
2024-07-19,2024-06,-1,,,0.0118734005498669,-0.0088225461373074
2024-07-19,2024-07,0,0.242469917229081,0.269099296682507,0.19067926978627,0.196880181013534
2024-07-22,2024-06,-1,,,0.0118734005498669,-0.0088225461373074
2024-07-22,2024-07,0,0.242469917229081,0.269099296682507,0.19067926978627,0.196880181013534
2024-07-23,2024-06,-1,,,0.0118734005498669,-0.0088225461373074
2024-07-23,2024-07,0,0.23780728818098,0.269099296682507,0.187627919943665,0.196880181013534
2024-07-24,2024-06,-1,,,0.0118734005498669,-0.0088225461373074
2024-07-24,2024-07,0,0.23780728818098,0.269099296682507,0.187627919943665,0.196880181013534
2024-07-25,2024-06,-1,,,0.0118734005498669,-0.0088225461373074
2024-07-25,2024-07,0,0.23780728818098,0.269099296682507,0.187627919943665,0.196880181013534
2024-07-26,2024-07,0,0.23780728818098,0.269099296682507,0.197074182097857,0.21666216113259
2024-07-29,2024-07,0,0.23780728818098,0.269099296682507,0.197074182097857,0.21666216113259
2024-07-30,2024-07,0,0.237207807303367,0.269099296682507,0.196665774135592,0.21666216113259
2024-07-31,2024-07,0,0.237207807303367,0.269099296682507,0.196665774135592,0.21666216113259
2024-08-01,2024-07,-1,0.237207807303367,0.269099296682507,0.196665774135592,0.21666216113259
2024-08-01,2024-08,0,0.204466480310812,0.272599897585983,0.179344590591129,0.224719215001677
2024-08-02,2024-07,-1,0.237207807303367,0.269099296682507,0.196665774135592,0.21666216113259
2024-08-02,2024-08,0,0.18124004835771,0.272599897585983,0.163521133832287,0.224719215001677
2024-08-05,2024-07,-1,0.237207807303367,0.269099296682507,0.196665774135592,0.21666216113259
2024-08-05,2024-08,0,0.127985157950954,0.272599897585983,0.127240207978088,0.224719215001677
2024-08-06,2024-07,-1,0.237207807303367,0.269099296682507,0.196665774135592,0.21666216113259
2024-08-06,2024-08,0,0.268658937392103,0.272599897585983,0.223076945647665,0.224719215001677
2024-08-07,2024-07,-1,0.237207807303367,0.269099296682507,0.196665774135592,0.21666216113259
2024-08-07,2024-08,0,0.268658937392103,0.272599897585983,0.223076945647665,0.224719215001677
2024-08-08,2024-07,-1,0.237207807303367,0.269099296682507,0.196665774135592,0.21666216113259
2024-08-08,2024-08,0,0.268658937392103,0.272599897585983,0.223076945647665,0.224719215001677
2024-08-09,2024-07,-1,0.237207807303367,0.269099296682507,0.196665774135592,0.21666216113259
2024-08-09,2024-08,0,0.268658937392103,0.272599897585983,0.223076945647665,0.224719215001677
2024-08-12,2024-07,-1,0.237207807303367,0.269099296682507,0.196665774135592,0.21666216113259
2024-08-12,2024-08,0,0.268658937392103,0.272599897585983,0.223076945647665,0.224719215001677
2024-08-13,2024-07,-1,0.237207807303367,0.269099296682507,0.196665774135592,0.21666216113259
2024-08-13,2024-08,0,0.252287226848163,0.272599897585983,0.211923400652749,0.224719215001677
2024-08-14,2024-07,-1,,,0.167884613854628,0.133185062147376
2024-08-14,2024-08,0,0.244574021446608,0.263944041823781,0.210423395463781,0.217762790086243
2024-08-15,2024-07,-1,,,0.167884613854628,0.133185062147376
2024-08-15,2024-08,0,0.244574021446608,0.263944041823781,0.210423395463781,0.217762790086243
2024-08-16,2024-07,-1,,,0.167884613854628,0.133185062147376
2024-08-16,2024-08,0,0.244574021446608,0.263944041823781,0.210423395463781,0.217762790086243
2024-08-19,2024-07,-1,,,0.167884613854628,0.133185062147376
2024-08-19,2024-08,0,0.244574021446608,0.263944041823781,0.210423395463781,0.217762790086243
2024-08-20,2024-07,-1,,,0.167884613854628,0.133185062147376
2024-08-20,2024-08,0,0.229063132670058,0.263944041823781,0.20016731170858,0.217762790086243
2024-08-21,2024-07,-1,,,0.167884613854628,0.133185062147376
2024-08-21,2024-08,0,0.229063132670058,0.263944041823781,0.20016731170858,0.217762790086243
2024-08-22,2024-07,-1,,,0.167884613854628,0.133185062147376
2024-08-22,2024-08,0,0.229063132670058,0.263944041823781,0.20016731170858,0.217762790086243
2024-08-23,2024-07,-1,,,0.167884613854628,0.133185062147376
2024-08-23,2024-08,0,0.229063132670058,0.263944041823781,0.20016731170858,0.217762790086243
2024-08-26,2024-07,-1,,,0.167884613854628,0.133185062147376
2024-08-26,2024-08,0,0.229063132670058,0.263944041823781,0.20016731170858,0.217762790086243
2024-08-27,2024-07,-1,,,0.167884613854628,0.133185062147376
2024-08-27,2024-08,0,0.204545921378092,0.263944041823781,0.183956082547135,0.217762790086243
2024-08-28,2024-07,-1,,,0.167884613854628,0.133185062147376
2024-08-28,2024-08,0,0.204545921378092,0.263944041823781,0.183956082547135,0.217762790086243
2024-08-29,2024-07,-1,,,0.167884613854628,0.133185062147376
2024-08-29,2024-08,0,0.204545921378092,0.263944041823781,0.183956082547135,0.217762790086243
2024-08-30,2024-08,0,0.204545921378092,0.263944041823781,0.180196291415768,0.215860131006372
2024-09-03,2024-08,-1,0.204545921378092,0.263944041823781,0.180196291415768,0.215860131006372
2024-09-03,2024-09,0,0.203151069571965,0.266761207770591,0.184521233099696,0.225677992905144
2024-09-04,2024-08,-1,0.204545921378092,0.263944041823781,0.180196291415768,0.215860131006372
2024-09-04,2024-09,0,0.178651617993759,0.266761207770591,0.168293989607672,0.225677992905144
2024-09-05,2024-08,-1,0.204545921378092,0.263944041823781,0.180196291415768,0.215860131006372
2024-09-05,2024-09,0,0.178651617993759,0.266761207770591,0.168293989607672,0.225677992905144
2024-09-06,2024-08,-1,0.204545921378092,0.263944041823781,0.180196291415768,0.215860131006372
2024-09-06,2024-09,0,0.178651617993759,0.266761207770591,0.168293989607672,0.225677992905144
2024-09-09,2024-08,-1,0.204545921378092,0.263944041823781,0.180196291415768,0.215860131006372
2024-09-09,2024-09,0,0.178651617993759,0.266761207770591,0.168293989607672,0.225677992905144
2024-09-10,2024-08,-1,0.204545921378092,0.263944041823781,0.180196291415768,0.215860131006372
2024-09-10,2024-09,0,0.152450364087367,0.266761207770591,0.150939555138878,0.225677992905144
2024-09-11,2024-08,-1,,,0.190091662297653,0.239368271071744
2024-09-11,2024-09,0,0.152778117572688,0.268181745242148,0.151377718223771,0.227637004577258
2024-09-12,2024-08,-1,,,0.190091662297653,0.239368271071744
2024-09-12,2024-09,0,0.152778117572688,0.268181745242148,0.151377718223771,0.227637004577258
2024-09-13,2024-08,-1,,,0.190091662297653,0.239368271071744
2024-09-13,2024-09,0,0.152778117572688,0.268181745242148,0.151377718223771,0.227637004577258
2024-09-16,2024-08,-1,,,0.190091662297653,0.239368271071744
2024-09-16,2024-09,0,0.152778117572688,0.268181745242148,0.151377718223771,0.227637004577258
2024-09-17,2024-08,-1,,,0.190091662297653,0.239368271071744
2024-09-17,2024-09,0,0.126916237408563,0.268181745242148,0.133477976575461,0.227637004577258
2024-09-18,2024-08,-1,,,0.190091662297653,0.239368271071744
2024-09-18,2024-09,0,0.126916237408563,0.268181745242148,0.133477976575461,0.227637004577258
2024-09-19,2024-08,-1,,,0.190091662297653,0.239368271071744
2024-09-19,2024-09,0,0.126916237408563,0.268181745242148,0.133477976575461,0.227637004577258
2024-09-20,2024-08,-1,,,0.190091662297653,0.239368271071744
2024-09-20,2024-09,0,0.126916237408563,0.268181745242148,0.133477976575461,0.227637004577258
2024-09-23,2024-08,-1,,,0.190091662297653,0.239368271071744
2024-09-23,2024-09,0,0.126916237408563,0.268181745242148,0.133477976575461,0.227637004577258
2024-09-24,2024-08,-1,,,0.190091662297653,0.239368271071744
2024-09-24,2024-09,0,0.114973649434684,0.268181745242148,0.125212172311114,0.227637004577258
2024-09-25,2024-08,-1,,,0.190091662297653,0.239368271071744
2024-09-25,2024-09,0,0.114973649434684,0.268181745242148,0.125212172311114,0.227637004577258
2024-09-26,2024-08,-1,,,0.190091662297653,0.239368271071744
2024-09-26,2024-09,0,0.114973649434684,0.268181745242148,0.125212172311114,0.227637004577258
2024-09-27,2024-09,0,0.114973649434684,0.268181745242148,0.123864310116277,0.220577743398307
2024-09-30,2024-09,0,0.114973649434684,0.268181745242148,0.123864310116277,0.220577743398307
2024-10-01,2024-09,-1,0.106226733277263,0.268181745242148,0.11823904637089,0.220577743398307
2024-10-01,2024-10,0,0.188570440669877,0.263941579408853,0.165476786754569,0.212355623982664
2024-10-02,2024-09,-1,0.106226733277263,0.268181745242148,0.11823904637089,0.220577743398307
2024-10-02,2024-10,0,0.296486923479727,0.263941579408853,0.234879381606803,0.212355623982664
2024-10-03,2024-09,-1,0.106226733277263,0.268181745242148,0.11823904637089,0.220577743398307
2024-10-03,2024-10,0,0.27625258295288,0.263941579408853,0.221866395072009,0.212355623982664
2024-10-04,2024-09,-1,0.106226733277263,0.268181745242148,0.11823904637089,0.220577743398307
2024-10-04,2024-10,0,0.311244733094749,0.263941579408853,0.244370334748989,0.212355623982664
2024-10-07,2024-09,-1,0.106226733277263,0.268181745242148,0.11823904637089,0.220577743398307
2024-10-07,2024-10,0,0.328740808165683,0.263941579408853,0.255622304587479,0.212355623982664
2024-10-08,2024-09,-1,0.106226733277263,0.268181745242148,0.11823904637089,0.220577743398307
2024-10-08,2024-10,0,0.174661642529746,0.263941579408853,0.156531844730264,0.212355623982664
2024-10-09,2024-09,-1,0.106226733277263,0.268181745242148,0.11823904637089,0.220577743398307
2024-10-09,2024-10,0,0.174661642529746,0.263941579408853,0.156531844730264,0.212355623982664
2024-10-10,2024-09,-1,,,0.173758131327172,0.263682395819057
2024-10-10,2024-10,0,0.181308055562561,0.267627600651184,0.161822530152902,0.21594767835106
2024-10-11,2024-09,-1,,,0.173758131327172,0.263682395819057
2024-10-11,2024-10,0,0.181308055562561,0.267627600651184,0.161822530152902,0.21594767835106
2024-10-15,2024-09,-1,,,0.173758131327172,0.263682395819057
2024-10-15,2024-10,0,0.181308055562561,0.267627600651184,0.161822530152902,0.21594767835106
2024-10-16,2024-09,-1,,,0.173758131327172,0.263682395819057
2024-10-16,2024-10,0,0.199206032593111,0.267627600651184,0.173399079322346,0.21594767835106
2024-10-17,2024-09,-1,,,0.173758131327172,0.263682395819057
2024-10-17,2024-10,0,0.199206032593111,0.267627600651184,0.173399079322346,0.21594767835106
2024-10-18,2024-09,-1,,,0.173758131327172,0.263682395819057
2024-10-18,2024-10,0,0.199206032593111,0.267627600651184,0.173399079322346,0.21594767835106
2024-10-21,2024-09,-1,,,0.173758131327172,0.263682395819057
2024-10-21,2024-10,0,0.199206032593111,0.267627600651184,0.173399079322346,0.21594767835106
2024-10-22,2024-09,-1,,,0.173758131327172,0.263682395819057
2024-10-22,2024-10,0,0.196047566058309,0.267627600651184,0.17135615888068,0.21594767835106
2024-10-23,2024-09,-1,,,0.173758131327172,0.263682395819057
2024-10-23,2024-10,0,0.196047566058309,0.267627600651184,0.17135615888068,0.21594767835106
2024-10-24,2024-09,-1,,,0.173758131327172,0.263682395819057
2024-10-24,2024-10,0,0.196047566058309,0.267627600651184,0.17135615888068,0.21594767835106
2024-10-25,2024-09,-1,,,0.173758131327172,0.263682395819057
2024-10-25,2024-10,0,0.196047566058309,0.267627600651184,0.17135615888068,0.21594767835106
2024-10-28,2024-09,-1,,,0.173758131327172,0.263682395819057
2024-10-28,2024-10,0,0.196047566058309,0.267627600651184,0.17135615888068,0.21594767835106
2024-10-29,2024-09,-1,,,0.173758131327172,0.263682395819057
2024-10-29,2024-10,0,0.181834466651695,0.267627600651184,0.16216301689318,0.21594767835106
2024-10-30,2024-09,-1,,,0.173758131327172,0.263682395819057
2024-10-30,2024-10,0,0.181834466651695,0.267627600651184,0.16216301689318,0.21594767835106
2024-10-31,2024-10,0,0.181834466651695,0.267627600651184,0.164280374222588,0.218319835408507
2024-11-01,2024-10,-1,0.181834466651695,0.267627600651184,0.164280374222588,0.218319835408507
2024-11-01,2024-11,0,0.282458103232484,0.269917710974869,0.233893339356421,0.225405746384319
2024-11-04,2024-10,-1,0.181834466651695,0.267627600651184,0.164280374222588,0.218319835408507
2024-11-04,2024-11,0,0.293221419349422,0.269917710974869,0.240805382355636,0.225405746384319
2024-11-05,2024-10,-1,0.181834466651695,0.267627600651184,0.164280374222588,0.218319835408507
2024-11-05,2024-11,0,0.277158099538074,0.269917710974869,0.230489755086133,0.225405746384319
2024-11-06,2024-10,-1,0.181834466651695,0.267627600651184,0.164280374222588,0.218319835408507
2024-11-06,2024-11,0,0.277158099538074,0.269917710974869,0.230489755086133,0.225405746384319
2024-11-07,2024-10,-1,0.181834466651695,0.267627600651184,0.164280374222588,0.218319835408507
2024-11-07,2024-11,0,0.277158099538074,0.269917710974869,0.230489755086133,0.225405746384319
2024-11-08,2024-10,-1,0.181834466651695,0.267627600651184,0.164280374222588,0.218319835408507
2024-11-08,2024-11,0,0.277158099538074,0.269917710974869,0.230489755086133,0.225405746384319
2024-11-12,2024-10,-1,0.181834466651695,0.267627600651184,0.164280374222588,0.218319835408507
2024-11-12,2024-11,0,0.277158099538074,0.269917710974869,0.230489755086133,0.225405746384319
2024-11-13,2024-10,-1,,,0.221903209133023,0.240390465457519
2024-11-13,2024-11,0,0.271670911029956,0.270970889092194,0.227703343532967,0.22724496555507
2024-11-14,2024-10,-1,,,0.221903209133023,0.240390465457519
2024-11-14,2024-11,0,0.271670911029956,0.270970889092194,0.227703343532967,0.22724496555507
2024-11-15,2024-10,-1,,,0.221903209133023,0.240390465457519
2024-11-15,2024-11,0,0.271670911029956,0.270970889092194,0.227703343532967,0.22724496555507
2024-11-18,2024-10,-1,,,0.221903209133023,0.240390465457519
2024-11-18,2024-11,0,0.271670911029956,0.270970889092194,0.227703343532967,0.22724496555507
2024-11-19,2024-10,-1,,,0.221903209133023,0.240390465457519
2024-11-19,2024-11,0,0.266157806476826,0.270970889092194,0.224185369922437,0.22724496555507
2024-11-20,2024-10,-1,,,0.221903209133023,0.240390465457519
2024-11-20,2024-11,0,0.266157806476826,0.270970889092194,0.224185369922437,0.22724496555507
2024-11-21,2024-10,-1,,,0.221903209133023,0.240390465457519
2024-11-21,2024-11,0,0.266157806476826,0.270970889092194,0.224185369922437,0.22724496555507
2024-11-22,2024-10,-1,,,0.221903209133023,0.240390465457519
2024-11-22,2024-11,0,0.266157806476826,0.270970889092194,0.224185369922437,0.22724496555507
2024-11-25,2024-10,-1,,,0.221903209133023,0.240390465457519
2024-11-25,2024-11,0,0.266157806476825,0.270970889092194,0.224185369922437,0.22724496555507
2024-11-26,2024-10,-1,,,0.221903209133023,0.240390465457519
2024-11-26,2024-11,0,0.262867727953183,0.270970889092194,0.222085934058089,0.22724496555507
2024-11-27,2024-11,0,0.262867727953183,0.270970889092194,0.223726653259706,0.230138851959781
2024-11-29,2024-11,0,0.262867727953183,0.270970889092194,0.223726653259706,0.230138851959781
2024-12-02,2024-11,-1,0.262867727953183,0.270970889092194,0.223726653259706,0.230138851959781
2024-12-02,2024-12,0,0.40679449903274,0.267887302901892,0.328342324013032,0.241760239928143
2024-12-03,2024-11,-1,0.262867727953183,0.270970889092194,0.223726653259706,0.230138851959781
2024-12-03,2024-12,0,0.387579405513344,0.267887302901892,0.31609358929571,0.241760239928143
2024-12-04,2024-11,-1,0.262867727953183,0.270970889092194,0.223726653259706,0.230138851959781
2024-12-04,2024-12,0,0.387579405513344,0.267887302901892,0.31609358929571,0.241760239928143
2024-12-05,2024-11,-1,0.262867727953183,0.270970889092194,0.223726653259706,0.230138851959781
2024-12-05,2024-12,0,0.387579405513344,0.267887302901892,0.31609358929571,0.241760239928143
2024-12-06,2024-11,-1,0.262867727953183,0.270970889092194,0.223726653259706,0.230138851959781
2024-12-06,2024-12,0,0.387579405513344,0.267887302901892,0.31609358929571,0.241760239928143
2024-12-09,2024-11,-1,0.262867727953183,0.270970889092194,0.223726653259707,0.230138851959781
2024-12-09,2024-12,0,0.387579405513344,0.267887302901892,0.31609358929571,0.241760239928143
2024-12-10,2024-11,-1,0.262867727953183,0.270970889092194,0.223726653259706,0.230138851959781
2024-12-10,2024-12,0,0.373883142789188,0.267887302901892,0.307362854336882,0.241760239928143
2024-12-11,2024-11,-1,,,0.270608778305632,0.262745914136247
2024-12-11,2024-12,0,0.381242863108464,0.270980023816667,0.312318245705216,0.244477495109515
2024-12-12,2024-11,-1,,,0.270608778305632,0.262745914136247
2024-12-12,2024-12,0,0.381242863108464,0.270980023816667,0.312318245705216,0.244477495109515
2024-12-13,2024-11,-1,,,0.270608778305632,0.262745914136247
2024-12-13,2024-12,0,0.381242863108464,0.270980023816667,0.312318245705216,0.244477495109515
2024-12-16,2024-11,-1,,,0.270608778305632,0.262745914136247
2024-12-16,2024-12,0,0.381242863108464,0.270980023816667,0.312318245705216,0.244477495109515
2024-12-17,2024-11,-1,,,0.270608778305632,0.262745914136247
2024-12-17,2024-12,0,0.378851867702168,0.270980023816667,0.310810854234802,0.244477495109515
2024-12-18,2024-11,-1,,,0.270608778305632,0.262745914136247
2024-12-18,2024-12,0,0.378851867702168,0.270980023816667,0.310810854234802,0.244477495109515
2024-12-19,2024-11,-1,,,0.270608778305632,0.262745914136247
2024-12-19,2024-12,0,0.378851867702168,0.270980023816667,0.310810854234802,0.244477495109515
2024-12-20,2024-12,0,0.378851867702168,0.270980023816667,0.298654930383229,0.231887311446923
2024-12-23,2024-12,0,0.378851867702168,0.270980023816667,0.298654930383229,0.231887311446923
2024-12-24,2024-12,0,0.379863442681754,0.270980023816667,0.299294213426059,0.231887311446923
2024-12-26,2024-12,0,0.379863442681754,0.270980023816667,0.299294213426059,0.231887311446923
2024-12-27,2024-12,0,0.379863442681754,0.270980023816667,0.299294213426059,0.231887311446923
2024-12-30,2024-12,0,0.379863442681754,0.270980023816667,0.299294213426059,0.231887311446923
2024-12-31,2024-12,0,0.376718364108857,0.270980023816667,0.297306624329261,0.231887311446923
2025-01-02,2024-12,-1,0.376718364108857,0.270980023816667,0.297306624329261,0.231887311446923
2025-01-02,2025-01,0,0.28663536551017,0.270617272390942,0.24478654998943,0.236041981610743
2025-01-03,2024-12,-1,0.376718364108857,0.270980023816667,0.297306624329261,0.231887311446923
2025-01-03,2025-01,0,0.309146363716286,0.270617272390942,0.259012781085237,0.236041981610743
2025-01-06,2024-12,-1,0.376718364108857,0.270980023816667,0.297306624329261,0.231887311446923
2025-01-06,2025-01,0,0.322431542985469,0.270617272390942,0.267408589600795,0.236041981610743
2025-01-07,2024-12,-1,0.376718364108857,0.270980023816667,0.297306624329261,0.231887311446923
2025-01-07,2025-01,0,0.209466541026502,0.270617272390942,0.196018320324776,0.236041981610743
2025-01-08,2024-12,-1,0.376718364108857,0.270980023816667,0.297306624329261,0.231887311446923
2025-01-08,2025-01,0,0.209466541026502,0.270617272390942,0.196018320324776,0.236041981610743
2025-01-09,2024-12,-1,0.376718364108857,0.270980023816667,0.297306624329261,0.231887311446923
2025-01-09,2025-01,0,0.209466541026502,0.270617272390942,0.196018320324776,0.236041981610743
2025-01-10,2024-12,-1,0.376718364108857,0.270980023816667,0.297306624329261,0.231887311446923
2025-01-10,2025-01,0,0.209466541026502,0.270617272390942,0.196018320324776,0.236041981610743
2025-01-13,2024-12,-1,0.376718364108857,0.270980023816667,0.297306624329261,0.231887311446923
2025-01-13,2025-01,0,0.209466541026502,0.270617272390942,0.196018320324776,0.236041981610743
2025-01-14,2024-12,-1,0.376718364108857,0.270980023816667,0.297306624329261,0.231887311446923
2025-01-14,2025-01,0,0.20723426494322,0.270617272390942,0.194607593215315,0.236041981610743
2025-01-15,2024-12,-1,,,0.316612419681075,0.189357343292419
2025-01-15,2025-01,0,0.209236227402661,0.266786165481588,0.196375540664036,0.232497817597867
2025-01-16,2024-12,-1,,,0.316612419681075,0.189357343292419
2025-01-16,2025-01,0,0.209236227402661,0.266786165481588,0.196375540664036,0.232497817597867
2025-01-17,2024-12,-1,,,0.316612419681075,0.189357343292419
2025-01-17,2025-01,0,0.209236227402661,0.266786165481588,0.196375540664036,0.232497817597867
2025-01-21,2024-12,-1,,,0.316612419681075,0.189357343292419
2025-01-21,2025-01,0,0.209236227402661,0.266786165481588,0.196375540664036,0.232497817597867
2025-01-22,2024-12,-1,,,0.316612419681075,0.189357343292419
2025-01-22,2025-01,0,0.232276109605448,0.266786165481588,0.210984598752197,0.232497817597867
2025-01-23,2024-12,-1,,,0.316612419681075,0.189357343292419
2025-01-23,2025-01,0,0.232276109605448,0.266786165481588,0.210984598752197,0.232497817597867
2025-01-24,2024-12,-1,,,0.316612419681075,0.189357343292419
2025-01-24,2025-01,0,0.232276109605448,0.266786165481588,0.210984598752197,0.232497817597867
2025-01-27,2024-12,-1,,,0.316612419681075,0.189357343292419
2025-01-27,2025-01,0,0.232276109605448,0.266786165481588,0.210984598752197,0.232497817597867
2025-01-28,2024-12,-1,,,0.316612419681075,0.189357343292419
2025-01-28,2025-01,0,0.242424629147151,0.266786165481588,0.217419541005316,0.232497817597867
2025-01-29,2024-12,-1,,,0.316612419681075,0.189357343292419
2025-01-29,2025-01,0,0.242424629147151,0.266786165481588,0.217419541005316,0.232497817597867
2025-01-30,2024-12,-1,,,0.316612419681075,0.189357343292419
2025-01-30,2025-01,0,0.242424629147151,0.266786165481588,0.217419541005316,0.232497817597867
2025-01-31,2025-01,0,0.242424629147151,0.266786165481588,0.213371996193099,0.229990745365645
2025-02-03,2025-01,-1,0.242424629147151,0.266786165481588,0.213371996193099,0.229990745365645
2025-02-03,2025-02,0,0.225256900954776,0.256319200426391,0.187168441361037,0.207672504346567
2025-02-04,2025-01,-1,0.242424629147151,0.266786165481588,0.213371996193099,0.229990745365645
2025-02-04,2025-02,0,0.222080886304094,0.256319200426391,0.185184848415859,0.207672504346567
2025-02-05,2025-01,-1,0.242424629147151,0.266786165481588,0.213371996193099,0.229990745365645
2025-02-05,2025-02,0,0.222080886304094,0.256319200426391,0.185184848415859,0.207672504346567
2025-02-06,2025-01,-1,0.242424629147151,0.266786165481588,0.213371996193099,0.229990745365645
2025-02-06,2025-02,0,0.222080886304094,0.256319200426391,0.185184848415859,0.207672504346567
2025-02-07,2025-01,-1,0.242424629147151,0.266786165481588,0.213371996193099,0.229990745365645
2025-02-07,2025-02,0,0.222080886304094,0.256319200426391,0.185184848415859,0.207672504346567
2025-02-10,2025-01,-1,0.242424629147151,0.266786165481588,0.213371996193099,0.229990745365645
2025-02-10,2025-02,0,0.222080886304094,0.256319200426391,0.185184848415859,0.207672504346567
2025-02-11,2025-01,-1,0.242424629147151,0.266786165481588,0.213371996193099,0.229990745365645
2025-02-11,2025-02,0,0.247943839519331,0.256319200426391,0.201337661668218,0.207672504346567
2025-02-12,2025-01,-1,,,0.384721028088761,0.367485700514298
2025-02-12,2025-02,0,0.210728147138617,0.270334969679681,0.180887211448769,0.219130417275622
2025-02-13,2025-01,-1,,,0.384721028088761,0.367485700514298
2025-02-13,2025-02,0,0.210728147138617,0.270334969679681,0.180887211448769,0.219130417275622
2025-02-14,2025-01,-1,,,0.384721028088761,0.367485700514298
2025-02-14,2025-02,0,0.210728147138617,0.270334969679681,0.180887211448769,0.219130417275622
2025-02-18,2025-01,-1,,,0.384721028088761,0.367485700514298
2025-02-18,2025-02,0,0.210728147138617,0.270334969679681,0.180887211448769,0.219130417275622
2025-02-19,2025-01,-1,,,0.384721028088761,0.367485700514298
2025-02-19,2025-02,0,0.227690071606869,0.270334969679681,0.192721262315828,0.219130417275622
2025-02-20,2025-01,-1,,,0.384721028088761,0.367485700514298
2025-02-20,2025-02,0,0.227690071606869,0.270334969679681,0.192721262315828,0.219130417275622
2025-02-21,2025-01,-1,,,0.384721028088761,0.367485700514298
2025-02-21,2025-02,0,0.227690071606869,0.270334969679681,0.192721262315828,0.219130417275622
2025-02-24,2025-01,-1,,,0.384721028088761,0.367485700514298
2025-02-24,2025-02,0,0.227690071606869,0.270334969679681,0.192721262315828,0.219130417275622
2025-02-25,2025-01,-1,,,0.384721028088761,0.367485700514298
2025-02-25,2025-02,0,0.230486984684081,0.270334969679681,0.194672621767312,0.219130417275622
2025-02-26,2025-01,-1,,,0.384721028088761,0.367485700514298
2025-02-26,2025-02,0,0.230486984684081,0.270334969679681,0.194672621767312,0.219130417275622
2025-02-27,2025-01,-1,,,0.384721028088761,0.367485700514298
2025-02-27,2025-02,0,0.230486984684081,0.270334969679681,0.194672621767312,0.219130417275622
2025-02-28,2025-02,0,0.230486984684081,0.270334969679681,0.193768636150233,0.217961646867522
2025-03-03,2025-02,-1,0.230486984684081,0.270334969679681,0.193768636150233,0.217961646867522
2025-03-03,2025-03,0,0.0089797475558888,0.261956374155937,0.0405750943830899,0.216173771205529
2025-03-04,2025-02,-1,0.230486984684081,0.270334969679681,0.193768636150233,0.217961646867522
2025-03-04,2025-03,0,0.0098540595740395,0.261956374155937,0.0411835830403159,0.216173771205529
2025-03-05,2025-02,-1,0.230486984684081,0.270334969679681,0.193768636150233,0.217961646867522
2025-03-05,2025-03,0,0.0098540595740395,0.261956374155937,0.0411835830403159,0.216173771205529
2025-03-06,2025-02,-1,0.230486984684081,0.270334969679681,0.193768636150233,0.217961646867522
2025-03-06,2025-03,0,0.0098540595740395,0.261956374155937,0.0411835830403159,0.216173771205529
2025-03-07,2025-02,-1,0.230486984684081,0.270334969679681,0.193768636150233,0.217961646867522
2025-03-07,2025-03,0,0.0098540595740395,0.261956374155937,0.0411835830403159,0.216173771205529
2025-03-10,2025-02,-1,0.230486984684081,0.270334969679681,0.193768636150233,0.217961646867522
2025-03-10,2025-03,0,0.0098540595740396,0.261956374155937,0.0411835830403159,0.216173771205529
2025-03-11,2025-02,-1,0.230486984684081,0.270334969679681,0.193768636150233,0.217961646867522
2025-03-11,2025-03,0,0.0050585357700852,0.261956374155937,0.0378460767730052,0.216173771205529
2025-03-12,2025-02,-1,,,0.185164800334748,0.190254889258157
2025-03-12,2025-03,0,0.0052431356461692,0.258315422571535,0.0364125768924991,0.213864874738082
2025-03-13,2025-02,-1,,,0.185164800334748,0.190254889258157
2025-03-13,2025-03,0,0.0052431356461692,0.258315422571535,0.0364125768924991,0.213864874738082
2025-03-14,2025-02,-1,,,0.185164800334748,0.190254889258157
2025-03-14,2025-03,0,0.0052431356461692,0.258315422571535,0.0364125768924991,0.213864874738082
2025-03-17,2025-02,-1,,,0.185164800334748,0.190254889258157
2025-03-17,2025-03,0,0.0052431356461692,0.258315422571535,0.0364125768924991,0.213864874738082
2025-03-18,2025-02,-1,,,0.185164800334748,0.190254889258157
2025-03-18,2025-03,0,-0.0009714246520683,0.258315422571535,0.0320815582835671,0.213864874738082
2025-03-19,2025-02,-1,,,0.185164800334748,0.190254889258157
2025-03-19,2025-03,0,-0.0009714246520683,0.258315422571535,0.0320815582835671,0.213864874738082
2025-03-20,2025-02,-1,,,0.185164800334748,0.190254889258157
2025-03-20,2025-03,0,-0.0009714246520683,0.258315422571535,0.0320815582835671,0.213864874738082
2025-03-21,2025-02,-1,,,0.185164800334748,0.190254889258157
2025-03-21,2025-03,0,-0.0009714246520683,0.258315422571535,0.0320815582835671,0.213864874738082
2025-03-24,2025-02,-1,,,0.185164800334748,0.190254889258157
2025-03-24,2025-03,0,-0.0009714246520683,0.258315422571535,0.032081558283567,0.213864874738082
2025-03-25,2025-02,-1,,,0.185164800334748,0.190254889258157
2025-03-25,2025-03,0,0.0108362399145829,0.258315422571535,0.0403104936405378,0.213864874738082
2025-03-26,2025-02,-1,,,0.185164800334748,0.190254889258157
2025-03-26,2025-03,0,0.0108362399145829,0.258315422571535,0.0403104936405378,0.213864874738082
2025-03-27,2025-02,-1,,,0.185164800334748,0.190254889258157
2025-03-27,2025-03,0,0.0108362399145829,0.258315422571535,0.0403104936405378,0.213864874738082
2025-03-28,2025-03,0,0.0108362399145829,0.258315422571535,0.0531303749170725,0.229510476165579
2025-03-31,2025-03,0,0.0108362399145829,0.258315422571535,0.0531303749170725,0.229510476165579
2025-04-01,2025-03,-1,0.0281482293168166,0.258315422571535,0.0651977338146743,0.229510476165579
2025-04-01,2025-04,0,0.318000524811041,0.247966651667773,0.263507847779452,0.220428011041705
2025-04-02,2025-03,-1,0.0281482293168166,0.258315422571535,0.0651977338146743,0.229510476165579
2025-04-02,2025-04,0,0.337776907125839,0.247966651667773,0.2772930169789,0.220428011041705
2025-04-03,2025-03,-1,0.0281482293168166,0.258315422571535,0.0651977338146743,0.229510476165579
2025-04-03,2025-04,0,0.337776907125839,0.247966651667773,0.2772930169789,0.220428011041705
2025-04-04,2025-03,-1,0.0281482293168166,0.258315422571535,0.0651977338146743,0.229510476165579
2025-04-04,2025-04,0,0.328607857143523,0.247966651667773,0.270901711259156,0.220428011041705
2025-04-07,2025-03,-1,0.0281482293168166,0.258315422571535,0.0651977338146743,0.229510476165579
2025-04-07,2025-04,0,0.20140976180062,0.247966651667773,0.182238009362704,0.220428011041705
2025-04-08,2025-03,-1,0.0281482293168166,0.258315422571535,0.0651977338146743,0.229510476165579
2025-04-08,2025-04,0,0.144903243968431,0.247966651667773,0.142850021368281,0.220428011041705
2025-04-09,2025-03,-1,0.0281482293168166,0.258315422571535,0.0651977338146743,0.229510476165579
2025-04-09,2025-04,0,0.300539231732125,0.247966651667773,0.251336416437638,0.220428011041705
2025-04-10,2025-03,-1,,,-0.0007135211169666,0.0985617655876033
2025-04-10,2025-04,0,0.290330424255975,0.231151429771193,0.243985123723651,0.209515618493541
2025-04-11,2025-03,-1,,,-0.0007135211169666,0.0985617655876033
2025-04-11,2025-04,0,0.290330424255975,0.231151429771193,0.243985123723651,0.209515618493541
2025-04-14,2025-03,-1,,,-0.0007135211169666,0.0985617655876033
2025-04-14,2025-04,0,0.290330424255975,0.231151429771193,0.243985123723651,0.209515618493541
2025-04-15,2025-03,-1,,,-0.0007135211169666,0.0985617655876033
2025-04-15,2025-04,0,0.290330424255975,0.231151429771193,0.243985123723651,0.209515618493541
2025-04-16,2025-03,-1,,,-0.0007135211169666,0.0985617655876033
2025-04-16,2025-04,0,0.252263128776189,0.231151429771193,0.217121886099618,0.209515618493541
2025-04-17,2025-03,-1,,,-0.0007135211169666,0.0985617655876033
2025-04-17,2025-04,0,0.252263128776189,0.231151429771193,0.217121886099618,0.209515618493541
2025-04-18,2025-03,-1,,,-0.0007135211169666,0.0985617655876033
2025-04-18,2025-04,0,0.252263128776189,0.231151429771193,0.217121886099618,0.209515618493541
2025-04-21,2025-03,-1,,,-0.0007135211169666,0.0985617655876033
2025-04-21,2025-04,0,0.252263128776189,0.231151429771193,0.217121886099618,0.209515618493541
2025-04-22,2025-03,-1,,,-0.0007135211169666,0.0985617655876033
2025-04-22,2025-04,0,0.252263128776189,0.231151429771193,0.217121886099618,0.209515618493541
2025-04-23,2025-03,-1,,,-0.0007135211169666,0.0985617655876033
2025-04-23,2025-04,0,0.230437879367778,0.231151429771193,0.201720296528506,0.209515618493541
2025-04-24,2025-03,-1,,,-0.0007135211169666,0.0985617655876033
2025-04-24,2025-04,0,0.230437879367778,0.231151429771193,0.201720296528506,0.209515618493541
2025-04-25,2025-03,-1,,,-0.0007135211169666,0.0985617655876033
2025-04-25,2025-04,0,0.230437879367778,0.231151429771193,0.201720296528506,0.209515618493541
2025-04-28,2025-03,-1,,,-0.0007135211169666,0.0985617655876033
2025-04-28,2025-04,0,0.230437879367778,0.231151429771193,0.201720296528506,0.209515618493541
2025-04-29,2025-03,-1,,,-0.0007135211169666,0.0985617655876033
2025-04-29,2025-04,0,0.230437879367778,0.231151429771193,0.201720296528506,0.209515618493541
2025-04-30,2025-04,0,0.217748780874516,0.231151429771193,0.200887670494648,0.217902973574304
2025-05-01,2025-04,-1,0.217748780874516,0.231151429771193,0.200887670494648,0.217902973574304
2025-05-01,2025-05,0,-0.0644829480830309,0.228473285822208,0.0041376168759321,0.214788568251805
2025-05-02,2025-04,-1,0.217748780874516,0.231151429771193,0.200887670494648,0.217902973574304
2025-05-02,2025-05,0,-0.0982071058980807,0.228473285822208,-0.0192877037180707,0.214788568251805
2025-05-05,2025-04,-1,0.217748780874516,0.231151429771193,0.200887670494648,0.217902973574304
2025-05-05,2025-05,0,-0.1116967690241,0.228473285822208,-0.0286578319556716,0.214788568251805
2025-05-06,2025-04,-1,0.217748780874516,0.231151429771193,0.200887670494648,0.217902973574304
2025-05-06,2025-05,0,-0.1116967690241,0.228473285822208,-0.0286578319556716,0.214788568251805
2025-05-07,2025-04,-1,0.217748780874516,0.231151429771193,0.200887670494648,0.217902973574304
2025-05-07,2025-05,0,0.122628161084755,0.228473285822208,0.13410788160405,0.214788568251805
2025-05-08,2025-04,-1,0.217748780874516,0.231151429771193,0.200887670494648,0.217902973574304
2025-05-08,2025-05,0,0.122628161084755,0.228473285822208,0.13410788160405,0.214788568251805
2025-05-09,2025-04,-1,0.217748780874516,0.231151429771193,0.200887670494648,0.217902973574304
2025-05-09,2025-05,0,0.122628161084755,0.228473285822208,0.13410788160405,0.214788568251805
2025-05-12,2025-04,-1,0.217748780874516,0.231151429771193,0.200887670494648,0.217902973574304
2025-05-12,2025-05,0,0.122628161084755,0.228473285822208,0.13410788160405,0.214788568251805
2025-05-13,2025-04,-1,,,0.194347816580145,0.208091120801118
2025-05-13,2025-05,0,0.120160698282996,0.228939892644105,0.131741805311792,0.21397091385404
2025-05-14,2025-04,-1,,,0.194347816580145,0.208091120801118
2025-05-14,2025-05,0,0.108289545602093,0.228939892644105,0.123471552892057,0.21397091385404
2025-05-15,2025-04,-1,,,0.194347816580145,0.208091120801118
2025-05-15,2025-05,0,0.108289545602093,0.228939892644105,0.123471552892057,0.21397091385404
2025-05-16,2025-04,-1,,,0.194347816580145,0.208091120801118
2025-05-16,2025-05,0,0.108289545602093,0.228939892644105,0.123471552892057,0.21397091385404
2025-05-19,2025-04,-1,,,0.194347816580145,0.208091120801118
2025-05-19,2025-05,0,0.108289545602093,0.228939892644105,0.123471552892057,0.21397091385404
2025-05-20,2025-04,-1,,,0.194347816580145,0.208091120801118
2025-05-20,2025-05,0,0.121809469488677,0.228939892644105,0.1328904514812,0.21397091385404
2025-05-21,2025-04,-1,,,0.194347816580145,0.208091120801118
2025-05-21,2025-05,0,0.121809469488677,0.228939892644105,0.1328904514812,0.21397091385404
2025-05-22,2025-04,-1,,,0.194347816580145,0.208091120801118
2025-05-22,2025-05,0,0.121809469488677,0.228939892644105,0.1328904514812,0.21397091385404
2025-05-23,2025-04,-1,,,0.194347816580145,0.208091120801118
2025-05-23,2025-05,0,0.121809469488677,0.228939892644105,0.1328904514812,0.21397091385404
2025-05-27,2025-04,-1,,,0.194347816580145,0.208091120801118
2025-05-27,2025-05,0,0.121809469488677,0.228939892644105,0.1328904514812,0.21397091385404
2025-05-28,2025-04,-1,,,0.194347816580145,0.208091120801118
2025-05-28,2025-05,0,0.125107011900039,0.228939892644105,0.135187743820015,0.21397091385404
2025-05-29,2025-04,-1,,,0.194347816580145,0.208091120801118
2025-05-29,2025-05,0,0.125107011900039,0.228939892644105,0.135187743820015,0.21397091385404
2025-05-30,2025-05,0,0.125107011900039,0.228939892644105,0.130049733012239,0.207876860418615
2025-06-02,2025-05,-1,0.125107011900039,0.228939892644105,0.130049733012239,0.207876860418615
2025-06-02,2025-06,0,0.152771317620786,0.236027092037937,0.154334011344866,0.218445388154226
2025-06-03,2025-05,-1,0.125107011900039,0.228939892644105,0.130049733012239,0.207876860418615
2025-06-03,2025-06,0,0.228299689685164,0.236027092037937,0.20697731638255,0.218445388154226
2025-06-04,2025-05,-1,0.125107011900039,0.228939892644105,0.130049733012239,0.207876860418615
2025-06-04,2025-06,0,0.238185626980983,0.236027092037937,0.213867818566334,0.218445388154226
2025-06-05,2025-05,-1,0.125107011900039,0.228939892644105,0.130049733012239,0.207876860418615
2025-06-05,2025-06,0,0.238185626980983,0.236027092037937,0.213867818566334,0.218445388154226
2025-06-06,2025-05,-1,0.125107011900039,0.228939892644105,0.130049733012239,0.207876860418615
2025-06-06,2025-06,0,0.238185626980983,0.236027092037937,0.213867818566334,0.218445388154226
2025-06-09,2025-05,-1,0.125107011900039,0.228939892644105,0.130049733012239,0.207876860418615
2025-06-09,2025-06,0,0.238185626980983,0.236027092037937,0.213867818566334,0.218445388154226
2025-06-10,2025-05,-1,0.125107011900039,0.228939892644105,0.130049733012239,0.207876860418615
2025-06-10,2025-06,0,0.238185626980983,0.236027092037937,0.213867818566334,0.218445388154226
2025-06-11,2025-05,-1,,,0.0888308592135735,0.141588733366265
2025-06-11,2025-06,0,0.223929062286313,0.22777293618119,0.203975635874436,0.21292137756653
2025-06-12,2025-05,-1,,,0.0888308592135735,0.141588733366265
2025-06-12,2025-06,0,0.223929062286313,0.22777293618119,0.203975635874436,0.21292137756653
2025-06-13,2025-05,-1,,,0.0888308592135735,0.141588733366265
2025-06-13,2025-06,0,0.223929062286313,0.22777293618119,0.203975635874436,0.21292137756653
2025-06-16,2025-05,-1,,,0.0888308592135735,0.141588733366265
2025-06-16,2025-06,0,0.223929062286313,0.22777293618119,0.203975635874436,0.21292137756653
2025-06-17,2025-05,-1,,,0.0888308592135735,0.141588733366265
2025-06-17,2025-06,0,0.223929062286313,0.22777293618119,0.203975635874436,0.21292137756653
2025-06-18,2025-05,-1,,,0.0888308592135735,0.141588733366265
2025-06-18,2025-06,0,0.230164776527357,0.22777293618119,0.208339996556427,0.21292137756653
2025-06-20,2025-05,-1,,,0.0888308592135735,0.141588733366265
2025-06-20,2025-06,0,0.230164776527357,0.22777293618119,0.208339996556427,0.21292137756653
2025-06-23,2025-05,-1,,,0.0888308592135735,0.141588733366265
2025-06-23,2025-06,0,0.230164776527357,0.22777293618119,0.208339996556427,0.21292137756653
2025-06-24,2025-05,-1,,,0.0888308592135735,0.141588733366265
2025-06-24,2025-06,0,0.25079060055543,0.22777293618119,0.222775958812245,0.21292137756653
2025-06-25,2025-05,-1,,,0.0888308592135735,0.141588733366265
2025-06-25,2025-06,0,0.25079060055543,0.22777293618119,0.222775958812245,0.21292137756653
2025-06-26,2025-05,-1,,,0.0888308592135735,0.141588733366265
2025-06-26,2025-06,0,0.25079060055543,0.22777293618119,0.222775958812245,0.21292137756653
2025-06-27,2025-06,0,0.25079060055543,0.22777293618119,0.229466788923797,0.220490831259508
2025-06-30,2025-06,0,0.25079060055543,0.22777293618119,0.229466788923797,0.220490831259508
2025-07-01,2025-06,-1,0.25079060055543,0.22777293618119,0.229466788923797,0.220490831259508
2025-07-01,2025-07,0,0.0534378708556011,0.239155699869222,0.0868997336034957,0.220390330548014
2025-07-02,2025-06,-1,0.253572688447588,0.22777293618119,0.231393721293607,0.220490831259508
2025-07-02,2025-07,0,0.0363940743512413,0.239155699869222,0.0750948430098955,0.220390330548014
2025-07-03,2025-06,-1,0.253572688447588,0.22777293618119,0.231393721293607,0.220490831259508
2025-07-03,2025-07,0,0.0690730034576219,0.239155699869222,0.0977289540612779,0.220390330548014
2025-07-07,2025-06,-1,0.253572688447588,0.22777293618119,0.231393721293607,0.220490831259508
2025-07-07,2025-07,0,0.0762623678610255,0.239155699869222,0.102708458492582,0.220390330548014
2025-07-08,2025-06,-1,0.253572688447588,0.22777293618119,0.231393721293607,0.220490831259508
2025-07-08,2025-07,0,0.0844321001376215,0.239155699869222,0.108366986255428,0.220390330548014
2025-07-09,2025-06,-1,0.253572688447588,0.22777293618119,0.231393721293607,0.220490831259508
2025-07-09,2025-07,0,0.160220477978968,0.239155699869222,0.160859604813428,0.220390330548014
2025-07-10,2025-06,-1,0.253572688447588,0.22777293618119,0.231393721293607,0.220490831259508
2025-07-10,2025-07,0,0.160220477978968,0.239155699869222,0.160859604813428,0.220390330548014
2025-07-11,2025-06,-1,0.253572688447588,0.22777293618119,0.231393721293607,0.220490831259508
2025-07-11,2025-07,0,0.160220477978968,0.239155699869222,0.160859604813428,0.220390330548014
2025-07-14,2025-06,-1,0.253572688447588,0.22777293618119,0.231393721293607,0.220490831259508
2025-07-14,2025-07,0,0.160220477978968,0.239155699869222,0.160859604813428,0.220390330548014
2025-07-15,2025-06,-1,,,0.24273841206205,0.205386844765585
2025-07-15,2025-07,0,0.161589292347052,0.239194326880425,0.161268323054751,0.219131665006853
2025-07-16,2025-06,-1,,,0.24273841206205,0.205386844765585
2025-07-16,2025-07,0,0.163031298123879,0.239194326880425,0.162273594945935,0.219131665006853
2025-07-17,2025-06,-1,,,0.24273841206205,0.205386844765585
2025-07-17,2025-07,0,0.163031298123879,0.239194326880425,0.162273594945935,0.219131665006853
2025-07-18,2025-06,-1,,,0.24273841206205,0.205386844765585
2025-07-18,2025-07,0,0.163031298123879,0.239194326880425,0.162273594945935,0.219131665006853
2025-07-21,2025-06,-1,,,0.24273841206205,0.205386844765585
2025-07-21,2025-07,0,0.163031298123879,0.239194326880425,0.162273594945935,0.219131665006853
2025-07-22,2025-06,-1,,,0.24273841206205,0.205386844765585
2025-07-22,2025-07,0,0.163031298123879,0.239194326880425,0.162273594945935,0.219131665006853
2025-07-23,2025-06,-1,,,0.24273841206205,0.205386844765585
2025-07-23,2025-07,0,0.160948400890685,0.239194326880425,0.160821535547558,0.219131665006853
2025-07-24,2025-06,-1,,,0.24273841206205,0.205386844765585
2025-07-24,2025-07,0,0.160948400890685,0.239194326880425,0.160821535547558,0.219131665006853
2025-07-25,2025-06,-1,,,0.24273841206205,0.205386844765585
2025-07-25,2025-07,0,0.160948400890685,0.239194326880425,0.160821535547558,0.219131665006853
2025-07-28,2025-06,-1,,,0.24273841206205,0.205386844765585
2025-07-28,2025-07,0,0.160948400890685,0.239194326880425,0.160821535547558,0.219131665006853
2025-07-29,2025-06,-1,,,0.24273841206205,0.205386844765585
2025-07-29,2025-07,0,0.160948400890685,0.239194326880425,0.160821535547558,0.219131665006853
2025-07-30,2025-06,-1,,,0.24273841206205,0.205386844765585
2025-07-30,2025-07,0,0.160147286570225,0.239194326880425,0.160263051163567,0.219131665006853
2025-07-31,2025-07,0,0.160147286570225,0.239194326880425,0.169622994917878,0.229894005709499
2025-08-01,2025-07,-1,0.160147286570225,0.239194326880425,0.169622994917878,0.229894005709499
2025-08-01,2025-08,0,0.348981632154412,0.243682630272807,0.301585440246944,0.234631248002285
2025-08-04,2025-07,-1,0.160147286570225,0.239194326880425,0.169622994917878,0.229894005709499
2025-08-04,2025-08,0,0.254465636600332,0.243682630272807,0.235996025210077,0.234631248002285
2025-08-05,2025-07,-1,0.160147286570225,0.239194326880425,0.169622994917878,0.229894005709499
2025-08-05,2025-08,0,0.239429000944001,0.243682630272807,0.225561345545121,0.234631248002285
2025-08-06,2025-07,-1,0.160147286570225,0.239194326880425,0.169622994917878,0.229894005709499
2025-08-06,2025-08,0,0.306865897615584,0.243682630272807,0.272359208474682,0.234631248002285
2025-08-07,2025-07,-1,0.160147286570225,0.239194326880425,0.169622994917878,0.229894005709499
2025-08-07,2025-08,0,0.306865897615584,0.243682630272807,0.272359208474682,0.234631248002285
2025-08-08,2025-07,-1,0.160147286570225,0.239194326880425,0.169622994917878,0.229894005709499
2025-08-08,2025-08,0,0.306865897615584,0.243682630272807,0.272359208474682,0.234631248002285
2025-08-11,2025-07,-1,0.160147286570225,0.239194326880425,0.169622994917878,0.229894005709499
2025-08-11,2025-08,0,0.306865897615584,0.243682630272807,0.272359208474682,0.234631248002285
2025-08-12,2025-07,-1,,,0.181394099090093,0.262696560872262
2025-08-12,2025-08,0,0.311627109303682,0.250611796561466,0.273526020706213,0.237364794265849
2025-08-13,2025-07,-1,,,0.181394099090093,0.262696560872262
2025-08-13,2025-08,0,0.300928688089778,0.250611796561466,0.266123558441747,0.237364794265849
2025-08-14,2025-07,-1,,,0.181394099090093,0.262696560872262
2025-08-14,2025-08,0,0.300928688089778,0.250611796561466,0.266123558441747,0.237364794265849
2025-08-15,2025-07,-1,,,0.181394099090093,0.262696560872262
2025-08-15,2025-08,0,0.300928688089778,0.250611796561466,0.266123558441747,0.237364794265849
2025-08-18,2025-07,-1,,,0.181394099090093,0.262696560872262
2025-08-18,2025-08,0,0.300928688089778,0.250611796561466,0.266123558441747,0.237364794265849
2025-08-19,2025-07,-1,,,0.181394099090093,0.262696560872262
2025-08-19,2025-08,0,0.300928688089778,0.250611796561466,0.266123558441747,0.237364794265849
2025-08-20,2025-07,-1,,,0.181394099090093,0.262696560872262
2025-08-20,2025-08,0,0.299956104343059,0.250611796561466,0.265450607326796,0.237364794265849
2025-08-21,2025-07,-1,,,0.181394099090093,0.262696560872262
2025-08-21,2025-08,0,0.299956104343059,0.250611796561466,0.265450607326796,0.237364794265849
2025-08-22,2025-07,-1,,,0.181394099090093,0.262696560872262
2025-08-22,2025-08,0,0.299956104343059,0.250611796561466,0.265450607326796,0.237364794265849
2025-08-25,2025-07,-1,,,0.181394099090093,0.262696560872262
2025-08-25,2025-08,0,0.299956104343059,0.250611796561466,0.265450607326796,0.237364794265849
2025-08-26,2025-07,-1,,,0.181394099090093,0.262696560872262
2025-08-26,2025-08,0,0.299956104343059,0.250611796561466,0.265450607326796,0.237364794265849
2025-08-27,2025-07,-1,,,0.181394099090093,0.262696560872262
2025-08-27,2025-08,0,0.304575877139972,0.250611796561466,0.268647125122815,0.237364794265849
2025-08-28,2025-07,-1,,,0.181394099090093,0.262696560872262
2025-08-28,2025-08,0,0.304575877139972,0.250611796561466,0.268647125122815,0.237364794265849
2025-08-29,2025-08,0,0.304575877139972,0.250611796561466,0.268193814428042,0.236716499705046
2025-09-02,2025-08,-1,0.304575877139972,0.250611796561466,0.268193814428042,0.236716499705046
2025-09-02,2025-09,0,0.305010078225175,0.247823429337194,0.274877503862809,0.242590427686447
2025-09-03,2025-08,-1,0.304575877139972,0.250611796561466,0.268193814428042,0.236716499705046
2025-09-03,2025-09,0,0.383674476386269,0.247823429337194,0.329189410469893,0.242590427686447
2025-09-04,2025-08,-1,0.304575877139972,0.250611796561466,0.268193814428042,0.236716499705046
2025-09-04,2025-09,0,0.383674476386269,0.247823429337194,0.329189410469893,0.242590427686447
2025-09-05,2025-08,-1,0.304575877139972,0.250611796561466,0.268193814428042,0.236716499705046
2025-09-05,2025-09,0,0.383674476386269,0.247823429337194,0.329189410469893,0.242590427686447
2025-09-08,2025-08,-1,0.304575877139972,0.250611796561466,0.268193814428042,0.236716499705046
2025-09-08,2025-09,0,0.383674476386269,0.247823429337194,0.329189410469893,0.242590427686447
2025-09-09,2025-08,-1,0.304575877139972,0.250611796561466,0.268193814428042,0.236716499705046
2025-09-09,2025-09,0,0.383674476386269,0.247823429337194,0.329189410469893,0.242590427686447
2025-09-10,2025-08,-1,0.304575877139972,0.250611796561466,0.268193814428042,0.236716499705046
2025-09-10,2025-09,0,0.391435442414876,0.247823429337194,0.334547779337894,0.242590427686447
2025-09-11,2025-08,-1,,,0.315110450237022,0.278452248352303
2025-09-11,2025-09,0,0.392499613226172,0.255768649006923,0.33337001231232,0.246068406740385
2025-09-12,2025-08,-1,,,0.315110450237022,0.278452248352303
2025-09-12,2025-09,0,0.392499613226172,0.255768649006923,0.33337001231232,0.246068406740385
2025-09-15,2025-08,-1,,,0.315110450237022,0.278452248352303
2025-09-15,2025-09,0,0.392499613226172,0.255768649006923,0.33337001231232,0.246068406740385
2025-09-16,2025-08,-1,,,0.315110450237022,0.278452248352303
2025-09-16,2025-09,0,0.387803260300727,0.255768649006923,0.330163384120769,0.246068406740385
2025-09-17,2025-08,-1,,,0.315110450237022,0.278452248352303
2025-09-17,2025-09,0,0.387803260300727,0.255768649006923,0.330163384120769,0.246068406740385
2025-09-18,2025-08,-1,,,0.315110450237022,0.278452248352303
2025-09-18,2025-09,0,0.387803260300727,0.255768649006923,0.330163384120769,0.246068406740385
2025-09-19,2025-08,-1,,,0.315110450237022,0.278452248352303
2025-09-19,2025-09,0,0.387803260300727,0.255768649006923,0.330163384120769,0.246068406740385
2025-09-22,2025-08,-1,,,0.315110450237022,0.278452248352303
2025-09-22,2025-09,0,0.387803260300727,0.255768649006923,0.330163384120769,0.246068406740385
2025-09-23,2025-08,-1,,,0.315110450237022,0.278452248352303
2025-09-23,2025-09,0,0.386629172069366,0.255768649006923,0.329361727072882,0.246068406740385
2025-09-24,2025-08,-1,,,0.315110450237022,0.278452248352303
2025-09-24,2025-09,0,0.386629172069366,0.255768649006923,0.329361727072882,0.246068406740385
2025-09-25,2025-08,-1,,,0.315110450237022,0.278452248352303
2025-09-25,2025-09,0,0.386629172069366,0.255768649006923,0.329361727072882,0.246068406740385
2025-09-26,2025-09,0,0.386629172069366,0.255768649006923,0.314124372425197,0.238968045587719
2025-09-29,2025-09,0,0.386629172069366,0.255768649006923,0.314124372425197,0.238968045587719
2025-09-30,2025-09,0,0.375968450928606,0.255768649006923,0.307573257216131,0.238968045587719
2025-10-01,2025-09,-1,0.375968450928606,0.255768649006923,0.307573257216131,0.238968045587719
2025-10-01,2025-10,0,0.198552626727325,0.251132146717158,0.198079893921763,0.236006126228141
2025-10-02,2025-09,-1,0.375968450928606,0.255768649006923,0.307573257216131,0.238968045587719
2025-10-02,2025-10,0,0.145911805253691,0.251132146717158,0.16573160513151,0.236006126228141
2025-10-03,2025-09,-1,0.375968450928606,0.255768649006923,0.307573257216131,0.238968045587719
2025-10-03,2025-10,0,0.12636850626348,0.251132146717158,0.153722060790218,0.236006126228141
2025-10-06,2025-09,-1,0.375968450928606,0.255768649006923,0.307573257216131,0.238968045587719
2025-10-06,2025-10,0,0.124267076264533,0.251132146717158,0.152430711936316,0.236006126228141
2025-10-07,2025-09,-1,0.375968450928606,0.255768649006923,0.307573257216131,0.238968045587719
2025-10-07,2025-10,0,0.244297258251851,0.251132146717158,0.226190407962663,0.236006126228141
2025-10-08,2025-09,-1,0.375968450928606,0.255768649006923,0.307573257216131,0.238968045587719
2025-10-08,2025-10,0,0.244297258251851,0.251132146717158,0.226190407962663,0.236006126228141
2025-10-09,2025-09,-1,0.375968450928606,0.255768649006923,0.307573257216131,0.238968045587719
2025-10-09,2025-10,0,0.244297258251851,0.251132146717158,0.226190407962663,0.236006126228141
2025-10-10,2025-09,-1,0.375968450928606,0.255768649006923,0.307573257216131,0.238968045587719
2025-10-10,2025-10,0,0.244297258251851,0.251132146717158,0.226190407962663,0.236006126228141
2025-10-14,2025-09,-1,0.375968450928606,0.255768649006923,0.307573257216131,0.238968045587719
2025-10-14,2025-10,0,0.244297258251851,0.251132146717158,0.226190407962663,0.236006126228141
2025-10-15,2025-09,-1,0.375968450928606,0.255768649006923,0.307573257216131,0.238968045587719
2025-10-15,2025-10,0,0.216424159795179,0.251132146717158,0.209062122097914,0.236006126228141
2025-10-16,2025-09,-1,0.375968450928606,0.255768649006923,0.307573257216131,0.238968045587719
2025-10-16,2025-10,0,0.216424159795179,0.251132146717158,0.209062122097914,0.236006126228141
2025-10-17,2025-09,-1,0.375968450928606,0.255768649006923,0.307573257216131,0.238968045587719
2025-10-17,2025-10,0,0.216424159795179,0.251132146717158,0.209062122097914,0.236006126228141
2025-10-20,2025-09,-1,0.375968450928606,0.255768649006923,0.307573257216131,0.238968045587719
2025-10-20,2025-10,0,0.216424159795179,0.251132146717158,0.209062122097914,0.236006126228141
2025-10-21,2025-09,-1,0.375968450928606,0.255768649006923,0.307573257216131,0.238968045587719
2025-10-21,2025-10,0,0.194125681029842,0.251132146717158,0.195359493406116,0.236006126228141
2025-10-22,2025-09,-1,0.375968450928606,0.255768649006923,0.307573257216131,0.238968045587719
2025-10-22,2025-10,0,0.194125681029842,0.251132146717158,0.195359493406116,0.236006126228141
2025-10-23,2025-09,-1,0.375968450928606,0.255768649006923,0.307573257216131,0.238968045587719
2025-10-23,2025-10,0,0.194125681029842,0.251132146717158,0.195359493406116,0.236006126228141
2025-10-24,2025-09,-1,,,0.270876874131878,0.218714992481277
2025-10-24,2025-10,0,0.190780873740176,0.248744105819295,0.193377216774885,0.234318371802604
2025-10-27,2025-09,-1,,,0.270876874131878,0.218714992481277
2025-10-27,2025-10,0,0.190780873740176,0.248744105819295,0.193377216774885,0.234318371802604
2025-10-28,2025-09,-1,,,0.270876874131878,0.218714992481277
2025-10-28,2025-10,0,0.190780873740176,0.248744105819295,0.193377216774885,0.234318371802604
2025-10-29,2025-09,-1,,,0.270876874131878,0.218714992481277
2025-10-29,2025-10,0,0.183254751516416,0.248744105819295,0.188753051741753,0.234318371802604
2025-10-30,2025-09,-1,,,0.270876874131878,0.218714992481277
2025-10-30,2025-10,0,0.183254751516416,0.248744105819295,0.188753051741753,0.234318371802604
2025-10-31,2025-09,-1,,,0.270876874131878,0.218714992481277
2025-10-31,2025-10,0,0.183254751516416,0.248744105819295,0.188753051741753,0.234318371802604
2025-11-03,2025-09,-2,,,0.270876874131878,0.218714992481277
2025-11-03,2025-10,-1,0.183254751516416,0.248744105819295,0.188753051741753,0.234318371802604
2025-11-03,2025-11,0,0.301529716929311,0.247317052243088,0.257149622145203,0.229141745641677
2025-11-04,2025-09,-2,,,0.270876874131878,0.218714992481277
2025-11-04,2025-10,-1,0.183254751516416,0.248744105819295,0.188753051741753,0.234318371802604
2025-11-04,2025-11,0,0.296123340029228,0.247317052243088,0.253827861180654,0.229141745641677
2025-11-05,2025-09,-2,,,0.270876874131878,0.218714992481277
2025-11-05,2025-10,-1,0.183254751516416,0.248744105819295,0.188753051741753,0.234318371802604
2025-11-05,2025-11,0,0.296457922209869,0.247317052243088,0.25403343360885,0.229141745641677
2025-11-06,2025-09,-2,,,0.270876874131878,0.218714992481277
2025-11-06,2025-10,-1,0.183254751516416,0.248744105819295,0.188753051741753,0.234318371802604
2025-11-06,2025-11,0,0.296457922209869,0.247317052243088,0.25403343360885,0.229141745641677
2025-11-07,2025-09,-2,,,0.270876874131878,0.218714992481277
2025-11-07,2025-10,-1,0.183254751516416,0.248744105819295,0.188753051741753,0.234318371802604
2025-11-07,2025-11,0,0.296457922209869,0.247317052243088,0.25403343360885,0.229141745641677
2025-11-10,2025-09,-2,,,0.270876874131878,0.218714992481277
2025-11-10,2025-10,-1,0.183254751516416,0.248744105819295,0.188753051741753,0.234318371802604
2025-11-10,2025-11,0,0.296457922209869,0.247317052243088,0.25403343360885,0.229141745641677
2025-11-12,2025-09,-2,,,0.270876874131878,0.218714992481277
2025-11-12,2025-10,-1,0.183254751516416,0.248744105819295,0.188753051741753,0.234318371802604
2025-11-12,2025-11,0,0.296457922209869,0.247317052243088,0.25403343360885,0.229141745641677
2025-11-13,2025-09,-2,,,0.270876874131878,0.218714992481277
2025-11-13,2025-10,-1,0.183254751516416,0.248744105819295,0.188753051741753,0.234318371802604
2025-11-13,2025-11,0,0.311996849210404,0.247317052243088,0.263580788907098,0.229141745641677
2025-11-14,2025-09,-2,,,0.270876874131878,0.218714992481277
2025-11-14,2025-10,-1,0.183254751516416,0.248744105819295,0.188753051741753,0.234318371802604
2025-11-14,2025-11,0,0.311996849210404,0.247317052243088,0.263580788907098,0.229141745641677
2025-11-17,2025-09,-2,,,0.270876874131878,0.218714992481277
2025-11-17,2025-10,-1,0.183254751516416,0.248744105819295,0.188753051741753,0.234318371802604
2025-11-17,2025-11,0,0.311996849210404,0.247317052243088,0.263580788907098,0.229141745641677
2025-11-18,2025-09,-2,,,0.270876874131878,0.218714992481277
2025-11-18,2025-10,-1,0.183254751516416,0.248744105819295,0.188753051741753,0.234318371802604
2025-11-18,2025-11,0,0.311996849210404,0.247317052243088,0.263580788907098,0.229141745641677
2025-11-19,2025-09,-2,,,0.270876874131878,0.218714992481277
2025-11-19,2025-10,-1,0.183254751516416,0.248744105819295,0.188753051741753,0.234318371802604
2025-11-19,2025-11,0,0.318360409791575,0.247317052243088,0.267490658219713,0.229141745641677
2025-11-20,2025-09,-2,,,0.270876874131878,0.218714992481277
2025-11-20,2025-10,-1,0.183254751516416,0.248744105819295,0.188753051741753,0.234318371802604
2025-11-20,2025-11,0,0.318360409791575,0.247317052243088,0.267490658219713,0.229141745641677
2025-11-21,2025-09,-2,,,0.270876874131878,0.218714992481277
2025-11-21,2025-10,-1,0.183254751516416,0.248744105819295,0.188753051741753,0.234318371802604
2025-11-21,2025-11,0,0.318360409791575,0.247317052243088,0.267490658219713,0.229141745641677
2025-11-24,2025-09,-2,,,0.270876874131878,0.218714992481277
2025-11-24,2025-10,-1,0.183254751516416,0.248744105819295,0.188753051741753,0.234318371802604
2025-11-24,2025-11,0,0.318360409791575,0.247317052243088,0.267490658219713,0.229141745641677
2025-11-25,2025-09,-2,,,0.270876874131878,0.218714992481277
2025-11-25,2025-10,-1,0.183254751516416,0.248744105819295,0.188753051741753,0.234318371802604
2025-11-25,2025-11,0,0.321542190082161,0.247317052243088,0.269445592876021,0.229141745641677
2025-11-26,2025-09,-2,,,0.270876874131878,0.218714992481277
2025-11-26,2025-10,-1,0.183254751516416,0.248744105819295,0.188753051741753,0.234318371802604
2025-11-26,2025-11,0,0.321542190082161,0.247317052243088,0.269445592876021,0.229141745641677
2025-11-28,2025-09,-2,,,0.270876874131878,0.218714992481277
2025-11-28,2025-10,-1,0.183254751516416,0.248744105819295,0.188753051741753,0.234318371802604
2025-11-28,2025-11,0,0.321542190082161,0.247317052243088,0.269445592876021,0.229141745641677
2025-12-01,2025-09,-3,,,0.270876874131878,0.218714992481277
2025-12-01,2025-10,-2,0.183254751516416,0.248744105819295,0.188753051741753,0.234318371802604
2025-12-01,2025-11,-1,0.321542190082161,0.247317052243088,0.269445592876021,0.229141745641677
2025-12-01,2025-12,0,0.295355401327349,0.243809235119552,0.264832892639028,0.23948847928504
2025-12-02,2025-09,-3,,,0.270876874131878,0.218714992481277
2025-12-02,2025-10,-2,0.183254751516416,0.248744105819295,0.188753051741753,0.234318371802604
2025-12-02,2025-11,-1,0.321542190082161,0.247317052243088,0.269445592876021,0.229141745641677
2025-12-02,2025-12,0,0.294467111839677,0.243809235119552,0.264287113941039,0.23948847928504
2025-12-03,2025-09,-3,,,0.270876874131878,0.218714992481277
2025-12-03,2025-10,-2,0.183254751516416,0.248744105819295,0.188753051741753,0.234318371802604
2025-12-03,2025-11,-1,0.321542190082161,0.247317052243088,0.269445592876021,0.229141745641677
2025-12-03,2025-12,0,0.310536422303755,0.243809235119552,0.274160344981582,0.23948847928504
2025-12-04,2025-09,-3,,,0.270876874131878,0.218714992481277
2025-12-04,2025-10,-2,0.183254751516416,0.248744105819295,0.188753051741753,0.234318371802604
2025-12-04,2025-11,-1,0.321542190082161,0.247317052243088,0.269445592876021,0.229141745641677
2025-12-04,2025-12,0,0.310536422303755,0.243809235119552,0.274160344981582,0.23948847928504
2025-12-05,2025-10,-2,0.183254751516416,0.248744105819295,0.187752977774929,0.232468765792149
2025-12-05,2025-11,-1,0.321542190082161,0.247317052243088,0.269553677913939,0.227138005797017
2025-12-05,2025-12,0,0.310536422303755,0.243809235119552,0.274098764946994,0.237317761119991
2025-12-08,2025-10,-2,0.183254751516416,0.248744105819295,0.187752977774929,0.232468765792149
2025-12-08,2025-11,-1,0.321542190082161,0.247317052243088,0.269553677913939,0.227138005797017
2025-12-08,2025-12,0,0.310536422303755,0.243809235119552,0.274098764946994,0.237317761119991
2025-12-09,2025-10,-2,0.183254751516416,0.248744105819295,0.187752977774929,0.232468765792149
2025-12-09,2025-11,-1,0.321542190082161,0.247317052243088,0.269553677913939,0.227138005797017
2025-12-09,2025-12,0,0.310536422303755,0.243809235119552,0.274098764946994,0.237317761119991
2025-12-10,2025-10,-2,0.183254751516416,0.248744105819295,0.187752977774929,0.232468765792149
2025-12-10,2025-11,-1,0.321542190082161,0.247317052243088,0.269553677913939,0.227138005797017
2025-12-10,2025-12,0,0.290488677136045,0.243809235119552,0.261609582796877,0.237317761119991
2025-12-11,2025-10,-2,0.183254751516416,0.248744105819295,0.187752977774929,0.232468765792149
2025-12-11,2025-11,-1,0.321542190082161,0.247317052243088,0.269553677913939,0.227138005797017
2025-12-11,2025-12,0,0.290488677136045,0.243809235119552,0.261609582796877,0.237317761119991
2025-12-12,2025-10,-2,0.183254751516416,0.248744105819295,0.187752977774929,0.232468765792149
2025-12-12,2025-11,-1,0.321542190082161,0.247317052243088,0.269553677913939,0.227138005797017
2025-12-12,2025-12,0,0.290488677136045,0.243809235119552,0.261609582796877,0.237317761119991
2025-12-15,2025-10,-2,0.183254751516416,0.248744105819295,0.187752977774929,0.232468765792149
2025-12-15,2025-11,-1,0.321542190082161,0.247317052243088,0.269553677913939,0.227138005797017
2025-12-15,2025-12,0,0.290488677136045,0.243809235119552,0.261609582796877,0.237317761119991
2025-12-16,2025-10,-2,0.183254751516416,0.248744105819295,0.187752977774929,0.232468765792149
2025-12-16,2025-11,-1,0.321542190082161,0.247317052243088,0.269553677913939,0.227138005797017
2025-12-16,2025-12,0,0.290488677136045,0.243809235119552,0.261609582796877,0.237317761119991
2025-12-17,2025-10,-2,0.183254751516416,0.248744105819295,0.187752977774929,0.232468765792149
2025-12-17,2025-11,-1,0.321542190082161,0.247317052243088,0.269553677913939,0.227138005797017
2025-12-17,2025-12,0,0.270143928336221,0.243809235119552,0.248935375726018,0.237317761119991
2025-12-18,2025-10,-2,,,0.179281309437696,0.227483067413784
2025-12-18,2025-11,-1,,,0.0665621878753412,0.0521154931502834
2025-12-18,2025-12,0,0.246790177555277,0.215750382490006,0.231842849841312,0.2223170768679
2025-12-19,2025-10,-2,,,0.179281309437696,0.227483067413784
2025-12-19,2025-11,-1,,,0.0665621878753412,0.0521154931502834
2025-12-19,2025-12,0,0.246790177555277,0.215750382490006,0.231842849841312,0.2223170768679
2025-12-22,2025-10,-2,,,0.179281309437696,0.227483067413784
2025-12-22,2025-11,-1,,,0.0665621878753412,0.0521154931502834
2025-12-22,2025-12,0,0.246790177555277,0.215750382490006,0.231842849841312,0.2223170768679
2025-12-23,2025-10,-2,,,0.17931390155968,0.227499544927549
2025-12-23,2025-11,-1,,,0.0665944970398888,0.0516121511633146
2025-12-23,2025-12,0,0.223858816160059,0.215750382490006,0.218052594233485,0.222342364803294
2025-12-24,2025-10,-2,,,0.17931390155968,0.227499544927549
2025-12-24,2025-11,-1,,,0.0665944970398888,0.0516121511633146
2025-12-24,2025-12,0,0.223858816160059,0.215750382490006,0.218052594233485,0.222342364803294
2025-12-26,2025-10,-2,,,0.17931390155968,0.227499544927549
2025-12-26,2025-11,-1,,,0.0665944970398888,0.0516121511633146
2025-12-26,2025-12,0,0.223858816160059,0.215750382490006,0.218052594233485,0.222342364803294
2025-12-29,2025-10,-2,,,0.17931390155968,0.227499544927549
2025-12-29,2025-11,-1,,,0.0665944970398888,0.0516121511633146
2025-12-29,2025-12,0,0.223858816160059,0.215750382490006,0.218052594233485,0.222342364803294
2025-12-30,2025-10,-2,,,0.17931390155968,0.227499544927549
2025-12-30,2025-11,-1,,,0.0665944970398888,0.0516121511633146
2025-12-30,2025-12,0,0.223858816160059,0.215750382490006,0.218052594233485,0.222342364803294
2025-12-31,2025-10,-2,,,0.17931390155968,0.227499544927549
2025-12-31,2025-11,-1,,,0.0665944970398888,0.0516121511633146
2025-12-31,2025-12,0,0.204578066144145,0.215750382490006,0.206415726726135,0.222342364803294
2026-01-02,2025-10,-3,,,0.17931390155968,0.227499544927549
2026-01-02,2025-11,-2,,,0.0665944970398888,0.0516121511633146
2026-01-02,2025-12,-1,0.204578066144145,0.215750382490006,0.206415726726135,0.222342364803294
2026-01-02,2026-01,0,0.15107069377663,0.216242493578873,0.176371061217809,0.225140268075901
2026-01-05,2025-10,-3,,,0.17931390155968,0.227499544927549
2026-01-05,2025-11,-2,,,0.0665944970398888,0.0516121511633146
2026-01-05,2025-12,-1,0.204578066144145,0.215750382490006,0.206415726726135,0.222342364803294
2026-01-05,2026-01,0,0.147944522797743,0.216242493578873,0.174484265452261,0.225140268075901
2026-01-06,2025-10,-3,,,0.17931390155968,0.227499544927549
2026-01-06,2025-11,-2,,,0.0665944970398888,0.0516121511633146
2026-01-06,2025-12,-1,0.204578066144145,0.215750382490006,0.206415726726135,0.222342364803294
2026-01-06,2026-01,0,0.163731686241122,0.216242493578873,0.184012584068283,0.225140268075901
2026-01-07,2025-10,-3,,,0.17931390155968,0.227499544927549
2026-01-07,2025-11,-2,,,0.0665944970398888,0.0516121511633146
2026-01-07,2025-12,-1,0.204578066144145,0.215750382490006,0.206415726726135,0.222342364803294
2026-01-07,2026-01,0,0.115075989830535,0.216242493578873,0.154646512098024,0.225140268075901
2026-01-08,2025-10,-3,,,0.17931390155968,0.227499544927549
2026-01-08,2025-11,-2,,,0.0665944970398888,0.0516121511633146
2026-01-08,2025-12,-1,0.204578066144145,0.215750382490006,0.206415726726135,0.222342364803294
2026-01-08,2026-01,0,0.115075989830535,0.216242493578873,0.154646512098024,0.225140268075901
2026-01-09,2025-10,-3,,,0.17931390155968,0.227499544927549
2026-01-09,2025-11,-2,,,0.0665944970398888,0.0516121511633146
2026-01-09,2025-12,-1,0.204578066144145,0.215750382490006,0.206415726726135,0.222342364803294
2026-01-09,2026-01,0,0.115075989830535,0.216242493578873,0.154646512098024,0.225140268075901
2026-01-12,2025-10,-3,,,0.17931390155968,0.227499544927549
2026-01-12,2025-11,-2,,,0.0665944970398888,0.0516121511633146
2026-01-12,2025-12,-1,0.204578066144145,0.215750382490006,0.206415726726135,0.222342364803294
2026-01-12,2026-01,0,0.115075989830535,0.216242493578873,0.154646512098024,0.225140268075901
2026-01-13,2025-10,-3,,,0.17931390155968,0.227499544927549
2026-01-13,2025-11,-2,,,0.0665944970398888,0.0516121511633146
2026-01-13,2025-12,-1,,,0.265582659644873,0.222548379578964
2026-01-13,2026-01,0,0.115285952489295,0.218198776570535,0.154571984008574,0.225157435973873
2026-01-14,2025-10,-3,,,0.17931390155968,0.227499544927549
2026-01-14,2025-11,-2,,,0.0665944970398888,0.0516121511633146
2026-01-14,2025-12,-1,,,0.265582659644873,0.222548379578964
2026-01-14,2026-01,0,0.115285952489295,0.218198776570535,0.154571984008574,0.225157435973873
2026-01-15,2025-10,-3,,,0.17931390155968,0.227499544927549
2026-01-15,2025-11,-2,,,0.0665944970398888,0.0516121511633146
2026-01-15,2025-12,-1,,,0.265582659644873,0.222548379578964
2026-01-15,2026-01,0,0.115285952489295,0.218198776570535,0.154571984008574,0.225157435973873
2026-01-16,2025-10,-3,,,0.17931390155968,0.227499544927549
2026-01-16,2025-11,-2,,,0.0665944970398888,0.0516121511633146
2026-01-16,2025-12,-1,,,0.265582659644873,0.222548379578964
2026-01-16,2026-01,0,0.115285952489295,0.218198776570535,0.154571984008574,0.225157435973873
2026-01-20,2025-10,-3,,,0.17931390155968,0.227499544927549
2026-01-20,2025-11,-2,,,0.0665944970398888,0.0516121511633146
2026-01-20,2025-12,-1,,,0.265582659644873,0.222548379578964
2026-01-20,2026-01,0,0.115285952489295,0.218198776570535,0.154571984008574,0.225157435973873
2026-01-21,2025-10,-3,,,0.17931390155968,0.227499544927549
2026-01-21,2025-11,-2,,,0.0665944970398888,0.0516121511633146
2026-01-21,2025-12,-1,,,0.265582659644873,0.222548379578964
2026-01-21,2026-01,0,0.115285952489295,0.218198776570535,0.154571984008574,0.225157435973873
2026-01-22,2025-12,-1,,,0.269456957,0.235956676
2026-01-22,2026-01,0,0.120796723,0.218198777,0.167252571,0.233641914
2026-01-23,2025-12,-1,,,0.269456956727726,0.235956676210848
2026-01-23,2026-01,0,0.120796723277902,0.218198776570535,0.167252571032607,0.233641914358104
2026-01-26,2025-12,-1,,,0.269456956727726,0.235956676210848
2026-01-26,2026-01,0,0.120796723277902,0.218198776570535,0.167252571032607,0.233641914358104
2026-01-27,2025-12,-1,,,0.269456956727726,0.235956676210848
2026-01-27,2026-01,0,0.120796723277902,0.218198776570535,0.167252571032607,0.233641914358104
2026-01-28,2025-12,-1,,,0.269456956727726,0.235956676210848
2026-01-28,2026-01,0,0.134978853983875,0.218198776570535,0.175793507767594,0.233641914358104
2026-01-29,2025-12,-1,,,0.269456956727726,0.235956676210848
2026-01-29,2026-01,0,0.134978853983875,0.218198776570535,0.175793507767594,0.233641914358104
2026-01-30,2025-12,-1,,,0.269456956727726,0.235956676210848
2026-01-30,2026-01,0,0.134978853983875,0.218198776570535,0.175793507767594,0.233641914358104
2026-02-02,2025-12,-2,,,0.269456956727726,0.235956676210848
2026-02-02,2026-01,-1,0.134978853983875,0.218198776570535,0.175793507767594,0.233641914358104
2026-02-02,2026-02,0,0.357529611924919,0.199186991619631,0.312447983072446,0.22687666104588
2026-02-03,2025-12,-2,,,0.269456956727726,0.235956676210848
2026-02-03,2026-01,-1,0.134978853983875,0.218198776570535,0.175793507767594,0.233641914358104
2026-02-03,2026-02,0,0.218141627660188,0.199186991619631,0.228504041227305,0.22687666104588
2026-02-04,2025-12,-2,,,0.269456956727726,0.235956676210848
2026-02-04,2026-01,-1,0.134978853983875,0.218198776570535,0.175793507767594,0.233641914358104
2026-02-04,2026-02,0,0.201565894296228,0.199186991619631,0.218521599735776,0.22687666104588
2026-02-05,2025-12,-2,,,0.269456956727726,0.235956676210848
2026-02-05,2026-01,-1,0.134978853983875,0.218198776570535,0.175793507767594,0.233641914358104
2026-02-05,2026-02,0,0.201565894296228,0.199186991619631,0.218521599735776,0.22687666104588
2026-02-06,2025-12,-2,,,0.269456956727726,0.235956676210848
2026-02-06,2026-01,-1,0.134978853983875,0.218198776570535,0.175793507767594,0.233641914358104
2026-02-06,2026-02,0,0.201565894296228,0.199186991619631,0.218521599735776,0.22687666104588
2026-02-09,2025-12,-2,,,0.269456956727726,0.235956676210848
2026-02-09,2026-01,-1,0.134978853983875,0.218198776570535,0.175793507767594,0.233641914358104
2026-02-09,2026-02,0,0.201565894296228,0.199186991619631,0.218521599735776,0.22687666104588
2026-02-10,2025-12,-2,,,0.269456956727726,0.235956676210848
2026-02-10,2026-01,-1,0.134978853983875,0.218198776570535,0.175793507767594,0.233641914358104
2026-02-10,2026-02,0,0.201565894296228,0.199186991619631,0.218521599735776,0.22687666104588
2026-02-11,2025-12,-2,,,0.269456956727726,0.235956676210848
2026-02-11,2026-01,-1,0.134978853983875,0.218198776570535,0.175793507767594,0.233641914358104
2026-02-11,2026-02,0,0.220594120905871,0.199186991619631,0.229981011796018,0.22687666104588
2026-02-12,2025-12,-2,,,0.269456956727726,0.235956676210848
2026-02-12,2026-01,-1,0.134978853983875,0.218198776570535,0.175793507767594,0.233641914358104
2026-02-12,2026-02,0,0.220594120905871,0.199186991619631,0.229981011796018,0.22687666104588
2026-02-13,2025-12,-2,,,0.26378274508451,0.233256262280197
2026-02-13,2026-01,-1,,,0.190695399671618,0.261743914093697
2026-02-13,2026-02,0,0.222389338481627,0.207033634112613,0.229006423864164,0.228993459862958
2026-02-17,2025-12,-2,,,0.26378274508451,0.233256262280197
2026-02-17,2026-01,-1,,,0.190695399671618,0.261743914093697
2026-02-17,2026-02,0,0.222389338481627,0.207033634112613,0.229006423864164,0.228993459862958
2026-02-18,2025-12,-2,,,0.26378274508451,0.233256262280197
2026-02-18,2026-01,-1,,,0.190695399671618,0.261743914093697
2026-02-18,2026-02,0,0.222389338481627,0.207033634112613,0.229006423864164,0.228993459862958
2026-02-19,2025-12,-2,,,0.26378274508451,0.233256262280197
2026-02-19,2026-01,-1,,,0.190695399671618,0.261743914093697
2026-02-19,2026-02,0,0.237275595604028,0.207033634112613,0.237929314604155,0.228993459862958
2026-02-20,2026-01,-1,,,0.198517922663262,0.270732531615342
2026-02-20,2026-02,0,0.237275595604028,0.207033634112613,0.249539770690116,0.24273805328582
2026-02-23,2026-01,-1,,,0.198517922663262,0.270732531615342
2026-02-23,2026-02,0,0.237275595604028,0.207033634112613,0.249539770690116,0.24273805328582
2026-02-24,2026-01,-1,,,0.198517922663262,0.270732531615342
2026-02-24,2026-02,0,0.237275595604028,0.207033634112613,0.249539770690116,0.24273805328582
2026-02-25,2026-01,-1,,,0.198517922663262,0.270732531615342
2026-02-25,2026-02,0,0.248613384458881,0.207033634112613,0.256286537569794,0.24273805328582
2026-02-26,2026-01,-1,,,0.198517922663262,0.270732531615342
2026-02-26,2026-02,0,0.248613384458881,0.207033634112613,0.256286537569794,0.24273805328582
2026-02-27,2026-01,-1,,,0.198517922663262,0.270732531615342
2026-02-27,2026-02,0,0.248613384458881,0.207033634112613,0.256286537569794,0.24273805328582
2026-03-02,2026-01,-2,,,0.198517922663262,0.270732531615342
2026-03-02,2026-02,-1,0.248613384458881,0.207033634112613,0.256286537569794,0.24273805328582
2026-03-02,2026-03,0,0.252305548530631,0.203057663162162,0.244842050479624,0.225642908156126
2026-03-03,2026-01,-2,,,0.198517922663262,0.270732531615342
2026-03-03,2026-02,-1,0.248613384458881,0.207033634112613,0.256286537569794,0.24273805328582
2026-03-03,2026-03,0,0.416846853421397,0.203057663162162,0.34275548319457,0.225642908156126
2026-03-04,2026-01,-2,,,0.198517922663262,0.270732531615342
2026-03-04,2026-02,-1,0.248613384458881,0.207033634112613,0.256286537569794,0.24273805328582
2026-03-04,2026-03,0,0.224028098170431,0.203057663162162,0.228015015863412,0.225642908156126
2026-03-05,2026-01,-2,,,0.198517922663262,0.270732531615342
2026-03-05,2026-02,-1,0.248613384458881,0.207033634112613,0.256286537569794,0.24273805328582
2026-03-05,2026-03,0,0.224028098170431,0.203057663162162,0.228015015863412,0.225642908156126
2026-03-06,2026-01,-2,,,0.198517922663262,0.270732531615342
2026-03-06,2026-02,-1,0.248613384458881,0.207033634112613,0.256286537569794,0.24273805328582
2026-03-06,2026-03,0,0.224028098170431,0.203057663162162,0.228015015863412,0.225642908156126
2026-03-09,2026-01,-2,,,0.198517922663262,0.270732531615342
2026-03-09,2026-02,-1,0.248613384458881,0.207033634112613,0.256286537569794,0.24273805328582
2026-03-09,2026-03,0,0.224028098170431,0.203057663162162,0.228015015863412,0.225642908156126
2026-03-10,2026-01,-2,,,0.198517922663262,0.270732531615342
2026-03-10,2026-02,-1,0.248613384458881,0.207033634112613,0.256286537569794,0.24273805328582
2026-03-10,2026-03,0,0.224028098170431,0.203057663162162,0.228015015863412,0.225642908156126
2026-03-11,2026-01,-2,,,0.198517922663262,0.270732531615342
2026-03-11,2026-02,-1,,,0.254857143097494,0.234730296699194
2026-03-11,2026-03,0,0.465993858872971,0.203809045102978,0.370297979936434,0.22497559510724
2026-03-12,2026-01,-2,,,0.198517922663262,0.270732531615342
2026-03-12,2026-02,-1,,,0.254857143097494,0.234730296699194
2026-03-12,2026-03,0,0.465993858872971,0.203809045102978,0.370297979936434,0.22497559510724
2026-03-13,2026-02,-1,,,0.247886112195233,0.231658387470621
2026-03-13,2026-03,0,0.465993858872971,0.203809045102978,0.379273336949539,0.233166699002895
2026-03-16,2026-02,-1,,,0.247886112195233,0.231658387470621
2026-03-16,2026-03,0,0.465993858872971,0.203809045102978,0.379273336949539,0.233166699002895
2026-03-17,2026-02,-1,,,0.247886112195233,0.231658387470621
2026-03-17,2026-03,0,0.465993858872971,0.203809045102978,0.379273336949539,0.233166699002895
2026-03-18,2026-02,-1,,,0.247886112195233,0.231658387470621
2026-03-18,2026-03,0,0.6193491085015,0.203809045102978,0.471399053090759,0.233166699002895
2026-03-19,2026-02,-1,,,0.247886112195233,0.231658387470621
2026-03-19,2026-03,0,0.6193491085015,0.203809045102978,0.471399053090759,0.233166699002895
2026-03-20,2026-02,-1,,,0.247886112195233,0.231658387470621
2026-03-20,2026-03,0,0.6193491085015,0.203809045102978,0.471399053090759,0.233166699002895
2026-03-23,2026-02,-1,,,0.247886112195233,0.231658387470621
2026-03-23,2026-03,0,0.6193491085015,0.203809045102978,0.471399053090759,0.233166699002895
2026-03-24,2026-02,-1,,,0.247886112195233,0.231658387470621
2026-03-24,2026-03,0,0.756078465370949,0.203809045102978,0.553537029779775,0.233166699002895
2026-03-25,2026-02,-1,,,0.247886112195233,0.231658387470621
2026-03-25,2026-03,0,0.756078465370949,0.203809045102978,0.553537029779775,0.233166699002895
2026-03-26,2026-02,-1,,,0.247886112195233,0.231658387470621
2026-03-26,2026-03,0,0.756078465370949,0.203809045102978,0.553537029779775,0.233166699002895
2026-03-27,2026-02,-1,,,0.247886112195233,0.231658387470621
2026-03-27,2026-03,0,0.756078465370949,0.203809045102978,0.553537029779775,0.233166699002895
2026-03-30,2026-02,-1,,,0.247886112195233,0.231658387470621
2026-03-30,2026-03,0,0.756078465370949,0.203809045102978,0.553537029779775,0.233166699002895
2026-03-31,2026-02,-1,,,0.247886112195233,0.231658387470621
2026-03-31,2026-03,0,0.844071623167513,0.203809045102978,0.606397513507407,0.233166699002895
2026-04-01,2026-02,-2,,,0.247886112195233,0.231658387470621
2026-04-01,2026-03,-1,0.844071623167513,0.203809045102978,0.606397513507407,0.233166699002895
2026-04-01,2026-04,0,0.588921560675456,0.21503214407021,0.458339276020486,0.244473347654937
2026-04-02,2026-02,-2,,,0.247886112195233,0.231658387470621
2026-04-02,2026-03,-1,0.844071623167513,0.203809045102978,0.606397513507407,0.233166699002895
2026-04-02,2026-04,0,0.173019539847714,0.21503214407021,0.2084927816478,0.244473347654937
2026-04-03,2026-02,-2,,,0.247886112195233,0.231658387470621
2026-04-03,2026-03,-1,0.844071623167513,0.203809045102978,0.606397513507407,0.233166699002895
2026-04-03,2026-04,0,0.268224569048247,0.21503214407021,0.265685681901233,0.244473347654937
2026-04-06,2026-02,-2,,,0.247886112195233,0.231658387470621
2026-04-06,2026-03,-1,0.844071623167513,0.203809045102978,0.606397513507407,0.233166699002895
2026-04-06,2026-04,0,0.268224569048247,0.21503214407021,0.265685681901233,0.244473347654937
2026-04-07,2026-02,-2,,,0.247886112195233,0.231658387470621
2026-04-07,2026-03,-1,0.844071623167513,0.203809045102978,0.606397513507407,0.233166699002895
2026-04-07,2026-04,0,0.44917226265805,0.21503214407021,0.374387117934786,0.244473347654937
2026-04-08,2026-02,-2,,,0.247886112195233,0.231658387470621
2026-04-08,2026-03,-1,0.844071623167513,0.203809045102978,0.606397513507407,0.233166699002895
2026-04-08,2026-04,0,0.44917226265805,0.21503214407021,0.374387117934786,0.244473347654937
2026-04-09,2026-03,-1,0.844071623167513,0.203809045102978,0.618810330881366,0.244043679014988
2026-04-09,2026-04,0,0.44917226265805,0.21503214407021,0.38596060723986,0.256256742668038
2026-04-10,2026-03,-1,,,0.583417802058228,0.230240663398332
2026-04-10,2026-04,0,0.463834691382431,0.21436431146589,0.385795923964907,0.25510649136665
2026-04-13,2026-03,-1,,,0.583417802058228,0.230240663398332
2026-04-13,2026-04,0,0.463834691382431,0.21436431146589,0.385795923964907,0.25510649136665
2026-04-14,2026-03,-1,,,0.583417802058228,0.230240663398332
2026-04-14,2026-04,0,0.463834691382431,0.21436431146589,0.385795923964907,0.25510649136665
2026-04-15,2026-03,-1,,,0.583417802058228,0.230240663398332
2026-04-15,2026-04,0,0.463834691382431,0.21436431146589,0.385795923964907,0.25510649136665
2026-04-16,2026-03,-1,,,0.583417802058228,0.230240663398332
2026-04-16,2026-04,0,0.463834691382431,0.21436431146589,0.385795923964907,0.25510649136665
2026-04-17,2026-03,-1,,,0.583417802058228,0.230240663398332
2026-04-17,2026-04,0,0.463834691382431,0.21436431146589,0.385795923964907,0.25510649136665
2026-04-20,2026-03,-1,,,0.583417802058228,0.230240663398332
2026-04-20,2026-04,0,0.463834691382431,0.21436431146589,0.385795923964907,0.25510649136665
2026-04-21,2026-03,-1,,,0.583417802058228,0.230240663398332
2026-04-21,2026-04,0,0.463834691382431,0.21436431146589,0.385795923964907,0.25510649136665
2026-04-22,2026-03,-1,,,0.583417802058228,0.230240663398332
2026-04-22,2026-04,0,0.442030593694038,0.21436431146589,0.373591983133366,0.25510649136665
2026-04-23,2026-03,-1,,,0.583417802058228,0.230240663398332
2026-04-23,2026-04,0,0.442030593694038,0.21436431146589,0.373591983133366,0.25510649136665
2026-04-24,2026-03,-1,,,0.583417802058228,0.230240663398332
2026-04-24,2026-04,0,0.442030593694038,0.21436431146589,0.373591983133366,0.25510649136665
2026-04-27,2026-03,-1,,,0.583417802058228,0.230240663398332
2026-04-27,2026-04,0,0.442030593694038,0.21436431146589,0.373591983133366,0.25510649136665
2026-04-28,2026-03,-1,,,0.583417802058228,0.230240663398332
2026-04-28,2026-04,0,0.442030593694038,0.21436431146589,0.373591983133366,0.25510649136665
2026-04-29,2026-03,-1,,,0.583417802058228,0.230240663398332
2026-04-29,2026-04,0,0.448127134166122,0.21436431146589,0.377004269221133,0.25510649136665
2026-04-30,2026-04,0,0.448127134166122,0.21436431146589,0.390271150943775,0.26308390559774
2026-05-01,2026-04,-1,0.448127134166122,0.21436431146589,0.390271150943775,0.26308390559774
2026-05-01,2026-05,0,0.40651712767186,0.212347135777691,0.372594621891706,0.269374290404135
2026-05-04,2026-04,-1,0.448127134166122,0.21436431146589,0.390271150943775,0.26308390559774
2026-05-04,2026-05,0,0.271353110343501,0.212347135777691,0.293851478622901,0.269374290404135
2026-05-05,2026-04,-1,0.448127134166122,0.21436431146589,0.390271150943775,0.26308390559774
2026-05-05,2026-05,0,0.271353110343501,0.212347135777691,0.293851478622901,0.269374290404135
2026-05-06,2026-04,-1,0.448127134166122,0.21436431146589,0.390271150943775,0.26308390559774
2026-05-06,2026-05,0,0.418054848749231,0.212347135777691,0.379316206835307,0.269374290404135
2026-05-07,2026-04,-1,0.448127134166122,0.21436431146589,0.390271150943775,0.26308390559774
2026-05-07,2026-05,0,0.418054848749231,0.212347135777691,0.379316206835307,0.269374290404135
2026-05-08,2026-04,-1,0.448127134166122,0.21436431146589,0.390271150943775,0.26308390559774
2026-05-08,2026-05,0,0.418054848749231,0.212347135777691,0.379316206835307,0.269374290404135
2026-05-11,2026-04,-1,0.448127134166122,0.21436431146589,0.390271150943775,0.26308390559774
2026-05-11,2026-05,0,0.418054848749231,0.212347135777691,0.379316206835307,0.269374290404135
2026-05-12,2026-04,-1,,,0.491295393007518,0.29471945306219
2026-05-12,2026-05,0,0.437505003147507,0.225855170695322,0.389807295009983,0.272010586026173
2026-05-13,2026-04,-1,,,0.491295393007518,0.29471945306219
2026-05-13,2026-05,0,0.455731230285348,0.225855170695322,0.400624096489585,0.272010586026173
2026-05-14,2026-04,-1,,,0.491295393007518,0.29471945306219
2026-05-14,2026-05,0,0.455731230285348,0.225855170695322,0.400624096489585,0.272010586026173
2026-05-15,2026-04,-1,,,0.491295393007518,0.29471945306219
2026-05-15,2026-05,0,0.455731230285348,0.225855170695322,0.400624096489585,0.272010586026173
2026-05-18,2026-04,-1,,,0.491295393007518,0.29471945306219
2026-05-18,2026-05,0,0.455731230285348,0.225855170695322,0.400624096489585,0.272010586026173
2026-05-19,2026-04,-1,,,0.491295393007518,0.29471945306219
2026-05-19,2026-05,0,0.455731230285348,0.225855170695322,0.400624096489585,0.272010586026173
2026-05-20,2026-04,-1,,,0.491295393007518,0.29471945306219
2026-05-20,2026-05,0,0.459996943019736,0.225855170695322,0.403155688325236,0.272010586026173
2026-05-21,2026-04,-1,,,0.491295393007518,0.29471945306219
2026-05-21,2026-05,0,0.459996943019736,0.225855170695322,0.403155688325236,0.272010586026173
2026-05-22,2026-04,-1,,,0.491295393007518,0.29471945306219
2026-05-22,2026-05,0,0.459996943019736,0.225855170695322,0.403155688325236,0.272010586026173
2026-05-26,2026-04,-1,,,0.491295393007518,0.29471945306219
2026-05-26,2026-05,0,0.459996943019736,0.225855170695322,0.403155688325236,0.272010586026173
2026-05-27,2026-04,-1,,,0.491295393007518,0.29471945306219
2026-05-27,2026-05,0,0.459996943019736,0.225855170695322,0.403155688325236,0.272010586026173
2026-05-28,2026-05,0,0.459027462852829,0.225855170695322,0.39545488967686,0.270079459029302
2026-05-29,2026-05,0,0.459027462852829,0.225855170695322,0.39545488967686,0.270079459029302
2026-06-01,2026-05,-1,0.459027462852829,0.225855170695322,0.39545488967686,0.270079459029302
2026-06-01,2026-06,0,-0.0913776485187638,0.233802441530095,0.0750665385708775,0.273462879391191
2026-06-02,2026-05,-1,0.459027462852829,0.225855170695322,0.39545488967686,0.270079459029302
2026-06-02,2026-06,0,-0.0266577857378098,0.233802441530095,0.112748523260221,0.273462879391191
2026-06-03,2026-05,-1,0.459027462852829,0.225855170695322,0.39545488967686,0.270079459029302
2026-06-03,2026-06,0,0.124282392872209,0.233802441530095,0.200630747588164,0.273462879391191
2026-06-04,2026-05,-1,0.459027462852829,0.225855170695322,0.39545488967686,0.270079459029302
2026-06-04,2026-06,0,0.124282392872209,0.233802441530095,0.200630747588164,0.273462879391191
2026-06-05,2026-05,-1,0.459027462852829,0.225855170695322,0.39545488967686,0.270079459029302
2026-06-05,2026-06,0,0.124282392872209,0.233802441530095,0.200630747588164,0.273462879391191
2026-06-08,2026-05,-1,0.459027462852829,0.225855170695322,0.39545488967686,0.270079459029302
2026-06-08,2026-06,0,0.124282392872209,0.233802441530095,0.200630747588164,0.273462879391191
2026-06-09,2026-05,-1,0.459027462852829,0.225855170695322,0.39545488967686,0.270079459029302
2026-06-09,2026-06,0,0.124282392872209,0.233802441530095,0.200630747588164,0.273462879391191
2026-06-10,2026-05,-1,,,0.376293571647688,0.236651206096291
2026-06-10,2026-06,0,0.065570491171573,0.232322464774341,0.164567345869159,0.270677191646774
2026-06-11,2026-05,-1,,,0.376293571647688,0.236651206096291
2026-06-11,2026-06,0,0.065570491171573,0.232322464774341,0.164567345869159,0.270677191646774
2026-06-12,2026-05,-1,,,0.376293571647688,0.236651206096291
2026-06-12,2026-06,0,0.065570491171573,0.232322464774341,0.164567345869159,0.270677191646774
2026-06-15,2026-05,-1,,,0.376293571647688,0.236651206096291
2026-06-15,2026-06,0,0.065570491171573,0.232322464774341,0.164567345869159,0.270677191646774
2026-06-16,2026-05,-1,,,0.376293571647688,0.236651206096291
2026-06-16,2026-06,0,0.065570491171573,0.232322464774341,0.164567345869159,0.270677191646774
2026-06-17,2026-05,-1,,,0.376293571647688,0.236651206096291
2026-06-17,2026-06,0,0.0240511829093575,0.232322464774341,0.140453070279745,0.270677191646774
2026-06-18,2026-05,-1,,,0.376293571647688,0.236651206096291
2026-06-18,2026-06,0,0.0240511829093575,0.232322464774341,0.140453070279745,0.270677191646774
2026-06-22,2026-05,-1,,,0.376293571647688,0.236651206096291
2026-06-22,2026-06,0,0.0240511829093575,0.232322464774341,0.140453070279745,0.270677191646774
2026-06-23,2026-05,-1,,,0.376293571647688,0.236651206096291
2026-06-23,2026-06,0,0.0240511829093575,0.232322464774341,0.140453070279745,0.270677191646774
2026-06-24,2026-05,-1,,,0.376293571647688,0.236651206096291
2026-06-24,2026-06,0,-0.0217280543797617,0.232322464774341,0.113864642137082,0.270677191646774
2026-06-25,2026-06,0,-0.0217280543797617,0.232322464774341,0.122583289731009,0.280013867193481
2026-06-26,2026-06,0,-0.0217280543797617,0.232322464774341,0.122583289731009,0.280013867193481
2026-06-29,2026-06,0,-0.0217280543797617,0.232322464774341,0.122583289731009,0.280013867193481
2026-06-30,2026-06,0,-0.0612913952296244,0.232322464774341,0.0996052662949932,0.280013867193481
2026-07-01,2026-06,-1,-0.0612913952296244,0.232322464774341,0.0996052662949932,0.280013867193481
2026-07-01,2026-07,0,-0.187496025052838,0.232180876007138,0.0277879752539863,0.281420274932748
2026-07-02,2026-06,-1,-0.0612913952296244,0.232322464774341,0.0996052662949932,0.280013867193481
2026-07-02,2026-07,0,-0.220675714775771,0.232180876007138,0.0085175175101238,0.281420274932748
2026-07-03,2026-06,-1,-0.0612913952296244,0.232322464774341,0.0996052662949932,0.280013867193481
2026-07-03,2026-07,0,-0.217849296762336,0.232180876007138,0.0101590750216382,0.281420274932748
2026-07-06,2026-06,-1,-0.0612913952296244,0.232322464774341,0.0996052662949932,0.280013867193481
2026-07-06,2026-07,0,-0.214285552310614,0.232180876007138,0.0122288649274603,0.281420274932748
2026-07-07,2026-06,-1,-0.0612913952296244,0.232322464774341,0.0996052662949932,0.280013867193481
2026-07-07,2026-07,0,-0.213302450392897,0.232180876007138,0.0127998414532044,0.281420274932748
2026-07-08,2026-06,-1,-0.0612913952296244,0.232322464774341,0.0996052662949932,0.280013867193481
2026-07-08,2026-07,0,-0.0041598869006811,0.232180876007138,0.134267913212602,0.281420274932748
2026-07-09,2026-06,-1,-0.0612913952296244,0.232322464774341,0.0996052662949932,0.280013867193481
2026-07-09,2026-07,0,-0.0041598869006811,0.232180876007138,0.134267913212602,0.281420274932748
2026-07-10,2026-06,-1,-0.0612913952296244,0.232322464774341,0.0996052662949932,0.280013867193481
2026-07-10,2026-07,0,-0.0041598869006811,0.232180876007138,0.134267913212602,0.281420274932748
2026-07-13,2026-06,-1,-0.0612913952296244,0.232322464774341,0.0996052662949932,0.280013867193481
2026-07-13,2026-07,0,-0.0041598869006811,0.232180876007138,0.134267913212602,0.281420274932748
2026-07-14,2026-06,-1,,,-0.123176603475239,0.187030847713643
2026-07-14,2026-07,0,-0.0414983788102338,0.211432281705678,0.107141925970308,0.273671689976095
2026-07-15,2026-06,-1,,,-0.123176603475239,0.187030847713643
2026-07-15,2026-07,0,-0.0097565550190707,0.211432281705678,0.126324591400356,0.273671689976095
2026-07-16,2026-06,-1,,,-0.123176603475239,0.187030847713643
2026-07-16,2026-07,0,-0.0097565550190707,0.211432281705678,0.126324591400356,0.273671689976095
2026-07-17,2026-06,-1,,,-0.123176603475239,0.187030847713643
2026-07-17,2026-07,0,-0.0097565550190707,0.211432281705678,0.126324591400356,0.273671689976095
